sku,date,qty,unit_price
20724,2010-12-01,4.0,1.66
20724,2010-12-02,21.0,0.85
20724,2010-12-03,39.0,1.66
20724,2010-12-05,7.0,0.85
20724,2010-12-06,12.0,1.66
20724,2010-12-07,80.0,2.51
20724,2010-12-08,47.0,0.85
20724,2010-12-09,16.0,0.85
20724,2010-12-10,118.0,1.66
20724,2010-12-12,11.0,0.85
20724,2010-12-13,28.0,1.66
20724,2010-12-14,105.0,0.85
20724,2010-12-15,21.0,0.85
20724,2010-12-16,30.0,0.85
20724,2010-12-17,6.0,1.66
20724,2010-12-20,22.0,1.66
20724,2010-12-21,135.0,2.51
20724,2010-12-22,10.0,0.85
20724,2010-12-23,4.0,2.51
20724,2011-01-04,20.0,0.85
20724,2011-01-05,1.0,1.66
20724,2011-01-06,46.0,2.51
20724,2011-01-07,111.0,0.85
20724,2011-01-09,40.0,0.85
20724,2011-01-10,25.0,1.66
20724,2011-01-11,60.0,2.46
20724,2011-01-12,6.0,1.66
20724,2011-01-13,32.0,1.63
20724,2011-01-14,32.0,1.63
20724,2011-01-16,10.0,0.85
20724,2011-01-17,13.0,1.63
20724,2011-01-18,38.0,2.46
20724,2011-01-19,1.0,1.63
20724,2011-01-20,2.0,1.63
20724,2011-01-21,42.0,1.63
20724,2011-01-24,23.0,0.85
20724,2011-01-25,47.0,2.46
20724,2011-01-26,10.0,0.85
20724,2011-01-27,10.0,0.85
20724,2011-01-28,42.0,1.63
20724,2011-01-31,24.0,2.46
20724,2011-02-01,40.0,0.85
20724,2011-02-02,1.0,1.63
20724,2011-02-03,60.0,0.85
20724,2011-02-04,36.0,2.46
20724,2011-02-06,120.0,0.85
20724,2011-02-07,1.0,1.63
20724,2011-02-08,71.0,1.63
20724,2011-02-09,7.0,1.63
20724,2011-02-11,28.0,2.46
20724,2011-02-13,10.0,0.85
20724,2011-02-14,6.0,0.85
20724,2011-02-15,2.0,1.63
20724,2011-02-16,21.0,0.85
20724,2011-02-17,17.0,1.63
20724,2011-02-18,11.0,1.63
20724,2011-02-20,100.0,0.72
20724,2011-02-22,10.0,0.85
20724,2011-02-23,42.0,1.63
20724,2011-02-24,31.0,0.85
20724,2011-02-25,33.0,0.85
20724,2011-02-27,100.0,0.72
20724,2011-02-28,39.0,0.85
20724,2011-03-01,100.0,0.72
20724,2011-03-02,20.0,0.85
20724,2011-03-03,15.0,0.85
20724,2011-03-04,22.0,0.85
20724,2011-03-06,17.0,0.85
20724,2011-03-07,81.0,1.63
20724,2011-03-08,19.0,0.85
20724,2011-03-09,26.0,0.85
20724,2011-03-10,113.0,0.85
20724,2011-03-11,55.0,1.63
20724,2011-03-13,2.0,0.85
20724,2011-03-14,5.0,0.85
20724,2011-03-15,55.0,0.85
20724,2011-03-17,66.0,0.85
20724,2011-03-18,36.0,2.46
20724,2011-03-21,36.0,0.85
20724,2011-03-22,148.0,1.63
20724,2011-03-23,20.0,0.85
20724,2011-03-25,40.0,0.85
20724,2011-03-28,6.0,1.63
20724,2011-03-29,278.0,1.63
20724,2011-03-30,20.0,0.85
20724,2011-03-31,58.0,0.85
20724,2011-04-01,10.0,0.85
20724,2011-04-04,33.0,0.85
20724,2011-04-05,3.0,0.85
20724,2011-04-06,62.0,2.46
20724,2011-04-07,26.0,0.85
20724,2011-04-08,21.0,1.63
20724,2011-04-10,13.0,0.85
20724,2011-04-11,48.0,0.85
20724,2011-04-12,10.0,0.85
20724,2011-04-14,108.0,0.85
20724,2011-04-15,83.0,0.85
20724,2011-04-17,2.0,0.85
20724,2011-04-18,41.0,0.85
20724,2011-04-19,30.0,0.85
20724,2011-04-20,42.0,2.46
20724,2011-04-21,61.0,0.85
20724,2011-04-26,36.0,1.63
20724,2011-04-27,67.0,0.85
20724,2011-04-28,12.0,0.85
20724,2011-05-03,68.0,1.63
20724,2011-05-04,12.0,0.85
20724,2011-05-05,21.0,0.85
20724,2011-05-06,15.0,1.63
20724,2011-05-08,5.0,0.85
20724,2011-05-09,112.0,1.63
20724,2011-05-10,95.0,0.85
20724,2011-05-11,1.0,1.63
20724,2011-05-12,20.0,0.85
20724,2011-05-13,32.0,2.46
20724,2011-05-16,52.0,1.63
20724,2011-05-17,44.0,0.85
20724,2011-05-18,20.0,0.85
20724,2011-05-19,12.0,0.85
20724,2011-05-20,31.0,0.85
20724,2011-05-22,33.0,0.85
20724,2011-05-23,14.0,0.85
20724,2011-05-24,10.0,0.85
20724,2011-05-25,16.0,0.85
20724,2011-05-26,16.0,0.85
20724,2011-05-27,73.0,2.46
20724,2011-05-29,17.0,0.85
20724,2011-05-31,41.0,0.85
20724,2011-06-01,4.0,1.63
20724,2011-06-03,22.0,0.85
20724,2011-06-05,37.0,0.85
20724,2011-06-07,142.0,0.85
20724,2011-06-08,84.0,1.63
20724,2011-06-09,11.0,1.63
20724,2011-06-10,51.0,0.85
20724,2011-06-12,106.0,0.85
20724,2011-06-14,37.0,0.85
20724,2011-06-15,20.0,0.85
20724,2011-06-16,22.0,1.63
20724,2011-06-17,38.0,0.85
20724,2011-06-19,2.0,0.85
20724,2011-06-20,8.0,1.63
20724,2011-06-21,44.0,0.85
20724,2011-06-22,20.0,0.85
20724,2011-06-23,18.0,0.85
20724,2011-06-24,212.0,0.85
20724,2011-06-26,6.0,0.85
20724,2011-06-27,9.0,0.85
20724,2011-06-28,83.0,0.85
20724,2011-06-29,112.0,0.85
20724,2011-06-30,14.0,0.85
20724,2011-07-01,30.0,0.85
20724,2011-07-03,20.0,0.85
20724,2011-07-04,16.0,1.63
20724,2011-07-05,105.0,0.85
20724,2011-07-06,13.0,1.63
20724,2011-07-07,26.0,0.85
20724,2011-07-08,54.0,2.46
20724,2011-07-10,1.0,0.85
20724,2011-07-11,11.0,1.63
20724,2011-07-12,31.0,1.63
20724,2011-07-13,25.0,0.85
20724,2011-07-14,26.0,0.85
20724,2011-07-15,1.0,1.63
20724,2011-07-17,2.0,0.85
20724,2011-07-18,6.0,1.63
20724,2011-07-19,27.0,0.85
20724,2011-07-20,116.0,0.85
20724,2011-07-22,49.0,1.63
20724,2011-07-24,111.0,0.85
20724,2011-07-25,122.0,1.63
20724,2011-07-26,51.0,0.85
20724,2011-07-27,52.0,0.85
20724,2011-07-28,17.0,0.85
20724,2011-07-29,30.0,0.85
20724,2011-07-31,14.0,0.85
20724,2011-08-01,10.0,0.85
20724,2011-08-02,129.0,0.85
20724,2011-08-03,2.0,1.63
20724,2011-08-04,278.0,0.85
20724,2011-08-05,40.0,0.85
20724,2011-08-07,26.0,0.85
20724,2011-08-08,40.0,0.85
20724,2011-08-09,31.0,0.85
20724,2011-08-10,134.0,0.85
20724,2011-08-11,10.0,0.85
20724,2011-08-14,10.0,0.85
20724,2011-08-16,58.0,2.46
20724,2011-08-17,3.0,0.85
20724,2011-08-18,100.0,0.85
20724,2011-08-19,40.0,0.85
20724,2011-08-22,40.0,0.85
20724,2011-08-23,16.0,0.85
20724,2011-08-24,224.0,0.85
20724,2011-08-25,25.0,0.85
20724,2011-08-26,47.0,0.85
20724,2011-08-30,27.0,1.63
20724,2011-08-31,2.0,1.63
20724,2011-09-01,6.0,0.85
20724,2011-09-02,50.0,1.63
20724,2011-09-04,15.0,0.85
20724,2011-09-05,51.0,0.85
20724,2011-09-06,47.0,2.46
20724,2011-09-07,110.0,1.63
20724,2011-09-08,42.0,0.85
20724,2011-09-09,94.0,0.85
20724,2011-09-11,206.0,0.85
20724,2011-09-12,40.0,0.85
20724,2011-09-13,66.0,0.85
20724,2011-09-14,106.0,0.85
20724,2011-09-15,65.0,0.85
20724,2011-09-16,48.0,2.46
20724,2011-09-18,30.0,0.85
20724,2011-09-19,25.0,0.85
20724,2011-09-20,55.0,0.85
20724,2011-09-21,117.0,1.63
20724,2011-09-22,40.0,0.85
20724,2011-09-23,57.0,1.63
20724,2011-09-25,20.0,0.85
20724,2011-09-26,30.0,0.85
20724,2011-09-27,63.0,1.63
20724,2011-09-28,48.0,0.85
20724,2011-09-29,46.0,0.85
20724,2011-09-30,2.0,1.63
20724,2011-10-02,27.0,0.85
20724,2011-10-03,34.0,0.85
20724,2011-10-04,98.0,0.85
20724,2011-10-05,13.0,0.85
20724,2011-10-06,40.0,0.85
20724,2011-10-07,64.0,0.85
20724,2011-10-10,28.0,0.85
20724,2011-10-11,73.0,1.63
20724,2011-10-12,15.0,0.85
20724,2011-10-13,62.0,0.85
20724,2011-10-14,48.0,2.46
20724,2011-10-16,3.0,0.85
20724,2011-10-17,34.0,0.85
20724,2011-10-18,71.0,0.85
20724,2011-10-19,36.0,0.85
20724,2011-10-20,24.0,0.85
20724,2011-10-21,56.0,2.46
20724,2011-10-23,6.0,0.85
20724,2011-10-24,218.0,1.63
20724,2011-10-25,55.0,0.85
20724,2011-10-26,13.0,0.85
20724,2011-10-27,15.0,0.85
20724,2011-10-28,71.0,0.85
20724,2011-10-30,44.0,0.85
20724,2011-10-31,82.0,0.85
20724,2011-11-01,20.0,0.85
20724,2011-11-02,12.0,1.63
20724,2011-11-03,2.0,1.63
20724,2011-11-04,94.0,1.63
20724,2011-11-06,30.0,0.85
20724,2011-11-08,102.0,1.63
20724,2011-11-09,223.0,0.85
20724,2011-11-10,31.0,0.85
20724,2011-11-11,81.0,1.63
20724,2011-11-13,60.0,0.85
20724,2011-11-14,32.0,0.85
20724,2011-11-15,108.0,0.85
20724,2011-11-16,22.0,0.85
20724,2011-11-17,52.0,0.85
20724,2011-11-18,161.0,0.85
20724,2011-11-20,30.0,0.85
20724,2011-11-21,12.0,0.85
20724,2011-11-22,198.0,0.85
20724,2011-11-23,13.0,0.85
20724,2011-11-24,63.0,0.85
20724,2011-11-25,129.0,1.63
20724,2011-11-27,70.0,0.85
20724,2011-11-28,64.0,0.85
20724,2011-11-29,124.0,0.85
20724,2011-11-30,101.0,0.85
20724,2011-12-01,29.0,0.85
20724,2011-12-02,99.0,2.46
20724,2011-12-04,103.0,0.85
20724,2011-12-05,37.0,1.63
20724,2011-12-06,117.0,0.85
20724,2011-12-07,230.0,0.85
20724,2011-12-08,133.0,1.63
20724,2011-12-09,59.0,2.46
20725,2010-12-01,78.0,1.65
20725,2010-12-02,11.0,1.65
20725,2010-12-03,13.0,5.06
20725,2010-12-05,26.0,1.65
20725,2010-12-06,34.0,4.21
20725,2010-12-07,23.0,5.06
20725,2010-12-08,117.0,1.65
20725,2010-12-09,24.0,4.21
20725,2010-12-10,17.0,4.21
20725,2010-12-12,18.0,1.65
20725,2010-12-13,24.0,1.65
20725,2010-12-14,36.0,1.65
20725,2010-12-15,59.0,1.65
20725,2010-12-16,51.0,1.65
20725,2010-12-17,5.0,4.21
20725,2010-12-19,2.0,1.65
20725,2010-12-20,12.0,4.21
20725,2010-12-21,21.0,4.21
20725,2010-12-22,10.0,1.65
20725,2010-12-23,1.0,4.21
20725,2011-01-04,20.0,1.65
20725,2011-01-05,100.0,1.45
20725,2011-01-06,284.0,1.65
20725,2011-01-07,11.0,4.21
20725,2011-01-09,3.0,1.65
20725,2011-01-10,10.0,1.65
20725,2011-01-11,11.0,4.21
20725,2011-01-12,4.0,1.65
20725,2011-01-13,124.0,1.65
20725,2011-01-14,21.0,1.65
20725,2011-01-16,112.0,1.65
20725,2011-01-17,6.0,4.13
20725,2011-01-18,5.0,1.65
20725,2011-01-19,102.0,1.65
20725,2011-01-20,15.0,1.65
20725,2011-01-24,23.0,4.13
20725,2011-01-25,38.0,1.65
20725,2011-01-26,38.0,1.65
20725,2011-01-27,42.0,1.65
20725,2011-01-28,20.0,1.65
20725,2011-01-31,145.0,1.65
20725,2011-02-01,119.0,1.65
20725,2011-02-02,25.0,1.65
20725,2011-02-03,16.0,1.65
20725,2011-02-04,42.0,4.96
20725,2011-02-07,22.0,1.65
20725,2011-02-08,24.0,1.65
20725,2011-02-09,40.0,4.13
20725,2011-02-10,14.0,1.65
20725,2011-02-11,42.0,4.13
20725,2011-02-13,13.0,1.65
20725,2011-02-14,24.0,1.65
20725,2011-02-15,21.0,1.65
20725,2011-02-16,60.0,1.65
20725,2011-02-17,33.0,4.96
20725,2011-02-18,107.0,1.65
20725,2011-02-20,4.0,1.65
20725,2011-02-21,11.0,4.13
20725,2011-02-22,25.0,1.65
20725,2011-02-23,23.0,4.96
20725,2011-02-24,31.0,1.65
20725,2011-02-25,167.0,1.65
20725,2011-02-27,2.0,1.65
20725,2011-02-28,1.0,4.13
20725,2011-03-01,102.0,4.13
20725,2011-03-03,26.0,1.65
20725,2011-03-04,20.0,1.65
20725,2011-03-06,6.0,1.65
20725,2011-03-07,1.0,1.65
20725,2011-03-08,35.0,1.65
20725,2011-03-09,11.0,4.13
20725,2011-03-10,26.0,1.65
20725,2011-03-11,25.0,1.65
20725,2011-03-14,152.0,1.65
20725,2011-03-15,13.0,4.96
20725,2011-03-16,4.0,1.65
20725,2011-03-17,32.0,1.65
20725,2011-03-18,14.0,4.96
20725,2011-03-20,53.0,1.65
20725,2011-03-21,62.0,1.65
20725,2011-03-22,33.0,4.13
20725,2011-03-23,11.0,1.65
20725,2011-03-24,35.0,1.65
20725,2011-03-25,195.0,1.65
20725,2011-03-28,26.0,1.65
20725,2011-03-29,206.0,1.65
20725,2011-03-30,157.0,1.65
20725,2011-03-31,77.0,1.65
20725,2011-04-01,40.0,1.65
20725,2011-04-03,11.0,1.65
20725,2011-04-04,22.0,1.65
20725,2011-04-05,2.0,1.65
20725,2011-04-06,84.0,1.65
20725,2011-04-07,17.0,1.65
20725,2011-04-08,40.0,1.65
20725,2011-04-10,22.0,1.65
20725,2011-04-11,84.0,1.65
20725,2011-04-12,61.0,1.65
20725,2011-04-13,24.0,1.65
20725,2011-04-14,40.0,1.65
20725,2011-04-15,63.0,1.65
20725,2011-04-17,3.0,1.65
20725,2011-04-18,143.0,4.13
20725,2011-04-19,36.0,1.65
20725,2011-04-20,65.0,1.65
20725,2011-04-21,74.0,1.65
20725,2011-04-26,62.0,1.65
20725,2011-04-27,59.0,1.65
20725,2011-04-28,23.0,1.65
20725,2011-05-01,10.0,1.65
20725,2011-05-03,75.0,1.65
20725,2011-05-04,1.0,1.65
20725,2011-05-05,18.0,1.65
20725,2011-05-06,90.0,1.65
20725,2011-05-08,35.0,1.65
20725,2011-05-09,93.0,1.65
20725,2011-05-10,63.0,4.13
20725,2011-05-11,140.0,1.65
20725,2011-05-12,117.0,1.65
20725,2011-05-13,41.0,1.65
20725,2011-05-15,16.0,1.65
20725,2011-05-16,98.0,1.65
20725,2011-05-17,59.0,4.13
20725,2011-05-18,22.0,1.65
20725,2011-05-19,33.0,1.65
20725,2011-05-20,70.0,1.65
20725,2011-05-22,53.0,1.65
20725,2011-05-23,54.0,1.65
20725,2011-05-24,46.0,1.65
20725,2011-05-25,107.0,1.65
20725,2011-05-26,43.0,1.65
20725,2011-05-27,166.0,1.65
20725,2011-05-29,8.0,1.65
20725,2011-05-31,42.0,1.65
20725,2011-06-01,11.0,1.65
20725,2011-06-02,23.0,1.65
20725,2011-06-03,31.0,1.65
20725,2011-06-05,64.0,1.65
20725,2011-06-06,20.0,1.65
20725,2011-06-07,175.0,1.65
20725,2011-06-08,236.0,1.65
20725,2011-06-09,54.0,1.65
20725,2011-06-10,55.0,1.65
20725,2011-06-12,25.0,1.65
20725,2011-06-13,11.0,4.13
20725,2011-06-14,25.0,1.65
20725,2011-06-15,58.0,1.65
20725,2011-06-16,25.0,1.65
20725,2011-06-17,54.0,1.65
20725,2011-06-19,13.0,1.65
20725,2011-06-20,27.0,1.65
20725,2011-06-21,65.0,1.65
20725,2011-06-22,22.0,1.65
20725,2011-06-23,50.0,1.65
20725,2011-06-24,21.0,1.65
20725,2011-06-26,33.0,1.65
20725,2011-06-27,25.0,1.65
20725,2011-06-28,39.0,1.65
20725,2011-06-29,3.0,4.13
20725,2011-06-30,58.0,1.65
20725,2011-07-01,12.0,1.65
20725,2011-07-03,46.0,1.65
20725,2011-07-04,64.0,1.65
20725,2011-07-05,27.0,1.65
20725,2011-07-06,39.0,1.65
20725,2011-07-07,10.0,1.65
20725,2011-07-08,141.0,1.65
20725,2011-07-10,12.0,1.65
20725,2011-07-11,45.0,1.65
20725,2011-07-12,40.0,1.65
20725,2011-07-13,18.0,1.65
20725,2011-07-14,43.0,1.65
20725,2011-07-15,2.0,4.13
20725,2011-07-17,53.0,1.65
20725,2011-07-18,33.0,1.65
20725,2011-07-19,165.0,1.65
20725,2011-07-20,15.0,1.65
20725,2011-07-21,30.0,1.65
20725,2011-07-22,48.0,1.65
20725,2011-07-24,124.0,1.65
20725,2011-07-25,32.0,1.65
20725,2011-07-26,59.0,1.65
20725,2011-07-27,40.0,1.65
20725,2011-07-28,141.0,1.65
20725,2011-07-29,49.0,1.65
20725,2011-07-31,24.0,1.65
20725,2011-08-01,54.0,1.65
20725,2011-08-02,239.0,4.13
20725,2011-08-03,34.0,1.65
20725,2011-08-04,246.0,1.65
20725,2011-08-05,6.0,1.65
20725,2011-08-07,4.0,1.65
20725,2011-08-08,147.0,1.65
20725,2011-08-09,91.0,1.65
20725,2011-08-10,175.0,1.65
20725,2011-08-11,118.0,1.65
20725,2011-08-12,31.0,1.65
20725,2011-08-14,13.0,1.65
20725,2011-08-16,120.0,1.65
20725,2011-08-17,112.0,1.65
20725,2011-08-18,95.0,1.65
20725,2011-08-19,20.0,1.65
20725,2011-08-21,26.0,1.65
20725,2011-08-22,55.0,1.65
20725,2011-08-23,97.0,1.65
20725,2011-08-24,40.0,1.65
20725,2011-08-25,50.0,1.65
20725,2011-08-26,20.0,1.65
20725,2011-08-28,19.0,1.65
20725,2011-08-30,21.0,4.13
20725,2011-08-31,31.0,4.13
20725,2011-09-01,55.0,1.65
20725,2011-09-02,47.0,1.65
20725,2011-09-04,38.0,1.65
20725,2011-09-05,9.0,1.65
20725,2011-09-06,56.0,1.65
20725,2011-09-07,150.0,1.65
20725,2011-09-08,10.0,1.65
20725,2011-09-09,57.0,1.65
20725,2011-09-11,22.0,1.65
20725,2011-09-12,42.0,1.65
20725,2011-09-13,51.0,1.65
20725,2011-09-14,122.0,1.65
20725,2011-09-15,57.0,1.65
20725,2011-09-16,25.0,1.65
20725,2011-09-18,2.0,1.65
20725,2011-09-19,51.0,1.65
20725,2011-09-20,37.0,1.65
20725,2011-09-21,5.0,4.13
20725,2011-09-22,33.0,1.65
20725,2011-09-23,46.0,1.65
20725,2011-09-25,40.0,1.65
20725,2011-09-26,3.0,4.13
20725,2011-09-27,47.0,4.13
20725,2011-09-28,49.0,1.65
20725,2011-09-29,95.0,1.65
20725,2011-09-30,34.0,1.65
20725,2011-10-03,37.0,4.13
20725,2011-10-04,79.0,1.65
20725,2011-10-05,60.0,1.65
20725,2011-10-06,50.0,1.65
20725,2011-10-07,50.0,1.65
20725,2011-10-09,2.0,1.65
20725,2011-10-10,36.0,1.65
20725,2011-10-11,84.0,1.65
20725,2011-10-12,42.0,1.65
20725,2011-10-13,65.0,1.65
20725,2011-10-14,150.0,1.65
20725,2011-10-16,6.0,1.65
20725,2011-10-17,12.0,1.65
20725,2011-10-18,45.0,1.65
20725,2011-10-19,26.0,1.65
20725,2011-10-20,10.0,1.65
20725,2011-10-21,39.0,1.65
20725,2011-10-23,14.0,1.65
20725,2011-10-24,8.0,1.65
20725,2011-10-25,37.0,1.65
20725,2011-10-26,52.0,1.65
20725,2011-10-27,45.0,1.65
20725,2011-10-28,14.0,1.65
20725,2011-10-30,78.0,1.65
20725,2011-10-31,10.0,4.13
20725,2011-11-01,6.0,1.65
20725,2011-11-02,17.0,1.65
20725,2011-11-03,30.0,1.65
20725,2011-11-04,38.0,4.96
20725,2011-11-06,122.0,1.65
20725,2011-11-07,130.0,1.65
20725,2011-11-08,61.0,1.65
20725,2011-11-09,161.0,1.65
20725,2011-11-10,93.0,1.65
20725,2011-11-11,58.0,4.13
20725,2011-11-13,23.0,1.65
20725,2011-11-14,135.0,1.65
20725,2011-11-15,132.0,1.65
20725,2011-11-16,36.0,1.65
20725,2011-11-17,41.0,1.65
20725,2011-11-18,66.0,1.65
20725,2011-11-20,39.0,1.65
20725,2011-11-21,37.0,1.65
20725,2011-11-22,37.0,4.13
20725,2011-11-23,37.0,1.65
20725,2011-11-24,44.0,1.65
20725,2011-11-25,83.0,1.65
20725,2011-11-27,18.0,1.65
20725,2011-11-28,58.0,1.65
20725,2011-11-29,49.0,1.65
20725,2011-11-30,81.0,1.65
20725,2011-12-01,51.0,1.65
20725,2011-12-02,72.0,1.65
20725,2011-12-04,10.0,1.65
20725,2011-12-05,50.0,4.13
20725,2011-12-06,55.0,1.65
20725,2011-12-07,35.0,1.65
20725,2011-12-08,52.0,1.65
20725,2011-12-09,42.0,1.65
20726,2010-12-01,2.0,1.65
20726,2010-12-02,13.0,1.65
20726,2010-12-03,10.0,4.21
20726,2010-12-05,33.0,1.65
20726,2010-12-06,20.0,1.65
20726,2010-12-07,18.0,4.21
20726,2010-12-08,16.0,1.65
20726,2010-12-09,11.0,4.21
20726,2010-12-10,18.0,5.06
20726,2010-12-12,1.0,1.65
20726,2010-12-13,20.0,1.65
20726,2010-12-14,48.0,1.65
20726,2010-12-15,23.0,1.65
20726,2010-12-16,43.0,1.65
20726,2010-12-17,3.0,4.21
20726,2010-12-21,21.0,5.06
20726,2010-12-23,1.0,5.06
20726,2011-01-04,21.0,1.65
20726,2011-01-06,131.0,1.65
20726,2011-01-07,10.0,1.65
20726,2011-01-10,10.0,1.65
20726,2011-01-11,28.0,4.96
20726,2011-01-13,24.0,1.65
20726,2011-01-14,15.0,4.96
20726,2011-01-16,12.0,1.65
20726,2011-01-18,12.0,4.96
20726,2011-01-20,15.0,1.65
20726,2011-01-21,11.0,4.96
20726,2011-01-24,23.0,1.65
20726,2011-01-25,74.0,1.65
20726,2011-01-26,10.0,1.65
20726,2011-01-27,10.0,1.65
20726,2011-01-28,20.0,1.65
20726,2011-01-31,21.0,1.65
20726,2011-02-02,10.0,1.65
20726,2011-02-03,22.0,1.65
20726,2011-02-07,1.0,1.65
20726,2011-02-08,17.0,1.65
20726,2011-02-09,3.0,4.13
20726,2011-02-10,2.0,1.65
20726,2011-02-11,12.0,1.65
20726,2011-02-14,3.0,1.65
20726,2011-02-15,10.0,1.65
20726,2011-02-16,10.0,1.65
20726,2011-02-17,11.0,4.13
20726,2011-02-18,24.0,1.65
20726,2011-02-20,31.0,1.65
20726,2011-02-22,20.0,1.65
20726,2011-02-23,7.0,1.65
20726,2011-02-24,20.0,1.65
20726,2011-02-25,10.0,1.65
20726,2011-02-28,2.0,4.13
20726,2011-03-01,10.0,1.65
20726,2011-03-03,15.0,1.65
20726,2011-03-06,4.0,1.65
20726,2011-03-07,2.0,1.65
20726,2011-03-08,25.0,1.65
20726,2011-03-09,15.0,1.65
20726,2011-03-10,15.0,1.65
20726,2011-03-11,17.0,1.65
20726,2011-03-13,1.0,1.65
20726,2011-03-14,130.0,1.65
20726,2011-03-15,10.0,1.65
20726,2011-03-17,36.0,1.65
20726,2011-03-18,10.0,1.65
20726,2011-03-20,14.0,4.13
20726,2011-03-21,42.0,1.65
20726,2011-03-22,8.0,4.96
20726,2011-03-23,28.0,1.65
20726,2011-03-24,11.0,1.65
20726,2011-03-25,42.0,4.13
20726,2011-03-28,14.0,1.65
20726,2011-03-29,107.0,4.96
20726,2011-03-30,231.0,1.65
20726,2011-03-31,46.0,1.65
20726,2011-04-01,20.0,1.65
20726,2011-04-04,13.0,1.65
20726,2011-04-05,15.0,1.65
20726,2011-04-06,34.0,1.65
20726,2011-04-07,4.0,1.65
20726,2011-04-08,21.0,1.65
20726,2011-04-10,10.0,1.65
20726,2011-04-11,12.0,4.96
20726,2011-04-12,20.0,1.65
20726,2011-04-13,10.0,1.65
20726,2011-04-14,22.0,1.65
20726,2011-04-15,20.0,4.96
20726,2011-04-17,4.0,1.65
20726,2011-04-18,13.0,1.65
20726,2011-04-19,18.0,4.13
20726,2011-04-20,8.0,4.96
20726,2011-04-21,15.0,1.65
20726,2011-04-26,62.0,1.65
20726,2011-04-27,16.0,1.65
20726,2011-04-28,23.0,1.65
20726,2011-05-01,3.0,1.65
20726,2011-05-03,35.0,1.65
20726,2011-05-04,1.0,1.65
20726,2011-05-05,28.0,1.65
20726,2011-05-06,24.0,1.65
20726,2011-05-08,25.0,1.65
20726,2011-05-09,73.0,1.65
20726,2011-05-10,20.0,4.96
20726,2011-05-11,133.0,1.65
20726,2011-05-12,110.0,1.65
20726,2011-05-13,61.0,1.65
20726,2011-05-15,2.0,1.65
20726,2011-05-16,29.0,1.65
20726,2011-05-17,10.0,1.65
20726,2011-05-18,10.0,1.65
20726,2011-05-19,10.0,1.65
20726,2011-05-20,20.0,1.65
20726,2011-05-22,10.0,1.65
20726,2011-05-23,13.0,1.65
20726,2011-05-24,25.0,1.65
20726,2011-05-25,22.0,1.65
20726,2011-05-26,12.0,1.65
20726,2011-05-27,35.0,1.65
20726,2011-05-29,15.0,1.65
20726,2011-05-31,18.0,1.65
20726,2011-06-01,6.0,1.65
20726,2011-06-02,4.0,1.65
20726,2011-06-03,14.0,1.65
20726,2011-06-05,18.0,1.65
20726,2011-06-06,30.0,1.65
20726,2011-06-07,120.0,1.65
20726,2011-06-08,61.0,1.65
20726,2011-06-09,32.0,1.65
20726,2011-06-10,30.0,1.65
20726,2011-06-12,2.0,1.65
20726,2011-06-14,20.0,4.13
20726,2011-06-15,4.0,1.65
20726,2011-06-16,2.0,1.65
20726,2011-06-17,3.0,4.96
20726,2011-06-21,65.0,1.65
20726,2011-06-22,26.0,1.65
20726,2011-06-23,39.0,1.65
20726,2011-06-24,10.0,1.65
20726,2011-06-26,3.0,1.65
20726,2011-06-27,3.0,1.65
20726,2011-06-28,13.0,4.96
20726,2011-06-29,12.0,1.65
20726,2011-06-30,27.0,1.65
20726,2011-07-01,10.0,1.65
20726,2011-07-03,4.0,1.65
20726,2011-07-04,18.0,1.65
20726,2011-07-05,23.0,4.13
20726,2011-07-06,32.0,1.65
20726,2011-07-07,30.0,1.65
20726,2011-07-08,14.0,4.96
20726,2011-07-10,3.0,1.65
20726,2011-07-11,18.0,1.65
20726,2011-07-12,28.0,1.65
20726,2011-07-13,25.0,1.65
20726,2011-07-14,53.0,1.65
20726,2011-07-15,101.0,4.13
20726,2011-07-17,5.0,1.65
20726,2011-07-18,18.0,1.65
20726,2011-07-19,99.0,1.65
20726,2011-07-20,26.0,1.65
20726,2011-07-21,30.0,1.65
20726,2011-07-22,31.0,1.65
20726,2011-07-24,5.0,1.65
20726,2011-07-25,35.0,1.65
20726,2011-07-26,28.0,1.65
20726,2011-07-27,151.0,1.65
20726,2011-07-28,40.0,1.65
20726,2011-07-29,62.0,1.65
20726,2011-07-31,44.0,1.65
20726,2011-08-01,20.0,1.65
20726,2011-08-02,44.0,1.65
20726,2011-08-03,33.0,1.65
20726,2011-08-04,6.0,4.13
20726,2011-08-05,2.0,4.13
20726,2011-08-07,5.0,1.65
20726,2011-08-08,33.0,1.65
20726,2011-08-09,40.0,1.65
20726,2011-08-10,27.0,1.65
20726,2011-08-11,40.0,1.65
20726,2011-08-12,36.0,1.65
20726,2011-08-14,10.0,1.65
20726,2011-08-15,5.0,1.65
20726,2011-08-16,93.0,1.65
20726,2011-08-17,8.0,1.65
20726,2011-08-18,30.0,1.65
20726,2011-08-21,23.0,1.65
20726,2011-08-22,26.0,1.65
20726,2011-08-23,47.0,1.65
20726,2011-08-24,40.0,1.65
20726,2011-08-25,54.0,1.65
20726,2011-08-26,15.0,4.96
20726,2011-08-28,11.0,1.65
20726,2011-08-30,38.0,4.13
20726,2011-08-31,100.0,1.45
20726,2011-09-01,16.0,1.65
20726,2011-09-02,29.0,4.13
20726,2011-09-04,6.0,1.65
20726,2011-09-05,19.0,1.65
20726,2011-09-06,27.0,4.96
20726,2011-09-07,15.0,4.13
20726,2011-09-09,1.0,4.13
20726,2011-09-11,23.0,1.65
20726,2011-09-12,25.0,1.65
20726,2011-09-13,34.0,1.65
20726,2011-09-14,30.0,1.65
20726,2011-09-15,20.0,1.65
20726,2011-09-16,31.0,1.65
20726,2011-09-18,2.0,1.65
20726,2011-09-19,1.0,1.65
20726,2011-09-20,6.0,1.65
20726,2011-09-21,45.0,4.13
20726,2011-09-22,27.0,1.65
20726,2011-09-23,17.0,4.13
20726,2011-09-25,11.0,1.65
20726,2011-09-27,24.0,4.13
20726,2011-09-28,1.0,4.13
20726,2011-09-29,50.0,1.65
20726,2011-09-30,8.0,4.13
20726,2011-10-03,30.0,1.65
20726,2011-10-04,31.0,1.65
20726,2011-10-05,32.0,1.65
20726,2011-10-06,42.0,1.65
20726,2011-10-07,9.0,1.65
20726,2011-10-09,7.0,1.65
20726,2011-10-10,35.0,1.65
20726,2011-10-11,13.0,1.65
20726,2011-10-12,10.0,1.65
20726,2011-10-13,4.0,4.96
20726,2011-10-14,20.0,1.65
20726,2011-10-16,3.0,1.65
20726,2011-10-17,3.0,4.13
20726,2011-10-18,14.0,1.65
20726,2011-10-19,8.0,4.96
20726,2011-10-20,16.0,1.65
20726,2011-10-21,2.0,1.65
20726,2011-10-24,9.0,4.13
20726,2011-10-25,27.0,1.65
20726,2011-10-26,3.0,1.65
20726,2011-10-27,4.0,1.65
20726,2011-10-28,25.0,1.65
20726,2011-10-30,37.0,1.65
20726,2011-10-31,6.0,4.96
20726,2011-11-01,5.0,1.65
20726,2011-11-02,14.0,1.65
20726,2011-11-03,1.0,1.65
20726,2011-11-04,22.0,4.13
20726,2011-11-06,14.0,1.65
20726,2011-11-07,12.0,4.96
20726,2011-11-08,29.0,4.13
20726,2011-11-09,62.0,1.65
20726,2011-11-10,10.0,1.65
20726,2011-11-11,22.0,4.13
20726,2011-11-13,14.0,1.65
20726,2011-11-14,51.0,1.65
20726,2011-11-15,6.0,4.96
20726,2011-11-16,12.0,1.65
20726,2011-11-17,8.0,1.65
20726,2011-11-18,17.0,4.13
20726,2011-11-20,50.0,1.65
20726,2011-11-21,10.0,1.65
20726,2011-11-22,27.0,4.13
20726,2011-11-23,14.0,1.65
20726,2011-11-24,8.0,1.65
20726,2011-11-25,21.0,1.65
20726,2011-11-27,19.0,1.65
20726,2011-11-28,13.0,4.13
20726,2011-11-29,25.0,1.65
20726,2011-11-30,7.0,1.65
20726,2011-12-01,2.0,4.13
20726,2011-12-02,12.0,4.13
20726,2011-12-04,8.0,1.65
20726,2011-12-05,74.0,1.65
20726,2011-12-06,16.0,1.65
20726,2011-12-07,33.0,1.65
20726,2011-12-08,37.0,1.65
20726,2011-12-09,4.0,4.13
20727,2010-12-01,145.0,1.65
20727,2010-12-02,34.0,1.65
20727,2010-12-03,7.0,4.21
20727,2010-12-05,12.0,1.65
20727,2010-12-06,29.0,1.65
20727,2010-12-07,43.0,1.65
20727,2010-12-08,21.0,1.65
20727,2010-12-09,14.0,1.65
20727,2010-12-10,31.0,4.21
20727,2010-12-12,16.0,1.65
20727,2010-12-13,13.0,4.21
20727,2010-12-14,53.0,1.65
20727,2010-12-15,16.0,1.65
20727,2010-12-16,3.0,1.65
20727,2010-12-17,3.0,4.21
20727,2010-12-20,10.0,1.65
20727,2010-12-21,13.0,5.06
20727,2010-12-23,2.0,4.21
20727,2011-01-04,2.0,1.65
20727,2011-01-06,99.0,1.65
20727,2011-01-07,11.0,4.21
20727,2011-01-09,40.0,1.65
20727,2011-01-10,1.0,4.21
20727,2011-01-11,16.0,4.96
20727,2011-01-12,10.0,1.65
20727,2011-01-13,2.0,1.65
20727,2011-01-14,119.0,4.13
20727,2011-01-16,23.0,1.65
20727,2011-01-17,19.0,4.13
20727,2011-01-18,16.0,1.65
20727,2011-01-19,2.0,4.13
20727,2011-01-20,23.0,1.65
20727,2011-01-21,7.0,4.96
20727,2011-01-23,10.0,1.65
20727,2011-01-24,21.0,4.13
20727,2011-01-25,56.0,4.13
20727,2011-01-26,32.0,1.65
20727,2011-01-27,10.0,1.65
20727,2011-01-28,35.0,1.65
20727,2011-01-30,24.0,1.65
20727,2011-01-31,21.0,1.65
20727,2011-02-01,23.0,1.65
20727,2011-02-02,32.0,1.65
20727,2011-02-03,13.0,1.65
20727,2011-02-04,14.0,4.96
20727,2011-02-08,20.0,1.65
20727,2011-02-09,3.0,4.13
20727,2011-02-10,12.0,1.65
20727,2011-02-11,42.0,1.65
20727,2011-02-14,22.0,1.65
20727,2011-02-15,10.0,1.65
20727,2011-02-16,3.0,4.13
20727,2011-02-17,30.0,1.65
20727,2011-02-18,40.0,1.65
20727,2011-02-20,1.0,1.65
20727,2011-02-22,101.0,4.13
20727,2011-02-23,27.0,1.65
20727,2011-02-24,30.0,1.65
20727,2011-02-25,20.0,1.65
20727,2011-02-27,2.0,1.65
20727,2011-03-01,122.0,1.65
20727,2011-03-02,2.0,1.65
20727,2011-03-03,39.0,1.65
20727,2011-03-06,5.0,1.65
20727,2011-03-07,9.0,1.65
20727,2011-03-08,22.0,1.65
20727,2011-03-09,10.0,1.65
20727,2011-03-10,24.0,1.65
20727,2011-03-11,100.0,1.45
20727,2011-03-13,10.0,1.65
20727,2011-03-14,14.0,1.65
20727,2011-03-15,20.0,1.65
20727,2011-03-17,31.0,1.65
20727,2011-03-18,4.0,4.96
20727,2011-03-20,45.0,1.65
20727,2011-03-21,75.0,1.65
20727,2011-03-22,14.0,4.13
20727,2011-03-23,5.0,1.65
20727,2011-03-24,15.0,1.65
20727,2011-03-25,55.0,1.65
20727,2011-03-28,5.0,1.65
20727,2011-03-29,70.0,1.65
20727,2011-03-30,134.0,1.65
20727,2011-03-31,47.0,1.65
20727,2011-04-01,28.0,1.65
20727,2011-04-03,3.0,1.65
20727,2011-04-04,7.0,1.65
20727,2011-04-05,4.0,1.65
20727,2011-04-06,16.0,1.65
20727,2011-04-07,4.0,1.65
20727,2011-04-08,11.0,1.65
20727,2011-04-10,20.0,1.65
20727,2011-04-11,24.0,1.65
20727,2011-04-12,30.0,1.65
20727,2011-04-13,11.0,1.65
20727,2011-04-14,50.0,1.65
20727,2011-04-15,20.0,4.96
20727,2011-04-17,12.0,1.65
20727,2011-04-18,18.0,4.13
20727,2011-04-19,1.0,4.13
20727,2011-04-20,58.0,1.65
20727,2011-04-21,10.0,1.65
20727,2011-04-26,63.0,1.65
20727,2011-04-27,40.0,1.65
20727,2011-04-28,21.0,1.65
20727,2011-05-01,10.0,1.65
20727,2011-05-03,57.0,1.65
20727,2011-05-04,101.0,1.65
20727,2011-05-05,17.0,1.65
20727,2011-05-06,78.0,1.65
20727,2011-05-08,19.0,1.65
20727,2011-05-09,48.0,1.65
20727,2011-05-10,153.0,1.65
20727,2011-05-11,16.0,1.65
20727,2011-05-12,50.0,1.65
20727,2011-05-13,60.0,1.65
20727,2011-05-15,12.0,1.65
20727,2011-05-16,71.0,1.65
20727,2011-05-17,60.0,1.65
20727,2011-05-18,16.0,1.65
20727,2011-05-19,33.0,1.65
20727,2011-05-20,20.0,1.65
20727,2011-05-22,13.0,1.65
20727,2011-05-23,51.0,1.65
20727,2011-05-24,22.0,1.65
20727,2011-05-25,16.0,1.65
20727,2011-05-26,3.0,1.65
20727,2011-05-27,16.0,4.96
20727,2011-05-29,19.0,1.65
20727,2011-05-31,20.0,1.65
20727,2011-06-01,4.0,4.13
20727,2011-06-02,103.0,1.65
20727,2011-06-03,12.0,1.65
20727,2011-06-05,69.0,1.65
20727,2011-06-06,40.0,1.65
20727,2011-06-07,33.0,1.65
20727,2011-06-08,69.0,1.65
20727,2011-06-09,7.0,4.13
20727,2011-06-10,4.0,4.96
20727,2011-06-12,27.0,1.65
20727,2011-06-14,21.0,1.65
20727,2011-06-15,141.0,1.65
20727,2011-06-16,25.0,1.65
20727,2011-06-17,32.0,1.65
20727,2011-06-19,12.0,1.65
20727,2011-06-20,116.0,1.65
20727,2011-06-21,40.0,1.65
20727,2011-06-22,25.0,1.65
20727,2011-06-23,41.0,1.65
20727,2011-06-24,114.0,1.65
20727,2011-06-26,9.0,1.65
20727,2011-06-27,36.0,1.65
20727,2011-06-28,25.0,4.96
20727,2011-06-29,2.0,4.13
20727,2011-06-30,37.0,1.65
20727,2011-07-01,43.0,1.65
20727,2011-07-03,28.0,1.65
20727,2011-07-04,26.0,1.65
20727,2011-07-05,50.0,4.13
20727,2011-07-06,58.0,1.65
20727,2011-07-07,63.0,1.65
20727,2011-07-08,134.0,1.65
20727,2011-07-10,9.0,1.65
20727,2011-07-11,60.0,1.65
20727,2011-07-12,32.0,1.65
20727,2011-07-13,34.0,1.65
20727,2011-07-14,58.0,1.65
20727,2011-07-15,22.0,1.65
20727,2011-07-17,29.0,1.65
20727,2011-07-18,31.0,1.65
20727,2011-07-19,82.0,1.65
20727,2011-07-20,17.0,1.65
20727,2011-07-21,32.0,1.65
20727,2011-07-22,22.0,1.65
20727,2011-07-24,72.0,1.65
20727,2011-07-25,46.0,1.65
20727,2011-07-26,121.0,1.65
20727,2011-07-27,40.0,1.65
20727,2011-07-28,42.0,1.65
20727,2011-07-29,51.0,1.65
20727,2011-07-31,16.0,1.65
20727,2011-08-01,2.0,4.13
20727,2011-08-02,46.0,1.65
20727,2011-08-03,11.0,1.65
20727,2011-08-04,280.0,1.65
20727,2011-08-05,16.0,1.65
20727,2011-08-07,4.0,1.65
20727,2011-08-08,16.0,1.65
20727,2011-08-09,92.0,1.65
20727,2011-08-10,89.0,1.65
20727,2011-08-11,86.0,1.65
20727,2011-08-12,23.0,1.65
20727,2011-08-15,4.0,1.65
20727,2011-08-16,72.0,1.65
20727,2011-08-17,1.0,1.65
20727,2011-08-18,50.0,1.65
20727,2011-08-19,10.0,1.65
20727,2011-08-21,108.0,1.65
20727,2011-08-22,71.0,1.65
20727,2011-08-23,39.0,1.65
20727,2011-08-24,165.0,1.65
20727,2011-08-25,54.0,1.65
20727,2011-08-26,21.0,4.96
20727,2011-08-28,33.0,1.65
20727,2011-08-30,38.0,4.13
20727,2011-08-31,2.0,4.13
20727,2011-09-01,38.0,1.65
20727,2011-09-02,86.0,4.13
20727,2011-09-04,23.0,1.65
20727,2011-09-05,57.0,1.65
20727,2011-09-06,60.0,1.65
20727,2011-09-07,60.0,1.65
20727,2011-09-08,9.0,1.65
20727,2011-09-09,34.0,1.65
20727,2011-09-11,7.0,1.65
20727,2011-09-12,20.0,1.65
20727,2011-09-13,88.0,1.65
20727,2011-09-14,40.0,1.65
20727,2011-09-15,64.0,1.65
20727,2011-09-16,78.0,1.65
20727,2011-09-18,12.0,1.65
20727,2011-09-19,32.0,1.65
20727,2011-09-20,19.0,1.65
20727,2011-09-21,140.0,1.65
20727,2011-09-22,33.0,1.65
20727,2011-09-23,37.0,1.65
20727,2011-09-25,51.0,1.65
20727,2011-09-26,10.0,1.65
20727,2011-09-27,50.0,1.65
20727,2011-09-28,21.0,1.65
20727,2011-09-29,55.0,1.65
20727,2011-09-30,47.0,1.65
20727,2011-10-02,22.0,1.65
20727,2011-10-03,43.0,1.65
20727,2011-10-04,36.0,4.96
20727,2011-10-05,70.0,1.65
20727,2011-10-06,37.0,1.65
20727,2011-10-07,15.0,1.65
20727,2011-10-09,8.0,1.65
20727,2011-10-10,34.0,1.65
20727,2011-10-11,41.0,1.65
20727,2011-10-12,42.0,1.65
20727,2011-10-13,91.0,1.65
20727,2011-10-14,119.0,1.65
20727,2011-10-16,10.0,1.65
20727,2011-10-17,25.0,1.65
20727,2011-10-18,32.0,1.65
20727,2011-10-19,30.0,1.65
20727,2011-10-20,9.0,1.65
20727,2011-10-21,31.0,1.65
20727,2011-10-23,13.0,1.65
20727,2011-10-24,5.0,1.65
20727,2011-10-25,31.0,1.65
20727,2011-10-26,24.0,1.65
20727,2011-10-27,24.0,1.65
20727,2011-10-28,26.0,1.65
20727,2011-10-30,24.0,1.65
20727,2011-10-31,38.0,1.65
20727,2011-11-01,7.0,1.65
20727,2011-11-02,16.0,1.65
20727,2011-11-03,5.0,1.65
20727,2011-11-04,34.0,1.65
20727,2011-11-06,8.0,1.65
20727,2011-11-07,40.0,1.65
20727,2011-11-08,52.0,1.65
20727,2011-11-09,52.0,1.65
20727,2011-11-10,36.0,1.65
20727,2011-11-11,24.0,4.13
20727,2011-11-13,40.0,1.65
20727,2011-11-14,41.0,1.65
20727,2011-11-15,151.0,1.65
20727,2011-11-16,35.0,1.65
20727,2011-11-17,37.0,1.65
20727,2011-11-18,75.0,1.65
20727,2011-11-20,30.0,1.65
20727,2011-11-21,38.0,1.65
20727,2011-11-22,41.0,1.65
20727,2011-11-23,35.0,1.65
20727,2011-11-24,72.0,1.65
20727,2011-11-25,44.0,4.13
20727,2011-11-27,21.0,1.65
20727,2011-11-28,43.0,1.65
20727,2011-11-29,30.0,1.65
20727,2011-11-30,66.0,1.65
20727,2011-12-01,81.0,1.65
20727,2011-12-02,41.0,1.65
20727,2011-12-04,24.0,1.65
20727,2011-12-05,24.0,1.65
20727,2011-12-06,53.0,1.65
20727,2011-12-07,40.0,1.65
20727,2011-12-08,34.0,1.65
20727,2011-12-09,11.0,4.13
20728,2010-12-01,22.0,1.65
20728,2010-12-02,3.0,1.65
20728,2010-12-03,8.0,5.06
20728,2010-12-05,18.0,1.65
20728,2010-12-06,19.0,1.65
20728,2010-12-07,12.0,5.06
20728,2010-12-08,20.0,1.65
20728,2010-12-09,9.0,1.65
20728,2010-12-10,8.0,4.21
20728,2010-12-12,5.0,1.65
20728,2010-12-13,10.0,1.65
20728,2010-12-14,27.0,5.06
20728,2010-12-15,131.0,1.65
20728,2010-12-16,50.0,1.65
20728,2010-12-20,1.0,4.21
20728,2010-12-21,11.0,4.21
20728,2010-12-22,10.0,1.65
20728,2010-12-23,1.0,4.21
20728,2011-01-04,1.0,4.21
20728,2011-01-05,2.0,1.65
20728,2011-01-06,121.0,1.65
20728,2011-01-07,10.0,1.65
20728,2011-01-09,10.0,1.65
20728,2011-01-10,10.0,1.65
20728,2011-01-11,24.0,4.13
20728,2011-01-12,13.0,1.65
20728,2011-01-13,34.0,1.65
20728,2011-01-14,24.0,1.65
20728,2011-01-16,10.0,1.65
20728,2011-01-18,4.0,4.13
20728,2011-01-20,23.0,1.65
20728,2011-01-21,8.0,4.13
20728,2011-01-23,21.0,1.65
20728,2011-01-24,2.0,4.13
20728,2011-01-25,40.0,4.13
20728,2011-01-26,20.0,1.65
20728,2011-01-27,31.0,1.65
20728,2011-01-28,47.0,1.65
20728,2011-01-31,43.0,1.65
20728,2011-02-01,7.0,1.65
20728,2011-02-03,115.0,1.65
20728,2011-02-04,19.0,4.13
20728,2011-02-07,1.0,1.65
20728,2011-02-08,19.0,1.65
20728,2011-02-09,21.0,1.65
20728,2011-02-10,13.0,1.65
20728,2011-02-11,15.0,4.13
20728,2011-02-14,10.0,1.65
20728,2011-02-15,20.0,1.65
20728,2011-02-16,22.0,1.65
20728,2011-02-17,26.0,4.13
20728,2011-02-18,11.0,1.65
20728,2011-02-20,10.0,1.65
20728,2011-02-22,20.0,1.65
20728,2011-02-23,36.0,1.65
20728,2011-02-24,30.0,1.65
20728,2011-02-25,18.0,4.13
20728,2011-02-27,10.0,1.65
20728,2011-02-28,10.0,1.65
20728,2011-03-01,11.0,1.65
20728,2011-03-02,1.0,1.65
20728,2011-03-03,15.0,1.65
20728,2011-03-04,10.0,1.65
20728,2011-03-06,2.0,1.65
20728,2011-03-07,31.0,1.65
20728,2011-03-08,29.0,1.65
20728,2011-03-09,2.0,1.65
20728,2011-03-10,34.0,1.65
20728,2011-03-11,21.0,4.13
20728,2011-03-13,4.0,1.65
20728,2011-03-14,20.0,1.65
20728,2011-03-15,7.0,1.65
20728,2011-03-16,6.0,1.65
20728,2011-03-17,10.0,1.65
20728,2011-03-18,6.0,4.96
20728,2011-03-20,35.0,1.65
20728,2011-03-21,40.0,1.65
20728,2011-03-22,116.0,1.65
20728,2011-03-23,21.0,1.65
20728,2011-03-24,38.0,1.65
20728,2011-03-25,131.0,1.65
20728,2011-03-27,6.0,1.65
20728,2011-03-28,33.0,1.65
20728,2011-03-29,37.0,1.65
20728,2011-03-30,140.0,1.65
20728,2011-03-31,37.0,1.65
20728,2011-04-01,30.0,1.65
20728,2011-04-04,110.0,1.65
20728,2011-04-05,15.0,1.65
20728,2011-04-06,33.0,1.65
20728,2011-04-07,2.0,1.65
20728,2011-04-08,40.0,1.65
20728,2011-04-10,6.0,1.65
20728,2011-04-11,38.0,1.65
20728,2011-04-12,30.0,1.65
20728,2011-04-13,30.0,1.65
20728,2011-04-14,10.0,1.65
20728,2011-04-15,36.0,1.65
20728,2011-04-17,2.0,1.65
20728,2011-04-18,31.0,1.65
20728,2011-04-19,22.0,1.65
20728,2011-04-20,42.0,1.65
20728,2011-04-21,26.0,1.65
20728,2011-04-26,57.0,1.65
20728,2011-04-27,43.0,1.65
20728,2011-04-28,2.0,1.65
20728,2011-05-01,10.0,1.65
20728,2011-05-03,38.0,1.65
20728,2011-05-04,100.0,1.45
20728,2011-05-05,29.0,1.65
20728,2011-05-06,40.0,1.65
20728,2011-05-08,13.0,1.65
20728,2011-05-09,82.0,1.65
20728,2011-05-10,48.0,1.65
20728,2011-05-11,24.0,1.65
20728,2011-05-12,45.0,1.65
20728,2011-05-13,57.0,1.65
20728,2011-05-15,2.0,1.65
20728,2011-05-16,40.0,1.65
20728,2011-05-17,77.0,1.65
20728,2011-05-18,11.0,1.65
20728,2011-05-19,23.0,1.65
20728,2011-05-20,70.0,1.65
20728,2011-05-22,25.0,1.65
20728,2011-05-23,23.0,1.65
20728,2011-05-24,18.0,1.65
20728,2011-05-25,9.0,1.65
20728,2011-05-26,32.0,1.65
20728,2011-05-27,57.0,1.65
20728,2011-05-29,10.0,1.65
20728,2011-05-31,51.0,1.65
20728,2011-06-01,2.0,1.65
20728,2011-06-02,82.0,1.65
20728,2011-06-03,36.0,1.65
20728,2011-06-05,33.0,1.65
20728,2011-06-06,35.0,1.65
20728,2011-06-07,40.0,1.65
20728,2011-06-08,95.0,1.65
20728,2011-06-09,36.0,1.65
20728,2011-06-10,59.0,1.65
20728,2011-06-12,27.0,1.65
20728,2011-06-13,11.0,1.65
20728,2011-06-14,16.0,4.96
20728,2011-06-15,12.0,1.65
20728,2011-06-16,4.0,1.65
20728,2011-06-17,32.0,1.65
20728,2011-06-19,2.0,1.65
20728,2011-06-20,6.0,1.65
20728,2011-06-21,139.0,1.65
20728,2011-06-22,10.0,1.65
20728,2011-06-23,26.0,1.65
20728,2011-06-24,131.0,1.65
20728,2011-06-26,2.0,1.65
20728,2011-06-27,46.0,1.65
20728,2011-06-28,21.0,1.65
20728,2011-06-29,1.0,1.65
20728,2011-06-30,24.0,1.65
20728,2011-07-01,42.0,1.65
20728,2011-07-03,34.0,1.65
20728,2011-07-04,35.0,1.65
20728,2011-07-05,33.0,4.13
20728,2011-07-06,17.0,1.65
20728,2011-07-07,150.0,1.65
20728,2011-07-08,242.0,1.65
20728,2011-07-10,3.0,1.65
20728,2011-07-11,87.0,1.65
20728,2011-07-12,14.0,4.96
20728,2011-07-13,24.0,1.65
20728,2011-07-14,46.0,1.65
20728,2011-07-15,11.0,4.13
20728,2011-07-17,19.0,1.65
20728,2011-07-18,31.0,1.65
20728,2011-07-19,166.0,1.65
20728,2011-07-20,137.0,1.65
20728,2011-07-21,50.0,1.65
20728,2011-07-22,4.0,4.96
20728,2011-07-24,72.0,1.65
20728,2011-07-25,48.0,1.65
20728,2011-07-26,29.0,4.13
20728,2011-07-27,61.0,1.65
20728,2011-07-28,41.0,1.65
20728,2011-07-29,33.0,1.65
20728,2011-07-31,36.0,1.65
20728,2011-08-01,1.0,4.13
20728,2011-08-02,28.0,4.96
20728,2011-08-03,60.0,1.65
20728,2011-08-04,302.0,1.65
20728,2011-08-05,5.0,1.65
20728,2011-08-07,2.0,1.65
20728,2011-08-08,47.0,1.65
20728,2011-08-09,32.0,1.65
20728,2011-08-10,63.0,1.65
20728,2011-08-11,90.0,1.65
20728,2011-08-12,41.0,1.65
20728,2011-08-14,11.0,1.65
20728,2011-08-15,4.0,1.65
20728,2011-08-16,102.0,1.65
20728,2011-08-17,14.0,1.65
20728,2011-08-18,20.0,1.65
20728,2011-08-19,30.0,1.65
20728,2011-08-21,18.0,1.65
20728,2011-08-22,50.0,1.65
20728,2011-08-23,110.0,1.65
20728,2011-08-24,32.0,1.65
20728,2011-08-25,57.0,1.65
20728,2011-08-26,42.0,1.65
20728,2011-08-28,29.0,1.65
20728,2011-08-30,11.0,4.13
20728,2011-08-31,121.0,1.65
20728,2011-09-01,16.0,1.65
20728,2011-09-02,40.0,1.65
20728,2011-09-04,2.0,1.65
20728,2011-09-05,10.0,1.65
20728,2011-09-06,35.0,1.65
20728,2011-09-07,31.0,1.65
20728,2011-09-08,13.0,1.65
20728,2011-09-09,37.0,1.65
20728,2011-09-11,112.0,1.65
20728,2011-09-12,50.0,1.65
20728,2011-09-13,77.0,1.65
20728,2011-09-14,30.0,1.65
20728,2011-09-15,55.0,1.65
20728,2011-09-16,34.0,1.65
20728,2011-09-18,2.0,1.65
20728,2011-09-19,1.0,1.65
20728,2011-09-20,31.0,1.65
20728,2011-09-21,17.0,1.65
20728,2011-09-22,57.0,1.65
20728,2011-09-23,17.0,4.96
20728,2011-09-25,10.0,1.65
20728,2011-09-26,2.0,1.65
20728,2011-09-27,43.0,1.65
20728,2011-09-28,46.0,1.65
20728,2011-09-29,51.0,1.65
20728,2011-09-30,41.0,1.65
20728,2011-10-02,12.0,1.65
20728,2011-10-03,10.0,1.65
20728,2011-10-04,37.0,1.65
20728,2011-10-05,31.0,1.65
20728,2011-10-06,30.0,1.65
20728,2011-10-07,19.0,1.65
20728,2011-10-09,4.0,1.65
20728,2011-10-10,15.0,1.65
20728,2011-10-11,59.0,1.65
20728,2011-10-12,4.0,1.65
20728,2011-10-14,42.0,1.65
20728,2011-10-16,13.0,1.65
20728,2011-10-17,1.0,1.65
20728,2011-10-18,34.0,1.65
20728,2011-10-19,10.0,1.65
20728,2011-10-20,24.0,1.65
20728,2011-10-21,19.0,4.96
20728,2011-10-24,3.0,4.13
20728,2011-10-25,65.0,1.65
20728,2011-10-26,25.0,1.65
20728,2011-10-27,24.0,1.65
20728,2011-10-28,30.0,1.65
20728,2011-10-30,18.0,1.65
20728,2011-10-31,16.0,4.13
20728,2011-11-02,6.0,1.65
20728,2011-11-03,10.0,1.65
20728,2011-11-04,52.0,1.65
20728,2011-11-06,17.0,1.65
20728,2011-11-07,20.0,1.65
20728,2011-11-08,50.0,1.65
20728,2011-11-09,10.0,1.65
20728,2011-11-10,31.0,1.65
20728,2011-11-11,17.0,4.13
20728,2011-11-13,34.0,1.65
20728,2011-11-14,23.0,1.65
20728,2011-11-15,17.0,4.13
20728,2011-11-16,14.0,1.65
20728,2011-11-17,11.0,1.65
20728,2011-11-18,46.0,1.65
20728,2011-11-20,54.0,1.65
20728,2011-11-21,62.0,1.65
20728,2011-11-22,17.0,1.65
20728,2011-11-23,42.0,1.65
20728,2011-11-24,35.0,1.65
20728,2011-11-25,33.0,1.65
20728,2011-11-27,7.0,1.65
20728,2011-11-28,51.0,1.65
20728,2011-11-29,22.0,4.13
20728,2011-11-30,39.0,1.65
20728,2011-12-01,15.0,1.65
20728,2011-12-02,12.0,1.65
20728,2011-12-04,7.0,1.65
20728,2011-12-05,11.0,4.13
20728,2011-12-06,5.0,1.65
20728,2011-12-07,28.0,1.65
20728,2011-12-08,17.0,4.13
20728,2011-12-09,5.0,4.13
20914,2010-12-01,136.0,2.95
20914,2010-12-02,35.0,2.95
20914,2010-12-05,13.0,2.95
20914,2010-12-06,28.0,2.95
20914,2010-12-07,6.0,5.91
20914,2010-12-08,12.0,2.95
20914,2010-12-09,40.0,2.95
20914,2010-12-10,35.0,5.91
20914,2010-12-12,3.0,2.95
20914,2010-12-13,64.0,2.95
20914,2010-12-14,11.0,2.95
20914,2010-12-15,21.0,2.95
20914,2010-12-16,42.0,2.95
20914,2010-12-17,11.0,5.91
20914,2010-12-20,16.0,2.95
20914,2010-12-23,3.0,2.95
20914,2011-01-04,20.0,2.95
20914,2011-01-05,8.0,2.95
20914,2011-01-06,97.0,2.95
20914,2011-01-07,4.0,2.95
20914,2011-01-09,2.0,2.95
20914,2011-01-10,8.0,2.95
20914,2011-01-11,9.0,2.95
20914,2011-01-12,38.0,2.95
20914,2011-01-14,3.0,2.95
20914,2011-01-16,26.0,2.95
20914,2011-01-17,3.0,5.79
20914,2011-01-18,11.0,2.95
20914,2011-01-20,1.0,2.95
20914,2011-01-23,36.0,2.95
20914,2011-01-24,2.0,2.95
20914,2011-01-25,10.0,2.95
20914,2011-01-26,8.0,5.79
20914,2011-01-27,8.0,2.95
20914,2011-01-30,3.0,2.95
20914,2011-01-31,6.0,2.95
20914,2011-02-01,33.0,5.79
20914,2011-02-02,25.0,2.95
20914,2011-02-04,11.0,2.95
20914,2011-02-07,15.0,2.95
20914,2011-02-08,40.0,2.95
20914,2011-02-10,7.0,2.95
20914,2011-02-11,1.0,2.95
20914,2011-02-13,3.0,2.95
20914,2011-02-14,60.0,2.95
20914,2011-02-15,13.0,2.95
20914,2011-02-16,12.0,2.95
20914,2011-02-17,12.0,2.95
20914,2011-02-18,9.0,2.95
20914,2011-02-20,3.0,2.95
20914,2011-02-21,4.0,2.95
20914,2011-02-22,7.0,2.95
20914,2011-02-23,14.0,5.79
20914,2011-02-24,12.0,2.95
20914,2011-02-25,56.0,2.95
20914,2011-02-27,7.0,2.95
20914,2011-02-28,3.0,2.95
20914,2011-03-02,14.0,2.95
20914,2011-03-03,17.0,2.95
20914,2011-03-04,38.0,2.95
20914,2011-03-06,3.0,2.95
20914,2011-03-07,4.0,2.95
20914,2011-03-08,15.0,2.95
20914,2011-03-09,11.0,2.95
20914,2011-03-13,1.0,2.95
20914,2011-03-14,22.0,2.95
20914,2011-03-15,6.0,2.95
20914,2011-03-17,19.0,2.95
20914,2011-03-18,6.0,2.95
20914,2011-03-20,7.0,5.79
20914,2011-03-21,13.0,2.95
20914,2011-03-22,30.0,2.95
20914,2011-03-23,14.0,2.95
20914,2011-03-24,24.0,2.95
20914,2011-03-25,4.0,2.95
20914,2011-03-28,6.0,2.95
20914,2011-03-29,10.0,5.79
20914,2011-03-30,33.0,2.95
20914,2011-03-31,15.0,2.95
20914,2011-04-01,6.0,2.95
20914,2011-04-03,4.0,2.95
20914,2011-04-04,15.0,2.95
20914,2011-04-05,13.0,2.95
20914,2011-04-06,34.0,2.95
20914,2011-04-07,4.0,2.95
20914,2011-04-08,2.0,5.79
20914,2011-04-10,14.0,2.95
20914,2011-04-11,44.0,2.95
20914,2011-04-12,34.0,2.95
20914,2011-04-13,1.0,2.95
20914,2011-04-14,18.0,2.95
20914,2011-04-15,29.0,2.95
20914,2011-04-17,39.0,2.95
20914,2011-04-18,17.0,5.79
20914,2011-04-19,2.0,5.79
20914,2011-04-20,31.0,2.95
20914,2011-04-21,6.0,2.95
20914,2011-04-26,11.0,2.95
20914,2011-04-27,33.0,2.95
20914,2011-04-28,8.0,2.95
20914,2011-05-04,23.0,2.95
20914,2011-05-05,9.0,5.79
20914,2011-05-06,39.0,2.95
20914,2011-05-08,13.0,2.95
20914,2011-05-09,43.0,2.95
20914,2011-05-10,10.0,2.95
20914,2011-05-11,25.0,2.95
20914,2011-05-12,3.0,2.95
20914,2011-05-13,20.0,2.95
20914,2011-05-15,6.0,2.95
20914,2011-05-16,48.0,2.95
20914,2011-05-17,2.0,2.95
20914,2011-05-18,21.0,2.95
20914,2011-05-19,19.0,2.95
20914,2011-05-20,12.0,2.95
20914,2011-05-22,20.0,2.95
20914,2011-05-24,40.0,2.95
20914,2011-05-25,39.0,2.95
20914,2011-05-26,13.0,2.95
20914,2011-05-27,7.0,2.95
20914,2011-05-29,8.0,2.95
20914,2011-05-31,6.0,2.95
20914,2011-06-01,18.0,2.95
20914,2011-06-02,25.0,2.95
20914,2011-06-03,8.0,5.79
20914,2011-06-05,27.0,2.95
20914,2011-06-06,8.0,2.95
20914,2011-06-07,17.0,2.95
20914,2011-06-08,19.0,2.95
20914,2011-06-09,1.0,5.79
20914,2011-06-10,3.0,2.95
20914,2011-06-12,18.0,2.95
20914,2011-06-13,2.0,2.95
20914,2011-06-14,17.0,2.95
20914,2011-06-15,18.0,2.95
20914,2011-06-16,121.0,2.95
20914,2011-06-17,12.0,2.95
20914,2011-06-20,10.0,2.95
20914,2011-06-23,38.0,2.95
20914,2011-06-24,1.0,5.79
20914,2011-06-26,2.0,2.95
20914,2011-06-27,33.0,2.95
20914,2011-06-28,6.0,2.95
20914,2011-06-29,8.0,2.95
20914,2011-07-01,7.0,2.95
20914,2011-07-03,14.0,2.95
20914,2011-07-04,17.0,2.95
20914,2011-07-05,57.0,2.95
20914,2011-07-06,19.0,2.95
20914,2011-07-07,7.0,5.79
20914,2011-07-08,8.0,2.95
20914,2011-07-10,2.0,2.95
20914,2011-07-11,68.0,2.95
20914,2011-07-12,27.0,2.95
20914,2011-07-13,5.0,2.95
20914,2011-07-14,12.0,2.95
20914,2011-07-15,7.0,5.79
20914,2011-07-17,18.0,2.95
20914,2011-07-18,19.0,2.95
20914,2011-07-19,1.0,2.95
20914,2011-07-20,9.0,2.95
20914,2011-07-21,6.0,2.95
20914,2011-07-22,2.0,2.95
20914,2011-07-24,36.0,2.95
20914,2011-07-25,1.0,5.79
20914,2011-07-26,31.0,2.95
20914,2011-07-28,19.0,2.95
20914,2011-07-29,24.0,2.95
20914,2011-07-31,114.0,2.95
20914,2011-08-01,26.0,2.55
20914,2011-08-02,5.0,5.79
20914,2011-08-03,25.0,2.95
20914,2011-08-04,45.0,2.95
20914,2011-08-05,9.0,2.95
20914,2011-08-07,12.0,2.95
20914,2011-08-09,36.0,2.95
20914,2011-08-10,9.0,2.95
20914,2011-08-11,3.0,2.95
20914,2011-08-12,13.0,5.79
20914,2011-08-14,2.0,2.95
20914,2011-08-15,12.0,2.95
20914,2011-08-16,6.0,2.95
20914,2011-08-17,21.0,2.95
20914,2011-08-18,15.0,2.95
20914,2011-08-19,5.0,2.95
20914,2011-08-21,3.0,2.95
20914,2011-08-22,42.0,2.95
20914,2011-08-23,4.0,2.95
20914,2011-08-24,10.0,2.95
20914,2011-08-25,6.0,2.95
20914,2011-08-26,8.0,2.55
20914,2011-08-28,102.0,2.95
20914,2011-08-30,15.0,5.79
20914,2011-08-31,7.0,5.79
20914,2011-09-01,10.0,2.95
20914,2011-09-02,2.0,2.95
20914,2011-09-04,4.0,2.95
20914,2011-09-05,11.0,2.95
20914,2011-09-06,1.0,2.95
20914,2011-09-07,4.0,5.79
20914,2011-09-08,14.0,2.95
20914,2011-09-09,6.0,2.95
20914,2011-09-11,34.0,2.95
20914,2011-09-12,2.0,2.95
20914,2011-09-13,39.0,5.79
20914,2011-09-14,4.0,2.95
20914,2011-09-15,1.0,2.95
20914,2011-09-16,18.0,2.95
20914,2011-09-18,22.0,2.95
20914,2011-09-19,54.0,2.95
20914,2011-09-20,6.0,2.95
20914,2011-09-21,15.0,5.79
20914,2011-09-22,33.0,5.79
20914,2011-09-23,5.0,2.95
20914,2011-09-25,1.0,2.95
20914,2011-09-26,7.0,5.79
20914,2011-09-27,6.0,2.95
20914,2011-09-28,20.0,2.95
20914,2011-09-29,25.0,2.95
20914,2011-09-30,1.0,2.95
20914,2011-10-02,2.0,2.95
20914,2011-10-03,13.0,2.95
20914,2011-10-04,5.0,2.95
20914,2011-10-05,13.0,2.95
20914,2011-10-06,52.0,2.95
20914,2011-10-07,3.0,2.95
20914,2011-10-09,8.0,2.95
20914,2011-10-10,3.0,5.79
20914,2011-10-11,8.0,5.79
20914,2011-10-13,4.0,2.95
20914,2011-10-16,1.0,2.95
20914,2011-10-17,15.0,2.95
20914,2011-10-18,16.0,2.95
20914,2011-10-19,12.0,2.95
20914,2011-10-20,33.0,2.95
20914,2011-10-21,2.0,2.95
20914,2011-10-23,3.0,2.95
20914,2011-10-24,7.0,5.79
20914,2011-10-25,4.0,2.95
20914,2011-10-26,13.0,2.95
20914,2011-10-27,54.0,2.95
20914,2011-10-28,56.0,2.95
20914,2011-10-30,14.0,2.95
20914,2011-10-31,11.0,5.79
20914,2011-11-01,37.0,2.95
20914,2011-11-02,17.0,2.95
20914,2011-11-03,5.0,2.95
20914,2011-11-04,48.0,2.95
20914,2011-11-06,15.0,2.95
20914,2011-11-07,2.0,2.95
20914,2011-11-08,12.0,2.95
20914,2011-11-09,14.0,2.95
20914,2011-11-10,55.0,2.95
20914,2011-11-11,7.0,2.95
20914,2011-11-13,15.0,2.95
20914,2011-11-14,21.0,2.95
20914,2011-11-15,20.0,2.95
20914,2011-11-16,23.0,2.95
20914,2011-11-17,18.0,2.95
20914,2011-11-18,17.0,2.95
20914,2011-11-20,16.0,2.95
20914,2011-11-21,47.0,2.95
20914,2011-11-22,34.0,2.95
20914,2011-11-23,7.0,2.95
20914,2011-11-24,13.0,2.95
20914,2011-11-25,23.0,2.95
20914,2011-11-27,10.0,2.95
20914,2011-11-28,48.0,2.95
20914,2011-11-29,69.0,2.95
20914,2011-11-30,47.0,2.95
20914,2011-12-01,44.0,2.95
20914,2011-12-02,15.0,2.95
20914,2011-12-04,5.0,2.95
20914,2011-12-05,25.0,2.95
20914,2011-12-06,13.0,2.95
20914,2011-12-07,6.0,2.95
20914,2011-12-08,25.0,2.95
20914,2011-12-09,2.0,5.79
21034,2010-12-01,4.0,0.95
21034,2010-12-02,13.0,0.95
21034,2010-12-03,3.0,0.95
21034,2010-12-05,19.0,0.95
21034,2010-12-06,14.0,0.95
21034,2010-12-07,7.0,0.95
21034,2010-12-08,15.0,0.95
21034,2010-12-09,6.0,0.95
21034,2010-12-10,28.0,0.95
21034,2010-12-12,10.0,0.95
21034,2010-12-13,18.0,0.95
21034,2010-12-14,7.0,0.95
21034,2010-12-15,6.0,0.95
21034,2010-12-16,11.0,0.95
21034,2010-12-17,1.0,0.95
21034,2010-12-19,5.0,0.95
21034,2010-12-20,33.0,0.95
21034,2010-12-21,1.0,0.95
21034,2011-01-04,3.0,0.95
21034,2011-01-05,6.0,0.95
21034,2011-01-06,6.0,0.95
21034,2011-01-07,8.0,0.95
21034,2011-01-09,11.0,0.95
21034,2011-01-10,1.0,0.95
21034,2011-01-16,3.0,0.95
21034,2011-01-17,9.0,0.95
21034,2011-01-18,3.0,0.95
21034,2011-01-21,23.0,0.95
21034,2011-01-23,10.0,0.95
21034,2011-01-24,2.0,0.95
21034,2011-01-25,6.0,0.95
21034,2011-01-26,9.0,0.95
21034,2011-01-27,5.0,0.95
21034,2011-01-28,6.0,0.95
21034,2011-01-30,14.0,0.95
21034,2011-01-31,12.0,0.95
21034,2011-02-01,8.0,0.95
21034,2011-02-02,3.0,0.95
21034,2011-02-03,1.0,0.95
21034,2011-02-04,1.0,0.95
21034,2011-02-06,6.0,0.95
21034,2011-02-07,6.0,0.95
21034,2011-02-08,2.0,0.95
21034,2011-02-09,2.0,0.95
21034,2011-02-10,2.0,0.95
21034,2011-02-11,1.0,0.95
21034,2011-02-13,7.0,0.95
21034,2011-02-14,1.0,0.95
21034,2011-02-15,3.0,0.95
21034,2011-02-16,1.0,0.95
21034,2011-02-17,5.0,0.95
21034,2011-02-18,2.0,0.95
21034,2011-02-20,5.0,0.95
21034,2011-02-21,1.0,0.95
21034,2011-02-22,2.0,0.95
21034,2011-02-24,2.0,0.95
21034,2011-02-25,5.0,0.95
21034,2011-03-01,6.0,0.95
21034,2011-03-02,7.0,0.95
21034,2011-03-03,8.0,0.95
21034,2011-03-04,4.0,0.95
21034,2011-03-06,3.0,0.95
21034,2011-03-07,3.0,0.95
21034,2011-03-08,5.0,0.95
21034,2011-03-09,2.0,0.95
21034,2011-03-10,1.0,0.95
21034,2011-03-11,4.0,0.95
21034,2011-03-14,23.0,0.95
21034,2011-03-15,1.0,0.95
21034,2011-03-16,10.0,0.95
21034,2011-03-17,1.0,0.95
21034,2011-03-18,1.0,0.95
21034,2011-03-20,6.0,0.95
21034,2011-03-21,4.0,0.95
21034,2011-03-22,19.0,0.95
21034,2011-03-23,1.0,0.95
21034,2011-03-24,8.0,0.95
21034,2011-03-25,3.0,0.95
21034,2011-03-27,1.0,0.95
21034,2011-03-28,4.0,0.95
21034,2011-03-29,1.0,0.95
21034,2011-03-30,5.0,0.95
21034,2011-03-31,2.0,0.95
21034,2011-04-01,5.0,0.95
21034,2011-04-03,1.0,0.95
21034,2011-04-04,1.0,0.95
21034,2011-04-05,5.0,0.95
21034,2011-04-06,10.0,0.95
21034,2011-04-07,11.0,0.95
21034,2011-04-10,9.0,0.95
21034,2011-04-11,1.0,0.95
21034,2011-04-12,2.0,0.95
21034,2011-04-13,18.0,0.95
21034,2011-04-14,7.0,0.95
21034,2011-04-15,2.0,0.95
21034,2011-04-17,4.0,0.95
21034,2011-04-18,2.0,0.95
21034,2011-04-19,6.0,0.95
21034,2011-04-20,6.0,0.95
21034,2011-04-21,1.0,0.95
21034,2011-04-26,2.0,0.95
21034,2011-04-27,1.0,0.95
21034,2011-04-28,3.0,0.95
21034,2011-05-03,8.0,0.95
21034,2011-05-04,3.0,0.95
21034,2011-05-05,2.0,0.95
21034,2011-05-06,5.0,0.95
21034,2011-05-08,27.0,0.95
21034,2011-05-09,5.0,0.95
21034,2011-05-11,7.0,0.95
21034,2011-05-12,1.0,0.95
21034,2011-05-13,5.0,0.95
21034,2011-05-15,7.0,0.95
21034,2011-05-17,3.0,0.95
21034,2011-05-18,1.0,0.95
21034,2011-05-19,6.0,0.95
21034,2011-05-20,6.0,0.95
21034,2011-05-22,2.0,0.95
21034,2011-05-23,5.0,0.95
21034,2011-05-25,20.0,0.95
21034,2011-05-26,5.0,0.95
21034,2011-05-29,1.0,0.95
21034,2011-06-01,7.0,0.95
21034,2011-06-02,2.0,0.95
21034,2011-06-05,12.0,0.95
21034,2011-06-06,3.0,0.95
21034,2011-06-07,2.0,0.95
21034,2011-06-08,1.0,0.95
21034,2011-06-09,13.0,0.95
21034,2011-06-10,2.0,0.95
21034,2011-06-12,13.0,0.95
21034,2011-06-13,4.0,0.95
21034,2011-06-14,26.0,0.95
21034,2011-06-16,6.0,0.95
21034,2011-06-19,6.0,0.95
21034,2011-06-20,4.0,0.95
21034,2011-06-21,5.0,0.95
21034,2011-06-22,2.0,0.95
21034,2011-06-23,2.0,0.95
21034,2011-06-24,1.0,0.95
21034,2011-06-26,10.0,0.95
21034,2011-06-27,3.0,0.95
21034,2011-06-29,1.0,0.95
21034,2011-06-30,3.0,0.95
21034,2011-07-01,3.0,0.95
21034,2011-07-03,11.0,0.95
21034,2011-07-04,9.0,0.95
21034,2011-07-06,7.0,0.95
21034,2011-07-07,9.0,0.95
21034,2011-07-10,8.0,0.95
21034,2011-07-11,6.0,0.95
21034,2011-07-12,2.0,0.95
21034,2011-07-13,4.0,0.95
21034,2011-07-14,5.0,0.95
21034,2011-07-15,2.0,0.95
21034,2011-07-17,7.0,0.95
21034,2011-07-18,9.0,0.95
21034,2011-07-19,5.0,0.95
21034,2011-07-20,8.0,0.95
21034,2011-07-21,2.0,0.95
21034,2011-07-22,5.0,0.95
21034,2011-07-25,6.0,0.95
21034,2011-07-26,3.0,0.95
21034,2011-07-28,6.0,0.95
21034,2011-07-29,1.0,0.95
21034,2011-07-31,3.0,0.95
21034,2011-08-01,2.0,0.95
21034,2011-08-02,2.0,0.95
21034,2011-08-03,3.0,0.95
21034,2011-08-04,6.0,0.95
21034,2011-08-05,3.0,0.95
21034,2011-08-07,13.0,0.95
21034,2011-08-09,1.0,0.95
21034,2011-08-10,10.0,0.95
21034,2011-08-11,4.0,0.95
21034,2011-08-15,2.0,0.95
21034,2011-08-17,5.0,0.95
21034,2011-08-18,1.0,0.95
21034,2011-08-19,2.0,0.95
21034,2011-08-21,2.0,0.95
21034,2011-08-22,5.0,0.95
21034,2011-08-23,2.0,0.95
21034,2011-08-24,4.0,0.95
21034,2011-08-25,4.0,0.95
21034,2011-08-26,1.0,0.95
21034,2011-08-28,8.0,0.95
21034,2011-08-30,3.0,0.95
21034,2011-08-31,1.0,0.95
21034,2011-09-01,6.0,0.95
21034,2011-09-02,3.0,0.95
21034,2011-09-04,8.0,0.95
21034,2011-09-05,13.0,0.95
21034,2011-09-06,7.0,0.95
21034,2011-09-07,2.0,0.95
21034,2011-09-08,2.0,0.95
21034,2011-09-09,5.0,0.95
21034,2011-09-11,12.0,0.95
21034,2011-09-12,5.0,0.95
21034,2011-09-13,8.0,0.95
21034,2011-09-14,2.0,0.95
21034,2011-09-15,8.0,0.95
21034,2011-09-16,10.0,0.95
21034,2011-09-18,5.0,0.95
21034,2011-09-19,5.0,0.95
21034,2011-09-20,5.0,0.95
21034,2011-09-21,5.0,0.95
21034,2011-09-22,8.0,0.95
21034,2011-09-23,5.0,0.95
21034,2011-09-25,26.0,0.95
21034,2011-09-26,5.0,0.95
21034,2011-09-27,1.0,0.95
21034,2011-09-28,1.0,0.95
21034,2011-09-29,8.0,0.95
21034,2011-09-30,3.0,0.95
21034,2011-10-02,9.0,0.95
21034,2011-10-03,4.0,0.95
21034,2011-10-04,7.0,0.95
21034,2011-10-05,2.0,0.95
21034,2011-10-06,7.0,0.95
21034,2011-10-07,5.0,0.95
21034,2011-10-09,13.0,0.95
21034,2011-10-10,22.0,0.95
21034,2011-10-11,1.0,0.95
21034,2011-10-12,5.0,0.95
21034,2011-10-13,17.0,0.95
21034,2011-10-16,2.0,0.95
21034,2011-10-17,22.0,0.95
21034,2011-10-18,20.0,0.95
21034,2011-10-19,17.0,0.95
21034,2011-10-20,5.0,0.95
21034,2011-10-21,3.0,0.95
21034,2011-10-23,17.0,0.95
21034,2011-10-24,5.0,0.95
21034,2011-10-25,12.0,0.95
21034,2011-10-26,7.0,0.95
21034,2011-10-27,1.0,0.95
21034,2011-10-28,1.0,0.95
21034,2011-10-30,21.0,0.95
21034,2011-10-31,5.0,0.95
21034,2011-11-01,5.0,0.95
21034,2011-11-02,5.0,0.95
21034,2011-11-03,14.0,0.95
21034,2011-11-04,4.0,0.95
21034,2011-11-06,39.0,0.95
21034,2011-11-07,7.0,0.95
21034,2011-11-08,13.0,0.95
21034,2011-11-09,15.0,0.95
21034,2011-11-10,15.0,0.95
21034,2011-11-11,9.0,0.95
21034,2011-11-13,15.0,0.95
21034,2011-11-14,33.0,0.95
21034,2011-11-15,8.0,0.95
21034,2011-11-16,16.0,0.95
21034,2011-11-17,6.0,0.95
21034,2011-11-18,9.0,0.95
21034,2011-11-20,11.0,0.95
21034,2011-11-21,16.0,0.95
21034,2011-11-22,11.0,0.95
21034,2011-11-23,13.0,0.95
21034,2011-11-24,9.0,0.95
21034,2011-11-25,14.0,0.95
21034,2011-11-27,37.0,0.95
21034,2011-11-28,15.0,0.95
21034,2011-11-29,15.0,0.95
21034,2011-11-30,8.0,0.95
21034,2011-12-01,20.0,0.95
21034,2011-12-02,10.0,0.95
21034,2011-12-04,3.0,0.95
21034,2011-12-05,29.0,0.95
21034,2011-12-06,5.0,0.95
21034,2011-12-07,7.0,0.95
21034,2011-12-08,8.0,0.95
21080,2010-12-01,97.0,1.66
21080,2010-12-02,115.0,0.85
21080,2010-12-03,32.0,0.85
21080,2010-12-05,123.0,0.85
21080,2010-12-06,64.0,0.85
21080,2010-12-07,119.0,1.66
21080,2010-12-08,62.0,0.85
21080,2010-12-09,29.0,0.85
21080,2010-12-10,18.0,2.51
21080,2010-12-12,6.0,0.85
21080,2010-12-14,25.0,0.85
21080,2010-12-15,21.0,0.85
21080,2010-12-16,2.0,0.85
21080,2010-12-17,4.0,1.66
21080,2010-12-20,1.0,1.66
21080,2010-12-21,14.0,2.51
21080,2010-12-23,4.0,1.66
21080,2011-01-04,13.0,0.85
21080,2011-01-06,177.0,0.85
21080,2011-01-07,18.0,0.85
21080,2011-01-09,20.0,0.85
21080,2011-01-10,1.0,0.85
21080,2011-01-11,11.0,2.46
21080,2011-01-12,1.0,0.85
21080,2011-01-13,68.0,0.85
21080,2011-01-14,19.0,0.85
21080,2011-01-16,10.0,0.85
21080,2011-01-17,28.0,0.85
21080,2011-01-18,122.0,0.85
21080,2011-01-19,32.0,0.85
21080,2011-01-20,25.0,1.63
21080,2011-01-21,13.0,1.63
21080,2011-01-23,9.0,0.85
21080,2011-01-24,45.0,0.85
21080,2011-01-25,9.0,2.46
21080,2011-01-26,14.0,0.85
21080,2011-01-27,35.0,0.85
21080,2011-01-31,37.0,0.85
21080,2011-02-01,202.0,0.64
21080,2011-02-02,23.0,0.85
21080,2011-02-03,23.0,0.85
21080,2011-02-04,9.0,2.46
21080,2011-02-07,1.0,1.63
21080,2011-02-08,145.0,0.85
21080,2011-02-09,3.0,2.46
21080,2011-02-10,11.0,2.46
21080,2011-02-11,13.0,1.63
21080,2011-02-13,2.0,0.85
21080,2011-02-15,16.0,1.63
21080,2011-02-16,63.0,0.85
21080,2011-02-17,32.0,0.85
21080,2011-02-18,31.0,0.85
21080,2011-02-20,4.0,0.85
21080,2011-02-21,24.0,0.85
21080,2011-02-22,12.0,1.63
21080,2011-02-23,6.0,2.46
21080,2011-02-24,2.0,1.63
21080,2011-02-25,13.0,2.46
21080,2011-02-27,5.0,0.85
21080,2011-02-28,100.0,1.63
21080,2011-03-01,19.0,1.63
21080,2011-03-02,12.0,0.85
21080,2011-03-03,103.0,1.63
21080,2011-03-04,2.0,0.85
21080,2011-03-06,10.0,0.85
21080,2011-03-07,3.0,2.46
21080,2011-03-08,22.0,0.85
21080,2011-03-09,32.0,0.85
21080,2011-03-10,2.0,0.85
21080,2011-03-11,13.0,0.85
21080,2011-03-13,4.0,0.85
21080,2011-03-14,120.0,0.85
21080,2011-03-15,37.0,0.85
21080,2011-03-16,96.0,0.72
21080,2011-03-17,114.0,0.85
21080,2011-03-18,96.0,0.72
21080,2011-03-20,145.0,0.85
21080,2011-03-21,42.0,0.85
21080,2011-03-22,7.0,2.46
21080,2011-03-23,61.0,0.85
21080,2011-03-24,23.0,0.85
21080,2011-03-25,12.0,0.85
21080,2011-03-27,4.0,0.85
21080,2011-03-28,26.0,1.63
21080,2011-03-29,147.0,0.85
21080,2011-03-30,130.0,0.85
21080,2011-03-31,150.0,0.85
21080,2011-04-01,28.0,0.85
21080,2011-04-03,9.0,0.85
21080,2011-04-04,96.0,0.72
21080,2011-04-05,14.0,0.85
21080,2011-04-06,13.0,2.46
21080,2011-04-07,14.0,0.85
21080,2011-04-08,5.0,1.63
21080,2011-04-10,16.0,0.85
21080,2011-04-11,39.0,0.85
21080,2011-04-12,123.0,0.85
21080,2011-04-13,195.0,0.85
21080,2011-04-14,12.0,0.85
21080,2011-04-15,36.0,0.85
21080,2011-04-17,43.0,0.85
21080,2011-04-18,31.0,1.63
21080,2011-04-19,4.0,1.63
21080,2011-04-20,67.0,0.85
21080,2011-04-21,39.0,0.85
21080,2011-04-26,15.0,1.63
21080,2011-04-27,19.0,1.63
21080,2011-04-28,110.0,0.85
21080,2011-05-01,5.0,0.85
21080,2011-05-03,14.0,0.85
21080,2011-05-04,13.0,0.85
21080,2011-05-05,3.0,1.63
21080,2011-05-06,66.0,0.85
21080,2011-05-08,44.0,0.85
21080,2011-05-09,8.0,0.85
21080,2011-05-10,15.0,0.85
21080,2011-05-11,19.0,0.85
21080,2011-05-12,51.0,0.85
21080,2011-05-13,42.0,0.85
21080,2011-05-15,5.0,0.85
21080,2011-05-16,44.0,1.63
21080,2011-05-17,17.0,2.46
21080,2011-05-18,117.0,0.85
21080,2011-05-19,62.0,1.63
21080,2011-05-20,27.0,1.63
21080,2011-05-22,24.0,0.85
21080,2011-05-23,120.0,1.63
21080,2011-05-24,134.0,0.85
21080,2011-05-25,87.0,0.85
21080,2011-05-29,13.0,0.85
21080,2011-05-31,1.0,1.63
21080,2011-06-01,28.0,0.85
21080,2011-06-02,16.0,2.46
21080,2011-06-03,4.0,1.63
21080,2011-06-05,4.0,0.85
21080,2011-06-06,24.0,0.85
21080,2011-06-07,113.0,0.85
21080,2011-06-08,15.0,2.46
21080,2011-06-09,114.0,0.85
21080,2011-06-10,14.0,2.46
21080,2011-06-12,7.0,0.85
21080,2011-06-13,28.0,1.63
21080,2011-06-14,34.0,0.85
21080,2011-06-15,104.0,0.85
21080,2011-06-16,37.0,0.85
21080,2011-06-17,12.0,0.85
21080,2011-06-19,1.0,0.85
21080,2011-06-20,30.0,2.46
21080,2011-06-21,19.0,1.63
21080,2011-06-22,140.0,0.85
21080,2011-06-23,56.0,0.85
21080,2011-06-24,6.0,1.63
21080,2011-06-26,3.0,0.85
21080,2011-06-27,10.0,2.46
21080,2011-06-29,11.0,0.85
21080,2011-06-30,35.0,0.85
21080,2011-07-01,16.0,2.46
21080,2011-07-03,4.0,0.85
21080,2011-07-04,11.0,1.63
21080,2011-07-05,40.0,1.63
21080,2011-07-06,100.0,0.85
21080,2011-07-07,30.0,0.85
21080,2011-07-08,22.0,2.46
21080,2011-07-10,7.0,0.85
21080,2011-07-11,26.0,0.85
21080,2011-07-12,6.0,2.46
21080,2011-07-13,10.0,1.63
21080,2011-07-14,15.0,0.85
21080,2011-07-17,11.0,0.85
21080,2011-07-18,11.0,0.85
21080,2011-07-19,38.0,0.85
21080,2011-07-20,10.0,0.85
21080,2011-07-21,14.0,2.46
21080,2011-07-22,1.0,0.85
21080,2011-07-24,24.0,0.85
21080,2011-07-25,6.0,1.63
21080,2011-07-26,10.0,0.85
21080,2011-07-27,1.0,1.63
21080,2011-07-28,12.0,0.85
21080,2011-07-29,102.0,1.63
21080,2011-07-31,26.0,0.85
21080,2011-08-01,14.0,1.63
21080,2011-08-02,98.0,1.63
21080,2011-08-03,35.0,0.85
21080,2011-08-04,119.0,0.85
21080,2011-08-05,10.0,0.85
21080,2011-08-08,10.0,1.63
21080,2011-08-09,10.0,0.85
21080,2011-08-10,2.0,1.63
21080,2011-08-11,35.0,2.46
21080,2011-08-12,20.0,1.63
21080,2011-08-14,12.0,0.85
21080,2011-08-15,12.0,0.85
21080,2011-08-16,12.0,0.85
21080,2011-08-17,39.0,0.85
21080,2011-08-18,36.0,0.85
21080,2011-08-19,12.0,0.85
21080,2011-08-21,3.0,0.85
21080,2011-08-23,16.0,0.85
21080,2011-08-24,120.0,0.85
21080,2011-08-25,38.0,0.85
21080,2011-08-28,12.0,0.85
21080,2011-08-30,45.0,0.83
21080,2011-08-31,31.0,1.63
21080,2011-09-01,4.0,0.85
21080,2011-09-02,14.0,1.63
21080,2011-09-04,40.0,0.85
21080,2011-09-05,38.0,0.85
21080,2011-09-06,10.0,0.85
21080,2011-09-07,23.0,1.63
21080,2011-09-09,15.0,1.63
21080,2011-09-11,100.0,0.85
21080,2011-09-12,98.0,0.85
21080,2011-09-13,28.0,0.85
21080,2011-09-14,1.0,0.85
21080,2011-09-15,10.0,1.63
21080,2011-09-16,18.0,0.85
21080,2011-09-18,13.0,0.85
21080,2011-09-20,24.0,0.85
21080,2011-09-21,154.0,0.85
21080,2011-09-22,3.0,0.85
21080,2011-09-23,25.0,1.63
21080,2011-09-25,6.0,0.85
21080,2011-09-26,10.0,0.85
21080,2011-09-27,99.0,2.46
21080,2011-09-28,8.0,0.85
21080,2011-09-30,27.0,1.63
21080,2011-10-02,7.0,0.85
21080,2011-10-03,8.0,1.63
21080,2011-10-04,16.0,2.46
21080,2011-10-05,14.0,0.85
21080,2011-10-06,6.0,0.85
21080,2011-10-07,48.0,0.85
21080,2011-10-09,2.0,0.85
21080,2011-10-10,20.0,0.85
21080,2011-10-11,2.0,0.85
21080,2011-10-12,3.0,1.63
21080,2011-10-13,6.0,0.85
21080,2011-10-14,2.0,0.85
21080,2011-10-16,14.0,0.85
21080,2011-10-17,18.0,0.85
21080,2011-10-18,121.0,0.85
21080,2011-10-19,16.0,0.85
21080,2011-10-23,1.0,0.85
21080,2011-10-24,32.0,0.85
21080,2011-10-25,4.0,0.85
21080,2011-10-26,6.0,0.85
21080,2011-10-27,28.0,0.85
21080,2011-10-30,18.0,0.85
21080,2011-10-31,34.0,0.85
21080,2011-11-01,4.0,0.85
21080,2011-11-02,4.0,1.63
21080,2011-11-03,16.0,0.85
21080,2011-11-04,39.0,0.85
21080,2011-11-06,1.0,0.85
21080,2011-11-07,18.0,0.85
21080,2011-11-08,39.0,0.85
21080,2011-11-09,1.0,1.63
21080,2011-11-10,17.0,0.85
21080,2011-11-11,6.0,0.85
21080,2011-11-13,115.0,0.85
21080,2011-11-14,30.0,0.85
21080,2011-11-16,103.0,1.63
21080,2011-11-18,6.0,0.85
21080,2011-11-20,17.0,0.85
21080,2011-11-21,3.0,0.85
21080,2011-11-22,17.0,0.85
21080,2011-11-23,198.0,0.85
21080,2011-11-24,4.0,1.63
21080,2011-11-25,13.0,0.85
21080,2011-11-27,11.0,0.85
21080,2011-11-28,5.0,1.63
21080,2011-11-29,15.0,0.85
21080,2011-11-30,9.0,0.85
21080,2011-12-01,6.0,1.63
21080,2011-12-02,50.0,0.85
21080,2011-12-04,21.0,0.85
21080,2011-12-05,24.0,0.85
21080,2011-12-06,99.0,0.85
21080,2011-12-07,5.0,0.85
21080,2011-12-08,5.0,1.63
21175,2010-12-01,5.0,2.1
21175,2010-12-02,12.0,2.1
21175,2010-12-03,5.0,4.21
21175,2010-12-05,14.0,2.1
21175,2010-12-06,38.0,2.1
21175,2010-12-07,31.0,2.1
21175,2010-12-08,74.0,2.1
21175,2010-12-09,3.0,4.21
21175,2010-12-10,48.0,2.1
21175,2010-12-12,20.0,2.1
21175,2010-12-13,5.0,4.21
21175,2010-12-14,6.0,2.1
21175,2010-12-15,5.0,2.1
21175,2010-12-16,36.0,2.1
21175,2010-12-17,8.0,4.21
21175,2010-12-19,12.0,2.1
21175,2010-12-20,32.0,2.1
21175,2010-12-21,2.0,4.21
21175,2011-01-04,25.0,2.1
21175,2011-01-05,74.0,2.1
21175,2011-01-06,13.0,2.1
21175,2011-01-09,70.0,2.1
21175,2011-01-10,8.0,2.1
21175,2011-01-11,2060.0,2.1
21175,2011-01-12,14.0,2.1
21175,2011-01-13,14.0,2.1
21175,2011-01-14,24.0,2.1
21175,2011-01-16,7.0,2.1
21175,2011-01-17,10.0,4.13
21175,2011-01-19,3.0,2.1
21175,2011-01-20,5.0,4.13
21175,2011-01-24,30.0,2.1
21175,2011-01-25,30.0,2.1
21175,2011-01-26,6.0,2.1
21175,2011-01-30,16.0,2.1
21175,2011-01-31,1.0,4.13
21175,2011-02-01,28.0,4.13
21175,2011-02-02,1.0,2.1
21175,2011-02-03,8.0,2.55
21175,2011-02-06,1.0,2.55
21175,2011-02-07,8.0,4.96
21175,2011-02-08,62.0,2.55
21175,2011-02-10,24.0,2.55
21175,2011-02-11,11.0,2.55
21175,2011-02-13,2.0,2.55
21175,2011-02-14,15.0,2.55
21175,2011-02-15,17.0,2.55
21175,2011-02-16,24.0,2.55
21175,2011-02-17,10.0,2.55
21175,2011-02-21,28.0,4.96
21175,2011-02-22,17.0,2.55
21175,2011-02-23,1.0,2.55
21175,2011-02-24,6.0,2.55
21175,2011-02-25,12.0,2.55
21175,2011-02-27,7.0,2.55
21175,2011-02-28,13.0,2.55
21175,2011-03-01,3.0,2.55
21175,2011-03-02,12.0,2.55
21175,2011-03-03,1.0,4.96
21175,2011-03-04,3.0,2.55
21175,2011-03-06,4.0,2.55
21175,2011-03-07,16.0,2.55
21175,2011-03-08,18.0,2.55
21175,2011-03-09,1.0,2.55
21175,2011-03-10,12.0,2.55
21175,2011-03-11,48.0,2.08
21175,2011-03-13,6.0,2.55
21175,2011-03-14,62.0,2.55
21175,2011-03-16,72.0,2.55
21175,2011-03-17,37.0,2.55
21175,2011-03-18,14.0,2.55
21175,2011-03-20,26.0,2.55
21175,2011-03-21,25.0,2.55
21175,2011-03-22,13.0,4.96
21175,2011-03-23,6.0,2.55
21175,2011-03-24,85.0,2.55
21175,2011-03-25,5.0,2.55
21175,2011-03-27,3.0,2.55
21175,2011-03-28,1.0,2.55
21175,2011-03-29,19.0,2.55
21175,2011-03-30,4.0,2.55
21175,2011-03-31,44.0,2.55
21175,2011-04-01,25.0,2.55
21175,2011-04-03,7.0,2.55
21175,2011-04-04,3.0,2.55
21175,2011-04-05,14.0,2.55
21175,2011-04-06,1.0,2.55
21175,2011-04-07,13.0,2.55
21175,2011-04-08,12.0,2.55
21175,2011-04-10,3.0,2.55
21175,2011-04-11,26.0,2.55
21175,2011-04-12,26.0,2.55
21175,2011-04-13,24.0,2.55
21175,2011-04-14,170.0,2.55
21175,2011-04-15,28.0,2.55
21175,2011-04-17,1.0,2.55
21175,2011-04-18,2067.0,2.55
21175,2011-04-19,2.0,2.55
21175,2011-04-20,24.0,2.55
21175,2011-04-21,5.0,2.55
21175,2011-04-27,2.0,2.55
21175,2011-04-28,13.0,2.55
21175,2011-05-01,12.0,2.55
21175,2011-05-03,19.0,2.55
21175,2011-05-04,29.0,2.55
21175,2011-05-05,41.0,2.55
21175,2011-05-06,31.0,2.55
21175,2011-05-08,12.0,2.55
21175,2011-05-09,14.0,2.55
21175,2011-05-10,15.0,2.55
21175,2011-05-11,61.0,2.55
21175,2011-05-12,56.0,2.55
21175,2011-05-15,1.0,2.55
21175,2011-05-16,12.0,2.55
21175,2011-05-17,15.0,2.55
21175,2011-05-18,38.0,2.55
21175,2011-05-19,48.0,2.55
21175,2011-05-20,60.0,2.55
21175,2011-05-22,7.0,2.55
21175,2011-05-23,16.0,2.55
21175,2011-05-24,16.0,2.55
21175,2011-05-25,12.0,2.55
21175,2011-05-26,5.0,2.55
21175,2011-05-27,12.0,2.55
21175,2011-05-29,4.0,2.55
21175,2011-05-31,43.0,2.55
21175,2011-06-01,1.0,4.96
21175,2011-06-02,12.0,2.55
21175,2011-06-03,46.0,2.55
21175,2011-06-05,3.0,2.55
21175,2011-06-06,12.0,2.55
21175,2011-06-07,24.0,2.55
21175,2011-06-08,20.0,2.55
21175,2011-06-09,5.0,2.55
21175,2011-06-10,12.0,2.55
21175,2011-06-12,1.0,2.55
21175,2011-06-13,12.0,2.55
21175,2011-06-14,31.0,2.55
21175,2011-06-15,1.0,2.55
21175,2011-06-16,14.0,2.55
21175,2011-06-17,14.0,2.55
21175,2011-06-19,26.0,2.55
21175,2011-06-20,54.0,2.55
21175,2011-06-21,24.0,2.55
21175,2011-06-22,28.0,2.55
21175,2011-06-23,15.0,2.55
21175,2011-06-24,2.0,4.96
21175,2011-06-26,1.0,2.55
21175,2011-06-27,3.0,4.96
21175,2011-06-28,5.0,2.55
21175,2011-06-29,2.0,2.55
21175,2011-06-30,17.0,2.55
21175,2011-07-01,26.0,2.55
21175,2011-07-04,1.0,2.55
21175,2011-07-05,50.0,4.96
21175,2011-07-06,14.0,2.55
21175,2011-07-07,11.0,2.55
21175,2011-07-08,36.0,2.55
21175,2011-07-10,7.0,2.55
21175,2011-07-11,72.0,2.55
21175,2011-07-12,3.0,4.96
21175,2011-07-13,4.0,4.96
21175,2011-07-14,225.0,2.55
21175,2011-07-15,1.0,2.55
21175,2011-07-17,1.0,2.55
21175,2011-07-18,72.0,2.55
21175,2011-07-19,113.0,2.55
21175,2011-07-20,49.0,2.55
21175,2011-07-21,39.0,2.55
21175,2011-07-24,18.0,2.55
21175,2011-07-25,2.0,2.55
21175,2011-07-26,12.0,2.55
21175,2011-07-27,12.0,2.55
21175,2011-07-28,4.0,2.55
21175,2011-07-29,24.0,2.55
21175,2011-07-31,16.0,2.55
21175,2011-08-01,72.0,2.55
21175,2011-08-02,24.0,2.55
21175,2011-08-03,36.0,2.55
21175,2011-08-04,20.0,2.55
21175,2011-08-05,4.0,2.55
21175,2011-08-07,4.0,2.55
21175,2011-08-08,51.0,2.55
21175,2011-08-09,36.0,2.55
21175,2011-08-10,37.0,2.55
21175,2011-08-11,30.0,2.55
21175,2011-08-12,48.0,2.08
21175,2011-08-14,15.0,2.55
21175,2011-08-15,24.0,2.55
21175,2011-08-16,14.0,2.55
21175,2011-08-17,15.0,2.55
21175,2011-08-18,7.0,2.55
21175,2011-08-21,1.0,2.55
21175,2011-08-22,12.0,2.55
21175,2011-08-30,1.0,4.96
21175,2011-09-04,15.0,2.55
21175,2011-09-05,20.0,2.55
21175,2011-09-06,49.0,2.55
21175,2011-09-07,85.0,2.55
21175,2011-09-08,1.0,2.55
21175,2011-09-09,109.0,2.55
21175,2011-09-11,48.0,2.55
21175,2011-09-12,12.0,2.55
21175,2011-09-13,43.0,2.55
21175,2011-09-14,74.0,2.55
21175,2011-09-15,15.0,4.96
21175,2011-09-16,12.0,2.55
21175,2011-09-18,10.0,2.55
21175,2011-09-19,13.0,2.55
21175,2011-09-20,257.0,2.66
21175,2011-09-21,38.0,4.96
21175,2011-09-22,31.0,2.55
21175,2011-09-23,1.0,4.96
21175,2011-09-25,14.0,2.55
21175,2011-09-26,24.0,2.55
21175,2011-09-27,24.0,2.55
21175,2011-09-28,17.0,2.55
21175,2011-09-29,39.0,2.55
21175,2011-09-30,26.0,2.55
21175,2011-10-02,4.0,2.55
21175,2011-10-03,243.0,2.55
21175,2011-10-04,2.0,2.55
21175,2011-10-05,28.0,2.55
21175,2011-10-06,49.0,2.55
21175,2011-10-07,1.0,4.96
21175,2011-10-10,142.0,2.55
21175,2011-10-11,27.0,2.55
21175,2011-10-12,48.0,2.08
21175,2011-10-13,1.0,4.96
21175,2011-10-14,24.0,2.55
21175,2011-10-16,12.0,2.55
21175,2011-10-17,37.0,2.55
21175,2011-10-18,4.0,4.96
21175,2011-10-19,12.0,2.55
21175,2011-10-20,1.0,2.55
21175,2011-10-23,2.0,2.55
21175,2011-10-24,101.0,4.96
21175,2011-10-25,15.0,2.55
21175,2011-10-26,9.0,2.55
21175,2011-10-27,39.0,2.55
21175,2011-10-28,24.0,2.55
21175,2011-10-30,19.0,2.55
21175,2011-10-31,32.0,2.55
21175,2011-11-01,14.0,2.55
21175,2011-11-02,18.0,2.55
21175,2011-11-03,193.0,2.66
21175,2011-11-04,62.0,2.55
21175,2011-11-06,16.0,2.55
21175,2011-11-07,41.0,2.55
21175,2011-11-08,15.0,2.55
21175,2011-11-09,74.0,2.55
21175,2011-11-10,40.0,2.55
21175,2011-11-11,17.0,2.55
21175,2011-11-13,65.0,2.55
21175,2011-11-14,198.0,2.55
21175,2011-11-15,3.0,4.96
21175,2011-11-16,5.0,4.96
21175,2011-11-17,35.0,2.55
21175,2011-11-18,18.0,2.55
21175,2011-11-20,72.0,2.55
21175,2011-11-21,244.0,2.67
21175,2011-11-22,22.0,2.55
21175,2011-11-23,27.0,2.55
21175,2011-11-24,18.0,2.55
21175,2011-11-25,16.0,4.96
21175,2011-11-27,6.0,2.55
21175,2011-11-28,4.0,2.55
21175,2011-11-29,45.0,2.55
21175,2011-11-30,140.0,2.55
21175,2011-12-01,2.0,2.55
21175,2011-12-02,77.0,2.55
21175,2011-12-04,14.0,2.55
21175,2011-12-05,50.0,2.55
21175,2011-12-06,25.0,2.55
21175,2011-12-07,6.0,2.55
21175,2011-12-08,42.0,4.96
21175,2011-12-09,2.0,4.96
21212,2010-12-01,217.0,0.55
21212,2010-12-02,435.0,0.55
21212,2010-12-03,134.0,1.28
21212,2010-12-05,21.0,0.55
21212,2010-12-06,141.0,1.28
21212,2010-12-07,237.0,0.55
21212,2010-12-08,110.0,0.55
21212,2010-12-09,53.0,0.55
21212,2010-12-10,462.0,0.55
21212,2010-12-12,5.0,0.55
21212,2010-12-13,33.0,0.55
21212,2010-12-14,188.0,0.55
21212,2010-12-15,194.0,0.55
21212,2010-12-17,9.0,1.28
21212,2010-12-20,991.0,1.28
21212,2010-12-21,12.0,1.28
21212,2010-12-23,24.0,0.55
21212,2011-01-04,25.0,0.55
21212,2011-01-06,56.0,0.55
21212,2011-01-07,147.0,0.55
21212,2011-01-09,24.0,0.55
21212,2011-01-10,28.0,1.28
21212,2011-01-11,25.0,2.08
21212,2011-01-12,155.0,0.55
21212,2011-01-13,73.0,0.55
21212,2011-01-14,50.0,0.55
21212,2011-01-17,2.0,1.25
21212,2011-01-18,73.0,1.25
21212,2011-01-19,52.0,0.55
21212,2011-01-20,1.0,1.25
21212,2011-01-21,9.0,1.25
21212,2011-01-23,8.0,0.55
21212,2011-01-24,170.0,0.55
21212,2011-01-25,127.0,0.55
21212,2011-01-26,169.0,0.55
21212,2011-01-27,47.0,0.55
21212,2011-01-28,16.0,2.08
21212,2011-01-30,4.0,0.55
21212,2011-01-31,110.0,0.55
21212,2011-02-01,148.0,0.55
21212,2011-02-02,2.0,0.55
21212,2011-02-03,160.0,0.55
21212,2011-02-04,66.0,0.55
21212,2011-02-07,50.0,0.55
21212,2011-02-08,34.0,1.25
21212,2011-02-09,29.0,0.55
21212,2011-02-10,26.0,0.55
21212,2011-02-11,134.0,2.08
21212,2011-02-13,26.0,0.55
21212,2011-02-14,30.0,0.55
21212,2011-02-15,24.0,0.55
21212,2011-02-16,27.0,1.25
21212,2011-02-17,43.0,0.55
21212,2011-02-18,197.0,0.55
21212,2011-02-20,13.0,0.55
21212,2011-02-21,47.0,0.55
21212,2011-02-22,219.0,0.55
21212,2011-02-23,82.0,0.55
21212,2011-02-24,50.0,0.55
21212,2011-02-25,52.0,0.55
21212,2011-02-27,100.0,0.55
21212,2011-02-28,80.0,0.55
21212,2011-03-01,24.0,0.55
21212,2011-03-02,97.0,0.55
21212,2011-03-03,25.0,0.55
21212,2011-03-04,175.0,0.55
21212,2011-03-06,120.0,0.42
21212,2011-03-07,86.0,1.25
21212,2011-03-08,229.0,0.55
21212,2011-03-09,73.0,0.55
21212,2011-03-10,96.0,0.55
21212,2011-03-11,40.0,2.08
21212,2011-03-13,2.0,0.55
21212,2011-03-14,75.0,0.55
21212,2011-03-15,100.0,0.55
21212,2011-03-16,360.0,0.42
21212,2011-03-17,27.0,1.25
21212,2011-03-18,35.0,0.55
21212,2011-03-20,202.0,0.55
21212,2011-03-21,53.0,0.55
21212,2011-03-22,59.0,1.25
21212,2011-03-23,53.0,0.55
21212,2011-03-24,187.0,0.55
21212,2011-03-25,27.0,0.55
21212,2011-03-27,4.0,0.55
21212,2011-03-28,26.0,0.55
21212,2011-03-29,260.0,0.55
21212,2011-03-30,78.0,0.55
21212,2011-03-31,94.0,0.55
21212,2011-04-01,30.0,0.55
21212,2011-04-03,9.0,0.55
21212,2011-04-04,271.0,0.55
21212,2011-04-05,98.0,0.55
21212,2011-04-06,162.0,0.55
21212,2011-04-07,13.0,0.55
21212,2011-04-08,28.0,1.25
21212,2011-04-10,25.0,0.55
21212,2011-04-11,107.0,0.55
21212,2011-04-12,86.0,0.55
21212,2011-04-13,24.0,0.55
21212,2011-04-14,216.0,0.55
21212,2011-04-15,65.0,2.08
21212,2011-04-17,54.0,0.55
21212,2011-04-18,160.0,1.25
21212,2011-04-19,79.0,1.25
21212,2011-04-20,1108.0,0.55
21212,2011-04-21,2.0,0.55
21212,2011-04-26,115.0,0.55
21212,2011-04-27,53.0,0.55
21212,2011-04-28,51.0,0.55
21212,2011-05-01,24.0,0.55
21212,2011-05-03,92.0,0.55
21212,2011-05-04,32.0,0.55
21212,2011-05-05,98.0,0.55
21212,2011-05-06,152.0,0.55
21212,2011-05-08,54.0,0.55
21212,2011-05-09,105.0,0.55
21212,2011-05-10,49.0,2.08
21212,2011-05-11,52.0,0.55
21212,2011-05-12,34.0,0.55
21212,2011-05-13,80.0,0.55
21212,2011-05-15,29.0,0.55
21212,2011-05-16,129.0,0.55
21212,2011-05-17,14.0,2.08
21212,2011-05-18,169.0,0.55
21212,2011-05-19,50.0,0.55
21212,2011-05-20,29.0,0.55
21212,2011-05-22,136.0,0.55
21212,2011-05-23,15.0,0.55
21212,2011-05-24,98.0,0.55
21212,2011-05-25,27.0,1.25
21212,2011-05-26,24.0,0.55
21212,2011-05-27,112.0,0.55
21212,2011-05-29,12.0,0.55
21212,2011-05-31,47.0,1.25
21212,2011-06-01,25.0,1.25
21212,2011-06-02,48.0,0.55
21212,2011-06-03,3.0,1.25
21212,2011-06-05,76.0,0.55
21212,2011-06-06,48.0,0.55
21212,2011-06-07,149.0,1.25
21212,2011-06-08,124.0,0.55
21212,2011-06-09,30.0,0.55
21212,2011-06-10,40.0,0.55
21212,2011-06-12,36.0,0.55
21212,2011-06-13,1.0,0.55
21212,2011-06-14,38.0,1.25
21212,2011-06-15,145.0,0.55
21212,2011-06-16,122.0,0.55
21212,2011-06-17,91.0,0.55
21212,2011-06-19,27.0,0.55
21212,2011-06-20,33.0,0.55
21212,2011-06-21,36.0,1.25
21212,2011-06-22,2.0,0.55
21212,2011-06-23,35.0,0.55
21212,2011-06-26,3.0,0.55
21212,2011-06-27,36.0,0.55
21212,2011-06-28,53.0,2.08
21212,2011-06-29,7.0,0.55
21212,2011-06-30,2.0,0.55
21212,2011-07-01,24.0,0.55
21212,2011-07-03,1.0,0.55
21212,2011-07-04,97.0,0.55
21212,2011-07-05,378.0,1.25
21212,2011-07-06,32.0,0.55
21212,2011-07-07,540.0,0.55
21212,2011-07-08,22.0,2.08
21212,2011-07-10,6.0,0.55
21212,2011-07-11,27.0,0.55
21212,2011-07-12,49.0,0.55
21212,2011-07-13,5.0,0.55
21212,2011-07-14,27.0,0.55
21212,2011-07-15,73.0,0.55
21212,2011-07-17,24.0,0.55
21212,2011-07-18,42.0,0.55
21212,2011-07-19,112.0,0.55
21212,2011-07-20,95.0,0.55
21212,2011-07-21,1.0,0.55
21212,2011-07-22,33.0,0.55
21212,2011-07-24,28.0,0.55
21212,2011-07-25,147.0,0.55
21212,2011-07-26,160.0,0.55
21212,2011-07-28,50.0,0.55
21212,2011-07-29,24.0,0.55
21212,2011-07-31,150.0,0.55
21212,2011-08-01,24.0,0.55
21212,2011-08-02,16.0,2.08
21212,2011-08-03,7.0,1.25
21212,2011-08-04,198.0,0.55
21212,2011-08-05,30.0,0.55
21212,2011-08-07,26.0,0.55
21212,2011-08-08,27.0,1.25
21212,2011-08-09,144.0,0.55
21212,2011-08-10,36.0,2.08
21212,2011-08-11,27.0,0.55
21212,2011-08-12,26.0,1.25
21212,2011-08-14,3.0,0.55
21212,2011-08-15,30.0,0.55
21212,2011-08-16,51.0,2.08
21212,2011-08-17,72.0,0.55
21212,2011-08-18,1345.0,0.55
21212,2011-08-19,48.0,0.55
21212,2011-08-21,8.0,0.55
21212,2011-08-22,48.0,0.55
21212,2011-08-23,84.0,0.55
21212,2011-08-24,78.0,0.55
21212,2011-08-26,29.0,2.08
21212,2011-08-28,5.0,0.55
21212,2011-08-30,39.0,1.25
21212,2011-08-31,13.0,0.55
21212,2011-09-01,75.0,0.55
21212,2011-09-02,229.0,0.55
21212,2011-09-04,55.0,0.55
21212,2011-09-05,36.0,0.55
21212,2011-09-06,37.0,2.08
21212,2011-09-07,26.0,1.25
21212,2011-09-08,50.0,0.55
21212,2011-09-09,59.0,0.55
21212,2011-09-11,144.0,0.55
21212,2011-09-13,810.0,0.55
21212,2011-09-14,36.0,0.55
21212,2011-09-15,41.0,0.55
21212,2011-09-16,41.0,2.08
21212,2011-09-18,3.0,0.55
21212,2011-09-19,50.0,0.55
21212,2011-09-20,70.0,0.55
21212,2011-09-21,182.0,1.25
21212,2011-09-22,32.0,0.55
21212,2011-09-23,59.0,1.25
21212,2011-09-25,11.0,0.55
21212,2011-09-26,28.0,0.55
21212,2011-09-27,65.0,0.55
21212,2011-09-28,34.0,0.55
21212,2011-09-29,124.0,0.55
21212,2011-09-30,49.0,0.55
21212,2011-10-02,11.0,0.55
21212,2011-10-03,26.0,1.25
21212,2011-10-04,83.0,0.55
21212,2011-10-05,24.0,0.55
21212,2011-10-06,122.0,0.55
21212,2011-10-07,138.0,0.55
21212,2011-10-09,12.0,0.55
21212,2011-10-10,33.0,0.55
21212,2011-10-11,35.0,1.25
21212,2011-10-12,25.0,0.55
21212,2011-10-13,25.0,1.25
21212,2011-10-14,21.0,2.08
21212,2011-10-16,24.0,0.55
21212,2011-10-17,38.0,0.55
21212,2011-10-18,8.0,2.08
21212,2011-10-20,72.0,0.55
21212,2011-10-21,1.0,2.08
21212,2011-10-23,28.0,0.55
21212,2011-10-24,14.0,0.55
21212,2011-10-25,37.0,0.55
21212,2011-10-26,36.0,0.55
21212,2011-10-27,61.0,0.55
21212,2011-10-28,244.0,0.55
21212,2011-10-30,57.0,0.55
21212,2011-10-31,40.0,1.25
21212,2011-11-01,28.0,0.55
21212,2011-11-02,99.0,0.55
21212,2011-11-03,505.0,0.55
21212,2011-11-04,56.0,0.55
21212,2011-11-06,50.0,0.55
21212,2011-11-07,77.0,0.55
21212,2011-11-08,66.0,0.55
21212,2011-11-09,4.0,1.25
21212,2011-11-10,78.0,0.55
21212,2011-11-11,38.0,1.25
21212,2011-11-13,63.0,0.55
21212,2011-11-14,164.0,0.55
21212,2011-11-15,62.0,1.25
21212,2011-11-16,17.0,0.55
21212,2011-11-17,12.0,0.55
21212,2011-11-18,85.0,1.25
21212,2011-11-20,58.0,0.55
21212,2011-11-21,52.0,0.55
21212,2011-11-22,75.0,0.55
21212,2011-11-23,82.0,0.55
21212,2011-11-24,1.0,0.55
21212,2011-11-25,45.0,0.55
21212,2011-11-27,15.0,2.08
21212,2011-11-28,36.0,0.55
21212,2011-11-29,52.0,1.25
21212,2011-11-30,217.0,0.55
21212,2011-12-01,5.0,1.25
21212,2011-12-02,92.0,0.55
21212,2011-12-04,24.0,5.0
21212,2011-12-05,18.0,0.55
21212,2011-12-06,66.0,1.25
21212,2011-12-07,50.0,0.55
21212,2011-12-08,51.0,1.25
21212,2011-12-09,9.0,2.08
21232,2010-12-01,549.0,1.25
21232,2010-12-02,44.0,1.25
21232,2010-12-03,93.0,2.51
21232,2010-12-05,4.0,1.25
21232,2010-12-06,35.0,2.51
21232,2010-12-07,76.0,2.51
21232,2010-12-08,68.0,1.25
21232,2010-12-09,11.0,2.51
21232,2010-12-10,168.0,1.25
21232,2010-12-12,19.0,1.25
21232,2010-12-13,132.0,1.25
21232,2010-12-14,5.0,3.36
21232,2010-12-15,37.0,1.25
21232,2010-12-16,64.0,1.25
21232,2010-12-17,69.0,2.51
21232,2010-12-19,5.0,1.25
21232,2010-12-20,45.0,1.25
21232,2010-12-21,2.0,2.51
21232,2011-01-04,1.0,2.51
21232,2011-01-05,16.0,1.25
21232,2011-01-06,89.0,1.25
21232,2011-01-07,13.0,2.51
21232,2011-01-09,5.0,1.25
21232,2011-01-10,15.0,2.51
21232,2011-01-12,5.0,2.51
21232,2011-01-13,8.0,1.25
21232,2011-01-17,98.0,1.25
21232,2011-01-18,13.0,2.46
21232,2011-01-19,9.0,2.46
21232,2011-01-23,4.0,1.25
21232,2011-01-24,34.0,2.46
21232,2011-01-25,109.0,1.25
21232,2011-01-26,1.0,3.29
21232,2011-01-27,10.0,1.25
21232,2011-01-30,4.0,1.25
21232,2011-01-31,100.0,2.46
21232,2011-02-01,12.0,1.25
21232,2011-02-02,14.0,3.29
21232,2011-02-03,14.0,1.25
21232,2011-02-04,14.0,3.29
21232,2011-02-07,19.0,1.25
21232,2011-02-08,21.0,3.29
21232,2011-02-09,6.0,2.46
21232,2011-02-11,51.0,1.25
21232,2011-02-13,4.0,1.25
21232,2011-02-14,13.0,2.46
21232,2011-02-15,12.0,1.25
21232,2011-02-16,4.0,1.25
21232,2011-02-17,53.0,1.25
21232,2011-02-18,28.0,1.25
21232,2011-02-21,33.0,1.25
21232,2011-02-22,229.0,1.25
21232,2011-02-23,88.0,2.46
21232,2011-02-24,36.0,1.25
21232,2011-02-25,49.0,1.25
21232,2011-02-27,4.0,1.25
21232,2011-02-28,128.0,1.25
21232,2011-03-01,4.0,2.46
21232,2011-03-02,12.0,1.25
21232,2011-03-03,41.0,1.25
21232,2011-03-04,49.0,1.25
21232,2011-03-06,72.0,1.06
21232,2011-03-07,120.0,2.46
21232,2011-03-08,90.0,1.25
21232,2011-03-09,4.0,1.25
21232,2011-03-10,45.0,1.25
21232,2011-03-11,41.0,2.46
21232,2011-03-13,4.0,1.25
21232,2011-03-15,8.0,1.25
21232,2011-03-17,52.0,1.25
21232,2011-03-18,12.0,1.25
21232,2011-03-20,2.0,2.46
21232,2011-03-21,16.0,1.25
21232,2011-03-22,16.0,2.46
21232,2011-03-23,180.0,1.25
21232,2011-03-24,39.0,1.25
21232,2011-03-25,20.0,1.25
21232,2011-03-28,27.0,1.25
21232,2011-03-29,38.0,2.46
21232,2011-03-30,112.0,1.25
21232,2011-03-31,52.0,2.46
21232,2011-04-01,12.0,1.25
21232,2011-04-03,7.0,1.25
21232,2011-04-04,12.0,1.25
21232,2011-04-05,100.0,1.25
21232,2011-04-08,12.0,1.25
21232,2011-04-10,4.0,1.25
21232,2011-04-12,4.0,1.25
21232,2011-04-13,12.0,1.25
21232,2011-04-14,12.0,1.25
21232,2011-04-15,89.0,3.29
21232,2011-04-17,25.0,1.25
21232,2011-04-18,73.0,1.25
21232,2011-04-19,1.0,2.46
21232,2011-04-20,12.0,1.25
21232,2011-04-21,53.0,1.25
21232,2011-04-26,18.0,3.29
21232,2011-04-27,180.0,1.25
21232,2011-04-28,16.0,1.25
21232,2011-05-03,22.0,2.46
21232,2011-05-04,120.0,1.25
21232,2011-05-05,25.0,2.46
21232,2011-05-06,71.0,1.25
21232,2011-05-09,28.0,1.25
21232,2011-05-10,34.0,3.29
21232,2011-05-11,3.0,2.46
21232,2011-05-12,24.0,1.25
21232,2011-05-13,47.0,1.25
21232,2011-05-16,51.0,1.25
21232,2011-05-17,56.0,1.25
21232,2011-05-18,24.0,1.25
21232,2011-05-19,61.0,1.25
21232,2011-05-20,13.0,2.46
21232,2011-05-22,28.0,1.25
21232,2011-05-23,24.0,1.25
21232,2011-05-24,30.0,1.25
21232,2011-05-25,13.0,1.25
21232,2011-05-26,16.0,1.25
21232,2011-05-27,39.0,3.29
21232,2011-05-29,4.0,1.25
21232,2011-05-31,8.0,3.29
21232,2011-06-01,2.0,2.46
21232,2011-06-02,88.0,1.25
21232,2011-06-05,12.0,1.25
21232,2011-06-06,12.0,1.25
21232,2011-06-07,1.0,1.25
21232,2011-06-08,45.0,2.46
21232,2011-06-09,32.0,1.25
21232,2011-06-10,6.0,3.29
21232,2011-06-12,75.0,1.25
21232,2011-06-13,13.0,1.25
21232,2011-06-14,22.0,3.29
21232,2011-06-15,4.0,1.25
21232,2011-06-16,20.0,2.46
21232,2011-06-17,15.0,3.29
21232,2011-06-20,50.0,1.25
21232,2011-06-21,23.0,1.25
21232,2011-06-22,9.0,1.25
21232,2011-06-23,10.0,1.25
21232,2011-06-24,13.0,2.46
21232,2011-06-26,12.0,1.25
21232,2011-06-27,9.0,2.46
21232,2011-06-28,29.0,3.29
21232,2011-06-29,26.0,1.25
21232,2011-06-30,16.0,1.25
21232,2011-07-01,16.0,1.25
21232,2011-07-03,8.0,1.25
21232,2011-07-04,1.0,2.46
21232,2011-07-05,19.0,2.46
21232,2011-07-06,18.0,1.25
21232,2011-07-07,20.0,1.25
21232,2011-07-10,7.0,1.25
21232,2011-07-11,36.0,1.25
21232,2011-07-12,1.0,2.46
21232,2011-07-13,26.0,1.25
21232,2011-07-14,57.0,1.25
21232,2011-07-15,1.0,2.46
21232,2011-07-18,2.0,2.46
21232,2011-07-19,121.0,1.25
21232,2011-07-20,11.0,2.46
21232,2011-07-22,1.0,2.46
21232,2011-07-24,6.0,1.25
21232,2011-07-25,46.0,1.25
21232,2011-07-26,1.0,2.46
21232,2011-07-27,12.0,1.25
21232,2011-07-29,36.0,1.25
21232,2011-08-01,33.0,1.25
21232,2011-08-02,13.0,1.25
21232,2011-08-03,8.0,1.25
21232,2011-08-04,85.0,1.25
21232,2011-08-05,2.0,1.25
21232,2011-08-08,5.0,2.46
21232,2011-08-09,12.0,1.25
21232,2011-08-10,7.0,2.46
21232,2011-08-11,21.0,3.29
21232,2011-08-12,2.0,2.46
21232,2011-08-14,72.0,1.06
21232,2011-08-15,24.0,1.25
21232,2011-08-16,1.0,3.29
21232,2011-08-17,27.0,1.25
21232,2011-08-18,12.0,1.25
21232,2011-08-19,12.0,1.25
21232,2011-08-22,4.0,1.25
21232,2011-08-24,27.0,3.29
21232,2011-08-25,15.0,1.25
21232,2011-08-26,51.0,3.29
21232,2011-08-28,4.0,1.25
21232,2011-08-30,27.0,2.46
21232,2011-09-01,36.0,1.25
21232,2011-09-02,11.0,2.46
21232,2011-09-05,4.0,1.25
21232,2011-09-06,35.0,1.25
21232,2011-09-07,2.0,2.46
21232,2011-09-08,157.0,1.25
21232,2011-09-09,49.0,1.25
21232,2011-09-11,40.0,1.25
21232,2011-09-12,49.0,1.25
21232,2011-09-13,33.0,2.46
21232,2011-09-14,2.0,2.46
21232,2011-09-15,14.0,2.46
21232,2011-09-16,25.0,1.25
21232,2011-09-18,10.0,1.25
21232,2011-09-19,112.0,1.06
21232,2011-09-20,16.0,1.25
21232,2011-09-21,18.0,2.46
21232,2011-09-22,7.0,1.25
21232,2011-09-23,40.0,1.25
21232,2011-09-25,14.0,1.25
21232,2011-09-26,39.0,1.25
21232,2011-09-27,32.0,3.29
21232,2011-09-28,105.0,1.25
21232,2011-09-29,12.0,1.25
21232,2011-09-30,25.0,1.25
21232,2011-10-02,1.0,1.25
21232,2011-10-03,5.0,2.46
21232,2011-10-04,40.0,2.46
21232,2011-10-05,5.0,2.46
21232,2011-10-06,13.0,2.46
21232,2011-10-07,2.0,3.29
21232,2011-10-09,2.0,1.25
21232,2011-10-10,30.0,1.25
21232,2011-10-11,17.0,2.46
21232,2011-10-12,17.0,1.25
21232,2011-10-13,288.0,1.06
21232,2011-10-14,18.0,1.25
21232,2011-10-17,15.0,2.46
21232,2011-10-18,12.0,1.25
21232,2011-10-19,5.0,2.46
21232,2011-10-20,16.0,1.25
21232,2011-10-21,85.0,1.25
21232,2011-10-23,6.0,1.25
21232,2011-10-24,4.0,2.46
21232,2011-10-25,15.0,1.25
21232,2011-10-26,76.0,2.46
21232,2011-10-27,37.0,1.25
21232,2011-10-28,1.0,1.25
21232,2011-10-30,4.0,1.25
21232,2011-10-31,34.0,2.46
21232,2011-11-02,29.0,2.46
21232,2011-11-03,84.0,1.25
21232,2011-11-04,41.0,1.25
21232,2011-11-06,13.0,1.25
21232,2011-11-07,17.0,2.46
21232,2011-11-08,28.0,1.25
21232,2011-11-10,57.0,1.25
21232,2011-11-11,15.0,2.46
21232,2011-11-13,18.0,2.46
21232,2011-11-14,84.0,2.46
21232,2011-11-15,565.0,1.25
21232,2011-11-16,14.0,2.46
21232,2011-11-17,42.0,1.25
21232,2011-11-18,2.0,1.25
21232,2011-11-20,26.0,1.25
21232,2011-11-21,27.0,1.25
21232,2011-11-22,7.0,1.25
21232,2011-11-23,94.0,1.25
21232,2011-11-24,2.0,2.46
21232,2011-11-25,34.0,2.46
21232,2011-11-27,1.0,1.25
21232,2011-11-28,13.0,2.46
21232,2011-11-29,64.0,1.25
21232,2011-11-30,32.0,2.46
21232,2011-12-01,239.0,1.25
21232,2011-12-02,31.0,2.46
21232,2011-12-05,75.0,2.46
21232,2011-12-06,3.0,2.46
21232,2011-12-07,94.0,1.25
21232,2011-12-08,30.0,2.46
21232,2011-12-09,14.0,2.46
21754,2010-12-01,22.0,5.95
21754,2010-12-02,17.0,5.95
21754,2010-12-03,1.0,11.87
21754,2010-12-05,39.0,5.95
21754,2010-12-06,37.0,5.95
21754,2010-12-07,22.0,5.95
21754,2010-12-08,30.0,5.95
21754,2010-12-09,22.0,5.95
21754,2010-12-10,8.0,11.87
21754,2010-12-12,8.0,5.95
21754,2010-12-13,12.0,5.95
21754,2010-12-14,13.0,5.95
21754,2010-12-15,11.0,5.95
21754,2010-12-16,15.0,5.95
21754,2010-12-17,18.0,11.87
21754,2010-12-20,6.0,11.87
21754,2010-12-21,3.0,5.95
21754,2010-12-22,2.0,5.95
21754,2010-12-23,2.0,5.95
21754,2011-01-04,40.0,5.45
21754,2011-01-05,40.0,5.95
21754,2011-01-06,9.0,5.95
21754,2011-01-07,6.0,5.95
21754,2011-01-09,7.0,5.95
21754,2011-01-10,34.0,5.95
21754,2011-01-11,8.0,5.95
21754,2011-01-12,7.0,5.95
21754,2011-01-13,5.0,11.63
21754,2011-01-14,10.0,5.95
21754,2011-01-16,6.0,5.95
21754,2011-01-17,19.0,5.95
21754,2011-01-18,2.0,11.63
21754,2011-01-19,15.0,5.95
21754,2011-01-20,3.0,5.95
21754,2011-01-21,1.0,5.95
21754,2011-01-23,5.0,5.95
21754,2011-01-24,2.0,11.63
21754,2011-01-25,30.0,5.95
21754,2011-01-26,8.0,5.95
21754,2011-01-27,22.0,5.95
21754,2011-01-28,2.0,11.63
21754,2011-01-30,7.0,5.95
21754,2011-01-31,3.0,11.63
21754,2011-02-01,21.0,5.95
21754,2011-02-02,21.0,5.95
21754,2011-02-03,4.0,5.95
21754,2011-02-04,22.0,5.95
21754,2011-02-07,3.0,5.95
21754,2011-02-08,8.0,5.95
21754,2011-02-09,1.0,5.95
21754,2011-02-10,8.0,5.95
21754,2011-02-11,18.0,5.95
21754,2011-02-13,22.0,5.95
21754,2011-02-15,6.0,11.63
21754,2011-02-16,26.0,5.95
21754,2011-02-17,5.0,5.95
21754,2011-02-18,9.0,5.95
21754,2011-02-21,6.0,5.95
21754,2011-02-22,10.0,5.95
21754,2011-02-23,8.0,5.95
21754,2011-02-24,8.0,5.95
21754,2011-02-25,20.0,5.95
21754,2011-02-27,23.0,5.95
21754,2011-02-28,7.0,5.95
21754,2011-03-01,21.0,5.95
21754,2011-03-02,15.0,5.95
21754,2011-03-04,1.0,11.63
21754,2011-03-06,15.0,5.95
21754,2011-03-07,14.0,11.63
21754,2011-03-08,3.0,5.95
21754,2011-03-09,12.0,5.95
21754,2011-03-10,8.0,5.95
21754,2011-03-11,1.0,5.95
21754,2011-03-13,22.0,5.95
21754,2011-03-14,6.0,5.95
21754,2011-03-15,24.0,5.95
21754,2011-03-16,6.0,5.95
21754,2011-03-17,11.0,5.95
21754,2011-03-18,2.0,5.95
21754,2011-03-20,4.0,5.95
21754,2011-03-21,2.0,5.95
21754,2011-03-22,4.0,11.63
21754,2011-03-23,6.0,5.95
21754,2011-03-24,14.0,5.95
21754,2011-03-25,2.0,5.95
21754,2011-03-27,4.0,5.95
21754,2011-03-28,21.0,5.95
21754,2011-03-29,11.0,5.95
21754,2011-03-30,6.0,5.95
21754,2011-03-31,9.0,5.95
21754,2011-04-01,11.0,5.95
21754,2011-04-03,3.0,5.95
21754,2011-04-04,4.0,5.95
21754,2011-04-05,7.0,5.95
21754,2011-04-06,2.0,11.63
21754,2011-04-07,4.0,5.95
21754,2011-04-08,3.0,5.95
21754,2011-04-10,12.0,5.95
21754,2011-04-11,6.0,5.95
21754,2011-04-12,3.0,5.95
21754,2011-04-13,9.0,5.95
21754,2011-04-14,15.0,5.95
21754,2011-04-17,12.0,5.95
21754,2011-04-18,17.0,5.95
21754,2011-04-19,1.0,11.63
21754,2011-04-20,9.0,5.95
21754,2011-04-21,10.0,5.95
21754,2011-04-26,32.0,5.95
21754,2011-04-27,5.0,11.63
21754,2011-04-28,11.0,5.95
21754,2011-05-01,7.0,5.95
21754,2011-05-03,8.0,5.95
21754,2011-05-04,7.0,5.95
21754,2011-05-05,7.0,5.95
21754,2011-05-06,16.0,5.95
21754,2011-05-08,4.0,5.95
21754,2011-05-09,12.0,5.95
21754,2011-05-10,32.0,5.95
21754,2011-05-11,6.0,5.95
21754,2011-05-12,48.0,5.95
21754,2011-05-13,16.0,5.95
21754,2011-05-15,18.0,5.45
21754,2011-05-16,7.0,5.95
21754,2011-05-17,42.0,5.95
21754,2011-05-18,7.0,5.95
21754,2011-05-19,5.0,11.63
21754,2011-05-20,9.0,5.95
21754,2011-05-22,16.0,5.95
21754,2011-05-23,4.0,5.95
21754,2011-05-24,7.0,5.95
21754,2011-05-25,9.0,5.95
21754,2011-05-26,6.0,5.95
21754,2011-05-27,5.0,5.95
21754,2011-05-29,2.0,5.95
21754,2011-05-31,2.0,11.63
21754,2011-06-01,1.0,5.95
21754,2011-06-02,26.0,5.45
21754,2011-06-03,3.0,5.95
21754,2011-06-05,12.0,5.95
21754,2011-06-06,9.0,5.95
21754,2011-06-07,14.0,5.95
21754,2011-06-08,7.0,5.95
21754,2011-06-09,4.0,5.95
21754,2011-06-10,9.0,5.95
21754,2011-06-12,4.0,5.95
21754,2011-06-13,4.0,5.95
21754,2011-06-14,3.0,5.95
21754,2011-06-15,6.0,5.95
21754,2011-06-16,12.0,5.95
21754,2011-06-19,5.0,5.95
21754,2011-06-20,3.0,5.95
21754,2011-06-22,7.0,5.95
21754,2011-06-23,10.0,5.95
21754,2011-06-26,10.0,5.95
21754,2011-06-27,19.0,11.63
21754,2011-06-28,6.0,5.95
21754,2011-06-29,2.0,5.95
21754,2011-06-30,4.0,5.95
21754,2011-07-04,1.0,5.95
21754,2011-07-05,14.0,5.95
21754,2011-07-07,4.0,5.95
21754,2011-07-08,1.0,11.63
21754,2011-07-10,2.0,5.95
21754,2011-07-11,7.0,11.63
21754,2011-07-12,6.0,11.63
21754,2011-07-13,4.0,5.95
21754,2011-07-14,9.0,5.95
21754,2011-07-15,4.0,5.95
21754,2011-07-17,3.0,5.95
21754,2011-07-18,6.0,5.95
21754,2011-07-19,17.0,5.95
21754,2011-07-20,8.0,5.95
21754,2011-07-21,2.0,5.95
21754,2011-07-22,3.0,5.95
21754,2011-07-24,9.0,5.95
21754,2011-07-25,6.0,5.95
21754,2011-07-26,4.0,5.95
21754,2011-07-27,4.0,5.95
21754,2011-07-28,9.0,5.95
21754,2011-07-29,6.0,5.95
21754,2011-07-31,6.0,5.95
21754,2011-08-01,5.0,5.95
21754,2011-08-02,1.0,11.63
21754,2011-08-04,10.0,5.95
21754,2011-08-05,3.0,5.95
21754,2011-08-07,9.0,5.95
21754,2011-08-08,3.0,5.95
21754,2011-08-11,13.0,5.95
21754,2011-08-14,1.0,5.95
21754,2011-08-15,20.0,5.95
21754,2011-08-16,7.0,5.95
21754,2011-08-17,22.0,5.95
21754,2011-08-18,11.0,5.95
21754,2011-08-19,3.0,5.95
21754,2011-08-21,4.0,5.95
21754,2011-08-22,6.0,5.95
21754,2011-08-23,27.0,5.95
21754,2011-08-24,1.0,5.95
21754,2011-08-25,2.0,5.95
21754,2011-08-28,5.0,5.95
21754,2011-09-01,10.0,6.25
21754,2011-09-02,3.0,11.63
21754,2011-09-04,4.0,6.25
21754,2011-09-06,3.0,5.95
21754,2011-09-08,9.0,6.25
21754,2011-09-09,30.0,6.25
21754,2011-09-11,14.0,6.25
21754,2011-09-13,25.0,6.25
21754,2011-09-14,4.0,6.25
21754,2011-09-15,2.0,6.25
21754,2011-09-16,7.0,6.25
21754,2011-09-18,7.0,6.25
21754,2011-09-19,6.0,6.25
21754,2011-09-20,6.0,6.25
21754,2011-09-21,4.0,6.25
21754,2011-09-25,1.0,6.25
21754,2011-09-26,5.0,6.25
21754,2011-09-27,3.0,6.25
21754,2011-09-28,8.0,6.25
21754,2011-09-29,9.0,6.25
21754,2011-09-30,3.0,6.25
21754,2011-10-02,5.0,6.25
21754,2011-10-03,18.0,6.25
21754,2011-10-04,7.0,6.25
21754,2011-10-05,3.0,6.25
21754,2011-10-06,9.0,6.25
21754,2011-10-07,6.0,6.25
21754,2011-10-09,1.0,6.25
21754,2011-10-10,5.0,6.25
21754,2011-10-11,4.0,6.25
21754,2011-10-13,7.0,6.25
21754,2011-10-16,2.0,6.25
21754,2011-10-17,10.0,6.25
21754,2011-10-18,3.0,11.63
21754,2011-10-19,8.0,6.25
21754,2011-10-20,4.0,6.25
21754,2011-10-21,3.0,6.25
21754,2011-10-23,6.0,6.25
21754,2011-10-25,3.0,6.25
21754,2011-10-26,4.0,6.25
21754,2011-10-27,9.0,6.25
21754,2011-10-28,3.0,6.25
21754,2011-10-30,29.0,6.25
21754,2011-10-31,8.0,6.25
21754,2011-11-01,10.0,6.25
21754,2011-11-02,4.0,11.63
21754,2011-11-03,12.0,6.25
21754,2011-11-04,18.0,5.45
21754,2011-11-06,6.0,6.25
21754,2011-11-07,6.0,6.25
21754,2011-11-08,9.0,6.25
21754,2011-11-09,4.0,6.25
21754,2011-11-10,4.0,6.25
21754,2011-11-11,1.0,6.25
21754,2011-11-13,6.0,6.25
21754,2011-11-15,9.0,6.25
21754,2011-11-16,13.0,6.25
21754,2011-11-17,32.0,6.25
21754,2011-11-18,3.0,6.25
21754,2011-11-20,1.0,6.25
21754,2011-11-21,6.0,6.25
21754,2011-11-22,8.0,6.25
21754,2011-11-23,14.0,6.25
21754,2011-11-24,7.0,11.63
21754,2011-11-25,18.0,5.45
21754,2011-11-27,5.0,6.25
21754,2011-11-28,3.0,11.63
21754,2011-11-29,15.0,6.25
21754,2011-11-30,4.0,6.25
21754,2011-12-01,18.0,5.45
21754,2011-12-02,10.0,6.25
21754,2011-12-04,2.0,6.25
21754,2011-12-05,2.0,11.63
21754,2011-12-06,13.0,6.25
21754,2011-12-07,7.0,6.25
21754,2011-12-08,4.0,11.63
21754,2011-12-09,2.0,11.63
21790,2010-12-01,41.0,0.85
21790,2010-12-02,228.0,0.85
21790,2010-12-03,21.0,1.66
21790,2010-12-05,23.0,0.85
21790,2010-12-06,108.0,0.85
21790,2010-12-07,18.0,1.66
21790,2010-12-08,196.0,0.85
21790,2010-12-09,25.0,0.85
21790,2010-12-10,121.0,0.85
21790,2010-12-12,18.0,0.85
21790,2010-12-13,3.0,1.66
21790,2010-12-14,60.0,0.85
21790,2010-12-16,12.0,0.85
21790,2010-12-17,25.0,1.66
21790,2010-12-19,2.0,0.85
21790,2010-12-20,17.0,1.66
21790,2010-12-21,2.0,0.85
21790,2010-12-23,1.0,1.66
21790,2011-01-04,144.0,0.72
21790,2011-01-05,74.0,1.66
21790,2011-01-06,13.0,1.66
21790,2011-01-07,5.0,1.66
21790,2011-01-12,19.0,0.85
21790,2011-01-13,2.0,1.63
21790,2011-01-14,1.0,1.63
21790,2011-01-16,2.0,0.85
21790,2011-01-17,29.0,1.63
21790,2011-01-20,7.0,1.63
21790,2011-01-23,5.0,0.85
21790,2011-01-24,1.0,1.63
21790,2011-01-25,1.0,1.63
21790,2011-01-26,12.0,0.85
21790,2011-01-27,12.0,0.85
21790,2011-01-28,12.0,0.85
21790,2011-01-31,12.0,0.85
21790,2011-02-01,12.0,0.85
21790,2011-02-02,1.0,1.63
21790,2011-02-03,12.0,0.85
21790,2011-02-04,12.0,0.85
21790,2011-02-07,12.0,0.85
21790,2011-02-08,2.0,1.63
21790,2011-02-09,1.0,1.63
21790,2011-02-10,3.0,0.85
21790,2011-02-11,13.0,1.63
21790,2011-02-13,2.0,0.85
21790,2011-02-14,13.0,1.63
21790,2011-02-15,24.0,0.85
21790,2011-02-17,36.0,0.85
21790,2011-02-21,160.0,0.85
21790,2011-02-22,2.0,0.85
21790,2011-02-24,24.0,0.85
21790,2011-02-27,18.0,0.85
21790,2011-02-28,19.0,0.85
21790,2011-03-01,12.0,0.85
21790,2011-03-02,24.0,0.85
21790,2011-03-03,3.0,1.63
21790,2011-03-04,13.0,1.63
21790,2011-03-07,15.0,1.63
21790,2011-03-08,26.0,0.85
21790,2011-03-09,12.0,0.85
21790,2011-03-10,12.0,0.85
21790,2011-03-11,3.0,0.85
21790,2011-03-13,3.0,0.85
21790,2011-03-14,24.0,0.85
21790,2011-03-15,15.0,0.85
21790,2011-03-16,2.0,0.85
21790,2011-03-17,48.0,0.85
21790,2011-03-18,72.0,0.72
21790,2011-03-21,15.0,0.85
21790,2011-03-22,52.0,0.85
21790,2011-03-24,12.0,0.85
21790,2011-03-25,16.0,0.85
21790,2011-03-27,1.0,0.85
21790,2011-03-28,13.0,1.63
21790,2011-03-29,113.0,1.63
21790,2011-03-30,88.0,0.85
21790,2011-03-31,30.0,0.85
21790,2011-04-01,73.0,0.85
21790,2011-04-03,4.0,0.85
21790,2011-04-05,12.0,0.85
21790,2011-04-06,1.0,0.85
21790,2011-04-07,3.0,0.85
21790,2011-04-08,67.0,0.85
21790,2011-04-10,1.0,0.85
21790,2011-04-11,24.0,0.85
21790,2011-04-12,48.0,0.85
21790,2011-04-13,12.0,0.85
21790,2011-04-14,228.0,0.85
21790,2011-04-15,2.0,0.85
21790,2011-04-17,27.0,0.85
21790,2011-04-18,47.0,1.63
21790,2011-04-19,25.0,1.63
21790,2011-04-20,36.0,0.85
21790,2011-04-21,265.0,0.85
21790,2011-04-26,12.0,0.85
21790,2011-04-27,19.0,1.63
21790,2011-04-28,24.0,0.85
21790,2011-05-01,13.0,0.85
21790,2011-05-03,1.0,1.63
21790,2011-05-04,24.0,0.85
21790,2011-05-05,26.0,1.63
21790,2011-05-06,2.0,1.63
21790,2011-05-08,24.0,0.85
21790,2011-05-09,24.0,0.85
21790,2011-05-10,13.0,0.85
21790,2011-05-11,195.0,0.85
21790,2011-05-12,13.0,1.63
21790,2011-05-13,12.0,0.85
21790,2011-05-15,12.0,0.85
21790,2011-05-16,57.0,0.85
21790,2011-05-17,12.0,0.85
21790,2011-05-18,12.0,0.85
21790,2011-05-19,12.0,0.85
21790,2011-05-20,12.0,0.85
21790,2011-05-22,4.0,0.85
21790,2011-05-23,11.0,0.85
21790,2011-05-24,2.0,1.63
21790,2011-05-26,48.0,0.85
21790,2011-05-27,12.0,0.85
21790,2011-05-29,2.0,0.85
21790,2011-05-31,157.0,0.85
21790,2011-06-01,8.0,0.85
21790,2011-06-02,1.0,1.63
21790,2011-06-03,13.0,0.85
21790,2011-06-06,12.0,0.85
21790,2011-06-07,21.0,0.85
21790,2011-06-08,19.0,0.85
21790,2011-06-09,36.0,0.85
21790,2011-06-10,2.0,1.63
21790,2011-06-12,12.0,0.85
21790,2011-06-13,24.0,0.85
21790,2011-06-14,22.0,1.63
21790,2011-06-15,2.0,1.63
21790,2011-06-16,4.0,0.85
21790,2011-06-19,66.0,0.85
21790,2011-06-20,32.0,1.63
21790,2011-06-21,290.0,0.85
21790,2011-06-22,14.0,0.85
21790,2011-06-23,37.0,0.85
21790,2011-06-24,1.0,1.63
21790,2011-06-28,1.0,0.85
21790,2011-06-29,1.0,1.63
21790,2011-07-01,48.0,0.85
21790,2011-07-03,15.0,0.85
21790,2011-07-04,41.0,0.85
21790,2011-07-05,51.0,1.63
21790,2011-07-06,9.0,0.85
21790,2011-07-07,1.0,1.63
21790,2011-07-10,19.0,0.85
21790,2011-07-11,144.0,0.72
21790,2011-07-12,148.0,1.63
21790,2011-07-13,13.0,1.63
21790,2011-07-14,13.0,1.63
21790,2011-07-15,19.0,0.85
21790,2011-07-17,16.0,0.85
21790,2011-07-18,2.0,1.63
21790,2011-07-19,98.0,0.85
21790,2011-07-20,19.0,0.85
21790,2011-07-21,21.0,0.85
21790,2011-07-22,26.0,0.85
21790,2011-07-24,12.0,0.85
21790,2011-07-25,75.0,1.63
21790,2011-07-26,1.0,1.63
21790,2011-07-27,28.0,0.85
21790,2011-07-28,289.0,1.63
21790,2011-07-29,24.0,0.85
21790,2011-07-31,14.0,0.85
21790,2011-08-01,2.0,0.85
21790,2011-08-02,1.0,1.63
21790,2011-08-03,51.0,0.85
21790,2011-08-04,18.0,0.85
21790,2011-08-05,27.0,0.85
21790,2011-08-08,14.0,0.85
21790,2011-08-09,24.0,0.85
21790,2011-08-10,25.0,1.63
21790,2011-08-11,63.0,0.85
21790,2011-08-12,12.0,0.85
21790,2011-08-14,36.0,0.85
21790,2011-08-15,48.0,0.85
21790,2011-08-16,3.0,0.85
21790,2011-08-17,26.0,0.85
21790,2011-08-18,74.0,0.85
21790,2011-08-19,12.0,0.85
21790,2011-08-21,2.0,0.85
21790,2011-08-22,49.0,0.85
21790,2011-08-23,12.0,0.85
21790,2011-08-24,30.0,0.85
21790,2011-08-25,12.0,0.85
21790,2011-08-26,12.0,0.85
21790,2011-08-28,24.0,0.85
21790,2011-08-30,11.0,1.63
21790,2011-08-31,1.0,1.63
21790,2011-09-01,110.0,0.85
21790,2011-09-02,30.0,0.85
21790,2011-09-04,15.0,0.85
21790,2011-09-05,90.0,0.85
21790,2011-09-06,12.0,0.85
21790,2011-09-07,1.0,1.63
21790,2011-09-08,169.0,0.85
21790,2011-09-09,384.0,0.85
21790,2011-09-11,144.0,0.72
21790,2011-09-12,33.0,0.85
21790,2011-09-13,50.0,0.85
21790,2011-09-14,2.0,0.85
21790,2011-09-15,65.0,0.85
21790,2011-09-16,64.0,0.85
21790,2011-09-18,8.0,0.85
21790,2011-09-19,14.0,0.85
21790,2011-09-20,312.0,0.85
21790,2011-09-21,108.0,0.85
21790,2011-09-22,70.0,0.85
21790,2011-09-23,49.0,0.85
21790,2011-09-25,44.0,0.85
21790,2011-09-26,180.0,0.85
21790,2011-09-27,38.0,1.63
21790,2011-09-28,2.0,1.63
21790,2011-09-29,84.0,0.85
21790,2011-09-30,32.0,0.85
21790,2011-10-02,7.0,0.85
21790,2011-10-03,51.0,0.85
21790,2011-10-04,255.0,0.85
21790,2011-10-05,62.0,0.85
21790,2011-10-06,40.0,0.85
21790,2011-10-07,145.0,0.85
21790,2011-10-09,6.0,0.85
21790,2011-10-10,13.0,1.63
21790,2011-10-11,86.0,0.85
21790,2011-10-12,59.0,0.85
21790,2011-10-13,50.0,0.85
21790,2011-10-14,25.0,0.85
21790,2011-10-16,56.0,0.85
21790,2011-10-17,22.0,1.63
21790,2011-10-18,137.0,0.85
21790,2011-10-19,49.0,0.85
21790,2011-10-20,25.0,0.85
21790,2011-10-21,31.0,0.85
21790,2011-10-23,12.0,0.85
21790,2011-10-24,65.0,0.85
21790,2011-10-25,36.0,0.85
21790,2011-10-26,2.0,0.85
21790,2011-10-27,157.0,0.85
21790,2011-10-28,95.0,0.85
21790,2011-10-30,9.0,0.85
21790,2011-10-31,30.0,1.63
21790,2011-11-01,5.0,0.85
21790,2011-11-02,319.0,0.85
21790,2011-11-03,37.0,0.85
21790,2011-11-04,31.0,0.85
21790,2011-11-06,98.0,0.85
21790,2011-11-07,280.0,1.63
21790,2011-11-08,40.0,0.85
21790,2011-11-09,159.0,0.85
21790,2011-11-10,56.0,0.85
21790,2011-11-11,43.0,0.85
21790,2011-11-13,34.0,0.85
21790,2011-11-14,385.0,0.85
21790,2011-11-15,40.0,0.85
21790,2011-11-16,40.0,0.85
21790,2011-11-17,13.0,1.63
21790,2011-11-18,19.0,0.85
21790,2011-11-20,177.0,0.85
21790,2011-11-21,52.0,0.85
21790,2011-11-22,102.0,0.85
21790,2011-11-23,113.0,0.85
21790,2011-11-24,80.0,0.85
21790,2011-11-25,55.0,0.85
21790,2011-11-27,18.0,0.85
21790,2011-11-28,85.0,0.85
21790,2011-11-29,88.0,0.85
21790,2011-11-30,46.0,0.85
21790,2011-12-01,325.0,0.85
21790,2011-12-02,9.0,0.85
21790,2011-12-04,54.0,0.85
21790,2011-12-05,87.0,1.63
21790,2011-12-06,35.0,0.85
21790,2011-12-07,14.0,0.85
21790,2011-12-08,71.0,0.85
21790,2011-12-09,13.0,1.63
21929,2010-12-01,31.0,1.95
21929,2010-12-02,100.0,1.65
21929,2010-12-03,9.0,5.06
21929,2010-12-05,6.0,1.95
21929,2010-12-06,4.0,4.21
21929,2010-12-07,62.0,1.95
21929,2010-12-08,115.0,1.95
21929,2010-12-09,2.0,1.95
21929,2010-12-10,12.0,4.21
21929,2010-12-12,2.0,1.95
21929,2010-12-13,30.0,1.95
21929,2010-12-14,26.0,1.95
21929,2010-12-15,2.0,1.95
21929,2010-12-16,122.0,1.95
21929,2010-12-17,2.0,4.21
21929,2010-12-19,1.0,1.95
21929,2010-12-20,2.0,4.21
21929,2010-12-21,7.0,5.06
21929,2010-12-23,4.0,5.06
21929,2011-01-05,220.0,1.65
21929,2011-01-06,21.0,5.06
21929,2011-01-07,131.0,1.95
21929,2011-01-09,38.0,1.95
21929,2011-01-10,1.0,4.21
21929,2011-01-11,28.0,4.96
21929,2011-01-13,1.0,4.13
21929,2011-01-14,29.0,4.13
21929,2011-01-16,13.0,1.95
21929,2011-01-17,22.0,1.95
21929,2011-01-18,8.0,1.95
21929,2011-01-20,3.0,4.13
21929,2011-01-21,8.0,4.13
21929,2011-01-24,3.0,4.13
21929,2011-01-25,166.0,1.95
21929,2011-01-26,3.0,4.13
21929,2011-01-27,1.0,4.13
21929,2011-01-28,8.0,4.96
21929,2011-01-31,23.0,4.96
21929,2011-02-01,20.0,1.95
21929,2011-02-02,111.0,1.95
21929,2011-02-03,32.0,1.95
21929,2011-02-04,18.0,4.96
21929,2011-02-06,31.0,1.95
21929,2011-02-07,30.0,1.95
21929,2011-02-08,24.0,4.13
21929,2011-02-09,13.0,1.95
21929,2011-02-10,10.0,1.95
21929,2011-02-11,12.0,4.96
21929,2011-02-14,110.0,1.95
21929,2011-02-15,1.0,4.13
21929,2011-02-17,19.0,4.96
21929,2011-02-18,100.0,1.65
21929,2011-02-20,10.0,1.95
21929,2011-02-21,1.0,4.13
21929,2011-02-22,23.0,1.95
21929,2011-02-23,20.0,4.96
21929,2011-02-24,40.0,1.95
21929,2011-02-25,11.0,4.96
21929,2011-02-27,11.0,1.95
21929,2011-02-28,13.0,4.13
21929,2011-03-01,33.0,1.95
21929,2011-03-02,7.0,1.95
21929,2011-03-03,12.0,1.95
21929,2011-03-04,121.0,1.95
21929,2011-03-07,223.0,1.95
21929,2011-03-08,50.0,1.95
21929,2011-03-09,11.0,4.13
21929,2011-03-10,18.0,1.95
21929,2011-03-11,16.0,4.96
21929,2011-03-13,4.0,1.95
21929,2011-03-14,1.0,1.95
21929,2011-03-15,10.0,4.96
21929,2011-03-16,13.0,1.95
21929,2011-03-17,435.0,1.95
21929,2011-03-18,17.0,4.96
21929,2011-03-20,22.0,1.95
21929,2011-03-21,140.0,1.95
21929,2011-03-22,22.0,4.13
21929,2011-03-23,26.0,1.95
21929,2011-03-24,12.0,1.95
21929,2011-03-25,220.0,1.95
21929,2011-03-28,102.0,4.13
21929,2011-03-29,284.0,1.95
21929,2011-03-30,46.0,1.95
21929,2011-03-31,28.0,2.08
21929,2011-04-01,3.0,2.08
21929,2011-04-04,33.0,2.08
21929,2011-04-05,13.0,4.13
21929,2011-04-06,19.0,4.96
21929,2011-04-07,16.0,2.08
21929,2011-04-08,11.0,4.13
21929,2011-04-10,2.0,2.08
21929,2011-04-11,19.0,2.08
21929,2011-04-12,24.0,2.08
21929,2011-04-13,20.0,2.08
21929,2011-04-14,23.0,2.08
21929,2011-04-15,18.0,4.96
21929,2011-04-17,1.0,2.08
21929,2011-04-18,21.0,4.13
21929,2011-04-19,8.0,4.13
21929,2011-04-20,12.0,4.96
21929,2011-04-21,2.0,4.13
21929,2011-04-27,36.0,2.08
21929,2011-04-28,52.0,2.08
21929,2011-05-01,20.0,2.08
21929,2011-05-03,14.0,2.08
21929,2011-05-04,16.0,2.08
21929,2011-05-05,28.0,2.08
21929,2011-05-06,44.0,2.08
21929,2011-05-08,22.0,2.08
21929,2011-05-09,6.0,4.13
21929,2011-05-10,17.0,4.13
21929,2011-05-11,22.0,2.08
21929,2011-05-12,100.0,1.79
21929,2011-05-17,104.0,4.96
21929,2011-05-19,44.0,2.08
21929,2011-05-20,120.0,2.08
21929,2011-05-22,12.0,2.08
21929,2011-05-23,12.0,2.08
21929,2011-05-24,17.0,2.08
21929,2011-05-25,144.0,2.08
21929,2011-05-26,1.0,2.08
21929,2011-05-27,138.0,2.08
21929,2011-05-31,30.0,2.08
21929,2011-06-01,2.0,4.13
21929,2011-06-02,142.0,4.13
21929,2011-06-03,10.0,2.08
21929,2011-06-05,20.0,2.08
21929,2011-06-06,10.0,2.08
21929,2011-06-07,132.0,2.08
21929,2011-06-08,45.0,4.13
21929,2011-06-09,24.0,2.08
21929,2011-06-10,6.0,4.13
21929,2011-06-12,3.0,2.08
21929,2011-06-13,35.0,4.13
21929,2011-06-14,2.0,4.13
21929,2011-06-15,66.0,2.08
21929,2011-06-16,1.0,4.13
21929,2011-06-20,11.0,4.13
21929,2011-06-21,22.0,4.13
21929,2011-06-22,100.0,1.79
21929,2011-06-23,10.0,2.08
21929,2011-06-24,2.0,4.13
21929,2011-06-27,6.0,4.13
21929,2011-06-28,8.0,4.13
21929,2011-06-29,4.0,2.08
21929,2011-06-30,21.0,2.08
21929,2011-07-01,16.0,4.13
21929,2011-07-03,3.0,2.08
21929,2011-07-04,15.0,4.13
21929,2011-07-05,33.0,4.13
21929,2011-07-06,24.0,2.08
21929,2011-07-07,28.0,2.08
21929,2011-07-08,31.0,4.13
21929,2011-07-10,1.0,2.08
21929,2011-07-11,11.0,4.13
21929,2011-07-12,3.0,4.13
21929,2011-07-13,17.0,2.08
21929,2011-07-15,12.0,4.13
21929,2011-07-17,10.0,2.08
21929,2011-07-18,16.0,4.13
21929,2011-07-19,30.0,1.79
21929,2011-07-20,19.0,2.08
21929,2011-07-21,31.0,4.13
21929,2011-07-22,25.0,2.08
21929,2011-07-24,301.0,1.79
21929,2011-07-25,20.0,4.13
21929,2011-07-26,200.0,1.79
21929,2011-07-27,11.0,4.13
21929,2011-07-29,50.0,2.08
21929,2011-07-31,14.0,2.08
21929,2011-08-01,217.0,2.08
21929,2011-08-02,12.0,4.13
21929,2011-08-03,14.0,2.08
21929,2011-08-04,130.0,2.08
21929,2011-08-05,6.0,2.08
21929,2011-08-07,11.0,2.08
21929,2011-08-08,11.0,2.08
21929,2011-08-09,20.0,2.08
21929,2011-08-10,4.0,4.13
21929,2011-08-11,27.0,2.08
21929,2011-08-12,20.0,2.08
21929,2011-08-14,18.0,2.08
21929,2011-08-15,12.0,2.08
21929,2011-08-16,55.0,2.08
21929,2011-08-17,23.0,2.08
21929,2011-08-18,112.0,2.08
21929,2011-08-19,20.0,2.08
21929,2011-08-21,2.0,2.08
21929,2011-08-22,53.0,2.08
21929,2011-08-23,10.0,2.08
21929,2011-08-24,1.0,2.08
21929,2011-08-26,10.0,2.08
21929,2011-08-28,7.0,2.08
21929,2011-08-30,107.0,2.46
21929,2011-08-31,10.0,2.08
21929,2011-09-01,32.0,2.08
21929,2011-09-02,46.0,4.13
21929,2011-09-04,12.0,2.08
21929,2011-09-05,11.0,4.13
21929,2011-09-06,3.0,2.08
21929,2011-09-07,47.0,2.08
21929,2011-09-08,52.0,2.08
21929,2011-09-09,24.0,2.08
21929,2011-09-11,7.0,2.08
21929,2011-09-12,23.0,2.08
21929,2011-09-13,25.0,2.08
21929,2011-09-14,1.0,2.08
21929,2011-09-15,24.0,2.08
21929,2011-09-16,4.0,2.08
21929,2011-09-18,1.0,2.08
21929,2011-09-19,21.0,2.08
21929,2011-09-21,211.0,2.08
21929,2011-09-22,124.0,2.08
21929,2011-09-23,11.0,4.13
21929,2011-09-25,12.0,2.08
21929,2011-09-26,1.0,4.13
21929,2011-09-27,9.0,4.13
21929,2011-09-28,29.0,2.08
21929,2011-09-29,47.0,2.08
21929,2011-09-30,25.0,2.08
21929,2011-10-02,1.0,2.08
21929,2011-10-03,3.0,4.13
21929,2011-10-04,26.0,4.13
21929,2011-10-05,2.0,2.08
21929,2011-10-06,320.0,1.95
21929,2011-10-07,103.0,2.08
21929,2011-10-09,7.0,2.08
21929,2011-10-10,16.0,4.13
21929,2011-10-12,12.0,2.08
21929,2011-10-13,21.0,2.08
21929,2011-10-14,11.0,2.08
21929,2011-10-16,11.0,2.08
21929,2011-10-17,33.0,2.08
21929,2011-10-18,11.0,2.08
21929,2011-10-19,9.0,4.13
21929,2011-10-20,26.0,2.08
21929,2011-10-21,3.0,2.08
21929,2011-10-23,2.0,2.08
21929,2011-10-24,26.0,4.13
21929,2011-10-25,31.0,2.08
21929,2011-10-26,5.0,4.13
21929,2011-10-28,5.0,2.08
21929,2011-10-31,17.0,4.13
21929,2011-11-01,3.0,2.08
21929,2011-11-02,13.0,4.13
21929,2011-11-04,3.0,4.13
21929,2011-11-06,33.0,2.08
21929,2011-11-07,4.0,4.13
21929,2011-11-08,138.0,2.08
21929,2011-11-09,140.0,2.08
21929,2011-11-10,1.0,2.08
21929,2011-11-11,100.0,1.79
21929,2011-11-13,24.0,2.08
21929,2011-11-14,3.0,2.08
21929,2011-11-15,2.0,4.13
21929,2011-11-16,13.0,4.13
21929,2011-11-17,24.0,2.08
21929,2011-11-18,23.0,2.08
21929,2011-11-20,17.0,2.08
21929,2011-11-22,22.0,4.13
21929,2011-11-23,6.0,4.13
21929,2011-11-24,11.0,2.08
21929,2011-11-25,4.0,4.13
21929,2011-11-27,10.0,2.08
21929,2011-11-28,14.0,4.13
21929,2011-11-29,24.0,2.08
21929,2011-11-30,44.0,2.08
21929,2011-12-01,21.0,2.08
21929,2011-12-02,2.0,4.13
21929,2011-12-04,2.0,2.08
21929,2011-12-05,115.0,2.08
21929,2011-12-06,14.0,2.08
21929,2011-12-07,14.0,2.08
21929,2011-12-08,16.0,4.13
21929,2011-12-09,11.0,4.13
21931,2010-12-01,54.0,1.95
21931,2010-12-02,14.0,1.95
21931,2010-12-03,43.0,4.21
21931,2010-12-05,9.0,1.95
21931,2010-12-06,28.0,1.95
21931,2010-12-07,25.0,4.21
21931,2010-12-08,101.0,4.21
21931,2010-12-09,23.0,1.95
21931,2010-12-10,25.0,4.21
21931,2010-12-12,7.0,1.95
21931,2010-12-13,23.0,1.95
21931,2010-12-14,72.0,1.95
21931,2010-12-15,32.0,1.95
21931,2010-12-16,44.0,1.95
21931,2010-12-17,3.0,4.21
21931,2010-12-20,23.0,4.21
21931,2010-12-21,35.0,5.06
21931,2010-12-23,3.0,5.06
21931,2011-01-04,1.0,1.95
21931,2011-01-05,110.0,1.95
21931,2011-01-06,59.0,1.95
21931,2011-01-07,10.0,1.95
21931,2011-01-09,36.0,1.95
21931,2011-01-10,130.0,1.95
21931,2011-01-11,64.0,4.96
21931,2011-01-12,3.0,4.21
21931,2011-01-13,5.0,4.13
21931,2011-01-14,65.0,1.95
21931,2011-01-16,14.0,1.95
21931,2011-01-17,11.0,4.13
21931,2011-01-18,30.0,4.13
21931,2011-01-20,3.0,4.13
21931,2011-01-21,33.0,4.13
21931,2011-01-23,3.0,1.95
21931,2011-01-24,33.0,4.13
21931,2011-01-25,164.0,1.95
21931,2011-01-26,2.0,4.13
21931,2011-01-27,41.0,1.95
21931,2011-01-28,19.0,4.13
21931,2011-01-31,32.0,1.95
21931,2011-02-01,41.0,1.95
21931,2011-02-03,20.0,1.95
21931,2011-02-04,14.0,4.13
21931,2011-02-06,20.0,1.95
21931,2011-02-07,30.0,1.95
21931,2011-02-08,32.0,4.13
21931,2011-02-09,39.0,4.13
21931,2011-02-10,15.0,4.13
21931,2011-02-11,114.0,1.95
21931,2011-02-14,102.0,1.95
21931,2011-02-15,121.0,1.95
21931,2011-02-16,11.0,4.13
21931,2011-02-17,50.0,4.13
21931,2011-02-18,205.0,1.65
21931,2011-02-20,11.0,1.95
21931,2011-02-21,1.0,4.13
21931,2011-02-22,110.0,1.95
21931,2011-02-23,9.0,4.13
21931,2011-02-24,1.0,4.13
21931,2011-02-25,43.0,1.95
21931,2011-02-28,13.0,1.95
21931,2011-03-01,8.0,4.13
21931,2011-03-03,21.0,1.95
21931,2011-03-04,101.0,1.95
21931,2011-03-06,20.0,1.95
21931,2011-03-07,43.0,4.13
21931,2011-03-08,32.0,1.95
21931,2011-03-10,6.0,1.95
21931,2011-03-11,6.0,4.13
21931,2011-03-14,112.0,1.95
21931,2011-03-15,8.0,1.95
21931,2011-03-16,2.0,1.95
21931,2011-03-17,42.0,4.13
21931,2011-03-18,44.0,1.95
21931,2011-03-20,40.0,1.95
21931,2011-03-21,10.0,1.95
21931,2011-03-22,16.0,4.13
21931,2011-03-23,117.0,1.95
21931,2011-03-24,46.0,1.95
21931,2011-03-25,211.0,1.95
21931,2011-03-28,115.0,1.95
21931,2011-03-29,165.0,4.13
21931,2011-03-30,21.0,2.08
21931,2011-03-31,16.0,4.13
21931,2011-04-01,26.0,2.08
21931,2011-04-03,6.0,2.08
21931,2011-04-04,95.0,2.08
21931,2011-04-07,16.0,2.08
21931,2011-04-08,14.0,2.08
21931,2011-04-10,108.0,2.08
21931,2011-04-11,10.0,2.08
21931,2011-04-12,20.0,2.08
21931,2011-04-13,44.0,2.08
21931,2011-04-14,42.0,2.08
21931,2011-04-15,52.0,4.13
21931,2011-04-17,14.0,2.08
21931,2011-04-18,29.0,4.13
21931,2011-04-19,5.0,4.13
21931,2011-04-20,10.0,2.08
21931,2011-04-21,16.0,2.08
21931,2011-04-26,54.0,4.13
21931,2011-04-27,12.0,2.08
21931,2011-04-28,13.0,2.08
21931,2011-05-01,30.0,2.08
21931,2011-05-03,64.0,2.08
21931,2011-05-04,15.0,2.08
21931,2011-05-05,11.0,4.13
21931,2011-05-06,50.0,2.08
21931,2011-05-08,31.0,2.08
21931,2011-05-09,30.0,2.08
21931,2011-05-10,186.0,4.13
21931,2011-05-11,114.0,2.08
21931,2011-05-13,113.0,2.08
21931,2011-05-15,10.0,2.08
21931,2011-05-16,33.0,2.08
21931,2011-05-17,41.0,4.13
21931,2011-05-18,16.0,2.08
21931,2011-05-19,42.0,4.13
21931,2011-05-20,41.0,2.08
21931,2011-05-22,3.0,2.08
21931,2011-05-23,50.0,2.08
21931,2011-05-24,2.0,4.13
21931,2011-05-25,152.0,2.08
21931,2011-05-26,19.0,2.08
21931,2011-05-27,23.0,4.13
21931,2011-05-29,5.0,2.08
21931,2011-05-31,40.0,2.08
21931,2011-06-01,17.0,4.13
21931,2011-06-02,27.0,4.13
21931,2011-06-05,30.0,2.08
21931,2011-06-06,13.0,2.08
21931,2011-06-07,43.0,2.08
21931,2011-06-08,94.0,4.13
21931,2011-06-09,45.0,2.08
21931,2011-06-10,31.0,4.13
21931,2011-06-12,4.0,2.08
21931,2011-06-13,20.0,4.13
21931,2011-06-14,11.0,2.08
21931,2011-06-15,37.0,4.13
21931,2011-06-16,14.0,2.08
21931,2011-06-17,11.0,2.08
21931,2011-06-20,51.0,4.13
21931,2011-06-21,145.0,2.08
21931,2011-06-22,15.0,2.08
21931,2011-06-23,13.0,2.08
21931,2011-06-24,20.0,2.08
21931,2011-06-27,31.0,4.13
21931,2011-06-28,230.0,2.08
21931,2011-06-29,127.0,2.08
21931,2011-06-30,11.0,2.08
21931,2011-07-01,26.0,4.13
21931,2011-07-03,2.0,2.08
21931,2011-07-04,52.0,4.13
21931,2011-07-05,45.0,4.13
21931,2011-07-06,65.0,2.08
21931,2011-07-07,7.0,4.13
21931,2011-07-08,178.0,4.13
21931,2011-07-10,4.0,2.08
21931,2011-07-11,3.0,4.13
21931,2011-07-12,4.0,4.13
21931,2011-07-13,34.0,2.08
21931,2011-07-14,1.0,2.08
21931,2011-07-15,12.0,4.13
21931,2011-07-17,102.0,2.08
21931,2011-07-18,46.0,4.13
21931,2011-07-20,130.0,2.08
21931,2011-07-21,26.0,4.13
21931,2011-07-22,14.0,2.08
21931,2011-07-24,41.0,2.08
21931,2011-07-25,16.0,4.13
21931,2011-07-26,6.0,4.13
21931,2011-07-27,135.0,2.08
21931,2011-07-28,22.0,2.08
21931,2011-07-29,41.0,2.08
21931,2011-07-31,10.0,2.08
21931,2011-08-01,131.0,2.08
21931,2011-08-02,20.0,2.08
21931,2011-08-03,4.0,2.08
21931,2011-08-04,116.0,2.08
21931,2011-08-05,102.0,2.08
21931,2011-08-07,10.0,2.08
21931,2011-08-08,15.0,2.08
21931,2011-08-09,30.0,2.08
21931,2011-08-10,111.0,2.08
21931,2011-08-11,118.0,4.13
21931,2011-08-12,18.0,2.08
21931,2011-08-14,5.0,2.08
21931,2011-08-15,22.0,2.08
21931,2011-08-16,50.0,2.08
21931,2011-08-17,147.0,2.08
21931,2011-08-18,141.0,2.08
21931,2011-08-19,20.0,2.08
21931,2011-08-21,15.0,2.08
21931,2011-08-22,50.0,2.08
21931,2011-08-23,86.0,2.08
21931,2011-08-24,134.0,2.08
21931,2011-08-25,54.0,2.08
21931,2011-08-26,30.0,2.08
21931,2011-08-28,2.0,2.08
21931,2011-08-30,33.0,4.13
21931,2011-08-31,130.0,4.13
21931,2011-09-01,64.0,2.08
21931,2011-09-02,65.0,2.08
21931,2011-09-04,10.0,2.08
21931,2011-09-05,22.0,2.08
21931,2011-09-06,4.0,2.08
21931,2011-09-07,173.0,4.13
21931,2011-09-08,26.0,2.08
21931,2011-09-09,15.0,2.08
21931,2011-09-11,36.0,2.08
21931,2011-09-12,53.0,2.08
21931,2011-09-13,65.0,2.08
21931,2011-09-14,3.0,2.08
21931,2011-09-15,38.0,4.13
21931,2011-09-16,67.0,2.08
21931,2011-09-18,105.0,2.08
21931,2011-09-19,12.0,2.08
21931,2011-09-20,152.0,2.08
21931,2011-09-21,5.0,4.13
21931,2011-09-22,53.0,2.08
21931,2011-09-23,26.0,4.13
21931,2011-09-25,30.0,2.08
21931,2011-09-26,10.0,2.08
21931,2011-09-27,45.0,2.08
21931,2011-09-28,34.0,2.08
21931,2011-09-29,148.0,2.08
21931,2011-09-30,22.0,4.13
21931,2011-10-02,1.0,2.08
21931,2011-10-03,71.0,4.13
21931,2011-10-04,24.0,4.13
21931,2011-10-05,121.0,2.08
21931,2011-10-06,14.0,4.13
21931,2011-10-07,209.0,2.08
21931,2011-10-09,5.0,2.08
21931,2011-10-10,43.0,2.08
21931,2011-10-11,107.0,2.08
21931,2011-10-12,12.0,2.08
21931,2011-10-13,51.0,2.08
21931,2011-10-14,28.0,2.08
21931,2011-10-16,2.0,2.08
21931,2011-10-17,15.0,4.13
21931,2011-10-18,66.0,2.08
21931,2011-10-19,30.0,4.13
21931,2011-10-20,20.0,2.08
21931,2011-10-21,8.0,2.08
21931,2011-10-23,1.0,2.08
21931,2011-10-24,229.0,4.13
21931,2011-10-25,21.0,2.08
21931,2011-10-26,16.0,4.13
21931,2011-10-27,20.0,2.08
21931,2011-10-28,22.0,2.08
21931,2011-10-30,34.0,2.08
21931,2011-10-31,48.0,4.13
21931,2011-11-01,112.0,2.08
21931,2011-11-02,13.0,4.13
21931,2011-11-03,16.0,2.08
21931,2011-11-04,13.0,4.13
21931,2011-11-06,43.0,2.08
21931,2011-11-07,53.0,2.08
21931,2011-11-08,156.0,2.08
21931,2011-11-09,226.0,2.08
21931,2011-11-10,27.0,2.08
21931,2011-11-11,16.0,2.08
21931,2011-11-13,26.0,2.08
21931,2011-11-14,10.0,2.08
21931,2011-11-15,41.0,2.08
21931,2011-11-16,25.0,2.08
21931,2011-11-17,36.0,2.08
21931,2011-11-18,21.0,2.08
21931,2011-11-20,16.0,2.08
21931,2011-11-21,10.0,2.08
21931,2011-11-22,14.0,2.08
21931,2011-11-23,17.0,2.08
21931,2011-11-24,122.0,2.08
21931,2011-11-25,35.0,4.13
21931,2011-11-27,11.0,2.08
21931,2011-11-28,46.0,2.08
21931,2011-11-29,18.0,4.13
21931,2011-11-30,7.0,2.08
21931,2011-12-01,153.0,2.08
21931,2011-12-02,31.0,2.08
21931,2011-12-04,2.0,2.08
21931,2011-12-05,44.0,4.13
21931,2011-12-06,27.0,2.08
21931,2011-12-07,46.0,2.08
21931,2011-12-08,23.0,4.13
21931,2011-12-09,17.0,4.13
21977,2010-12-01,98.0,0.55
21977,2010-12-02,120.0,0.42
21977,2010-12-03,13.0,1.28
21977,2010-12-05,10.0,0.55
21977,2010-12-06,56.0,1.28
21977,2010-12-07,9.0,1.28
21977,2010-12-08,33.0,0.55
21977,2010-12-09,33.0,0.55
21977,2010-12-10,75.0,0.55
21977,2010-12-12,2.0,0.55
21977,2010-12-13,36.0,0.55
21977,2010-12-14,53.0,0.55
21977,2010-12-15,24.0,0.55
21977,2010-12-16,24.0,0.55
21977,2010-12-17,3.0,1.28
21977,2010-12-19,1.0,0.55
21977,2010-12-20,507.0,1.28
21977,2010-12-21,3.0,1.28
21977,2011-01-04,3.0,0.55
21977,2011-01-05,50.0,1.28
21977,2011-01-06,26.0,1.28
21977,2011-01-07,28.0,0.55
21977,2011-01-09,48.0,0.55
21977,2011-01-10,53.0,0.55
21977,2011-01-12,4.0,1.28
21977,2011-01-13,24.0,0.55
21977,2011-01-14,2.0,0.55
21977,2011-01-17,25.0,1.25
21977,2011-01-18,2.0,1.25
21977,2011-01-19,2.0,0.55
21977,2011-01-20,1.0,1.25
21977,2011-01-21,4.0,1.25
21977,2011-01-24,32.0,0.55
21977,2011-01-25,27.0,0.55
21977,2011-01-26,4.0,2.08
21977,2011-01-27,30.0,0.55
21977,2011-01-30,3.0,0.55
21977,2011-01-31,174.0,0.55
21977,2011-02-01,103.0,0.55
21977,2011-02-02,3.0,0.55
21977,2011-02-03,504.0,0.55
21977,2011-02-04,3.0,2.08
21977,2011-02-06,24.0,0.55
21977,2011-02-07,24.0,0.55
21977,2011-02-08,3.0,2.08
21977,2011-02-09,24.0,0.55
21977,2011-02-10,24.0,0.55
21977,2011-02-14,30.0,0.55
21977,2011-02-15,61.0,0.55
21977,2011-02-16,25.0,1.25
21977,2011-02-17,57.0,0.55
21977,2011-02-18,147.0,0.55
21977,2011-02-21,6.0,0.55
21977,2011-02-22,89.0,0.55
21977,2011-02-24,48.0,0.55
21977,2011-02-25,48.0,0.55
21977,2011-02-27,24.0,0.55
21977,2011-02-28,101.0,0.55
21977,2011-03-02,72.0,0.55
21977,2011-03-03,25.0,1.25
21977,2011-03-04,27.0,0.55
21977,2011-03-06,3.0,0.55
21977,2011-03-07,49.0,0.55
21977,2011-03-08,183.0,0.55
21977,2011-03-09,52.0,0.55
21977,2011-03-10,112.0,0.55
21977,2011-03-14,48.0,0.55
21977,2011-03-15,29.0,2.08
21977,2011-03-16,72.0,0.55
21977,2011-03-17,3.0,1.25
21977,2011-03-18,391.0,2.08
21977,2011-03-20,80.0,0.55
21977,2011-03-21,55.0,0.55
21977,2011-03-22,56.0,0.55
21977,2011-03-23,54.0,0.55
21977,2011-03-24,207.0,0.55
21977,2011-03-25,11.0,0.55
21977,2011-03-27,1.0,0.55
21977,2011-03-28,53.0,0.55
21977,2011-03-29,52.0,1.25
21977,2011-03-30,121.0,0.55
21977,2011-03-31,53.0,1.25
21977,2011-04-01,48.0,0.55
21977,2011-04-03,11.0,0.55
21977,2011-04-04,2.0,0.55
21977,2011-04-05,53.0,0.55
21977,2011-04-06,1.0,0.55
21977,2011-04-07,5.0,0.55
21977,2011-04-08,96.0,0.55
21977,2011-04-10,2.0,0.55
21977,2011-04-11,397.0,0.55
21977,2011-04-12,81.0,0.55
21977,2011-04-13,168.0,0.55
21977,2011-04-14,72.0,0.55
21977,2011-04-15,5.0,2.08
21977,2011-04-17,4.0,0.55
21977,2011-04-18,28.0,1.25
21977,2011-04-19,27.0,1.25
21977,2011-04-20,1046.0,0.55
21977,2011-04-21,148.0,0.55
21977,2011-04-26,102.0,1.25
21977,2011-04-27,9.0,0.55
21977,2011-04-28,72.0,0.55
21977,2011-05-03,50.0,1.25
21977,2011-05-04,24.0,0.55
21977,2011-05-05,50.0,1.25
21977,2011-05-06,82.0,0.55
21977,2011-05-08,85.0,0.55
21977,2011-05-09,2.0,1.25
21977,2011-05-10,167.0,2.08
21977,2011-05-11,52.0,0.55
21977,2011-05-12,134.0,0.55
21977,2011-05-13,73.0,0.55
21977,2011-05-15,20.0,0.55
21977,2011-05-16,29.0,0.55
21977,2011-05-17,54.0,0.55
21977,2011-05-19,3.0,2.08
21977,2011-05-20,28.0,0.55
21977,2011-05-22,35.0,0.55
21977,2011-05-23,2724.0,0.55
21977,2011-05-24,25.0,1.25
21977,2011-05-25,26.0,1.25
21977,2011-05-26,2.0,0.55
21977,2011-05-27,48.0,0.55
21977,2011-05-31,4.0,0.55
21977,2011-06-01,7.0,1.25
21977,2011-06-02,2.0,1.25
21977,2011-06-03,1.0,1.25
21977,2011-06-05,1.0,0.55
21977,2011-06-06,24.0,0.55
21977,2011-06-07,52.0,0.55
21977,2011-06-08,4.0,2.08
21977,2011-06-09,202.0,0.55
21977,2011-06-10,2.0,2.08
21977,2011-06-12,29.0,0.55
21977,2011-06-13,51.0,0.55
21977,2011-06-14,28.0,0.55
21977,2011-06-15,26.0,0.55
21977,2011-06-16,48.0,0.55
21977,2011-06-17,48.0,0.55
21977,2011-06-19,6.0,0.55
21977,2011-06-20,3.0,1.25
21977,2011-06-21,2.0,1.25
21977,2011-06-22,444.0,0.55
21977,2011-06-23,48.0,0.55
21977,2011-06-27,39.0,0.55
21977,2011-06-28,24.0,0.55
21977,2011-06-29,25.0,1.25
21977,2011-06-30,24.0,0.55
21977,2011-07-03,24.0,0.55
21977,2011-07-04,48.0,0.55
21977,2011-07-05,25.0,1.25
21977,2011-07-06,7.0,1.25
21977,2011-07-07,12.0,0.55
21977,2011-07-08,1.0,0.55
21977,2011-07-11,8.0,0.55
21977,2011-07-12,8.0,1.25
21977,2011-07-13,3.0,0.55
21977,2011-07-14,3.0,0.55
21977,2011-07-15,72.0,0.55
21977,2011-07-17,24.0,0.55
21977,2011-07-18,28.0,0.55
21977,2011-07-19,624.0,0.55
21977,2011-07-20,27.0,1.25
21977,2011-07-21,49.0,0.55
21977,2011-07-22,3.0,0.55
21977,2011-07-24,600.0,0.42
21977,2011-07-25,175.0,0.55
21977,2011-07-26,78.0,0.55
21977,2011-07-27,51.0,1.25
21977,2011-07-28,52.0,0.55
21977,2011-07-29,48.0,0.55
21977,2011-07-31,2.0,0.55
21977,2011-08-01,25.0,1.25
21977,2011-08-02,24.0,0.55
21977,2011-08-03,78.0,0.55
21977,2011-08-04,48.0,0.55
21977,2011-08-07,48.0,0.55
21977,2011-08-08,25.0,0.55
21977,2011-08-09,149.0,0.55
21977,2011-08-11,26.0,0.55
21977,2011-08-12,24.0,0.55
21977,2011-08-15,4.0,0.55
21977,2011-08-17,24.0,0.55
21977,2011-08-18,768.0,0.55
21977,2011-08-21,11.0,0.55
21977,2011-08-22,24.0,0.55
21977,2011-08-23,650.0,0.55
21977,2011-08-24,150.0,0.55
21977,2011-08-28,4.0,0.55
21977,2011-08-30,4.0,1.25
21977,2011-08-31,5.0,1.25
21977,2011-09-01,48.0,0.55
21977,2011-09-02,145.0,0.55
21977,2011-09-04,1.0,0.55
21977,2011-09-05,49.0,0.55
21977,2011-09-06,4.0,0.55
21977,2011-09-07,26.0,1.25
21977,2011-09-08,55.0,0.55
21977,2011-09-09,24.0,0.55
21977,2011-09-11,362.0,0.42
21977,2011-09-12,48.0,0.55
21977,2011-09-13,628.0,0.55
21977,2011-09-14,28.0,0.55
21977,2011-09-15,11.0,1.25
21977,2011-09-18,3.0,0.55
21977,2011-09-19,24.0,0.55
21977,2011-09-20,105.0,0.55
21977,2011-09-21,124.0,1.25
21977,2011-09-22,24.0,0.55
21977,2011-09-23,52.0,0.55
21977,2011-09-25,1.0,0.55
21977,2011-09-26,29.0,1.25
21977,2011-09-27,48.0,0.55
21977,2011-09-28,36.0,0.55
21977,2011-09-29,72.0,0.55
21977,2011-10-02,4.0,0.55
21977,2011-10-03,26.0,1.25
21977,2011-10-04,2.0,1.25
21977,2011-10-05,650.0,0.55
21977,2011-10-06,74.0,0.55
21977,2011-10-07,75.0,0.55
21977,2011-10-09,2.0,0.55
21977,2011-10-10,9.0,0.55
21977,2011-10-11,3.0,1.25
21977,2011-10-12,24.0,0.55
21977,2011-10-13,61.0,0.55
21977,2011-10-14,29.0,0.55
21977,2011-10-16,24.0,0.55
21977,2011-10-17,30.0,0.55
21977,2011-10-18,7.0,1.25
21977,2011-10-19,24.0,0.55
21977,2011-10-20,50.0,0.55
21977,2011-10-23,1.0,0.55
21977,2011-10-24,5.0,1.25
21977,2011-10-25,28.0,0.55
21977,2011-10-27,11.0,0.55
21977,2011-10-28,50.0,0.55
21977,2011-10-30,4.0,0.55
21977,2011-10-31,3.0,1.25
21977,2011-11-01,27.0,0.55
21977,2011-11-02,3.0,0.55
21977,2011-11-03,27.0,0.55
21977,2011-11-04,2.0,0.55
21977,2011-11-07,2.0,0.55
21977,2011-11-08,28.0,1.25
21977,2011-11-09,25.0,1.25
21977,2011-11-10,26.0,0.55
21977,2011-11-11,34.0,1.25
21977,2011-11-13,38.0,0.55
21977,2011-11-14,6.0,1.25
21977,2011-11-15,29.0,0.55
21977,2011-11-16,3.0,1.25
21977,2011-11-17,6.0,1.25
21977,2011-11-18,73.0,0.55
21977,2011-11-20,10.0,0.55
21977,2011-11-21,197.0,0.55
21977,2011-11-22,49.0,0.55
21977,2011-11-23,77.0,0.55
21977,2011-11-24,26.0,1.25
21977,2011-11-25,5.0,1.25
21977,2011-11-27,11.0,0.55
21977,2011-11-28,29.0,0.55
21977,2011-11-29,58.0,0.55
21977,2011-11-30,124.0,0.55
21977,2011-12-01,13.0,1.25
21977,2011-12-02,6.0,1.25
21977,2011-12-04,9.0,0.55
21977,2011-12-05,57.0,0.55
21977,2011-12-06,2.0,1.25
21977,2011-12-07,55.0,0.55
21977,2011-12-08,66.0,0.55
21977,2011-12-09,3.0,2.08
22077,2010-12-01,22.0,1.65
22077,2010-12-02,61.0,1.65
22077,2010-12-03,21.0,3.36
22077,2010-12-05,25.0,1.65
22077,2010-12-06,38.0,3.36
22077,2010-12-07,37.0,3.36
22077,2010-12-08,16.0,1.65
22077,2010-12-09,8.0,3.36
22077,2010-12-10,26.0,3.36
22077,2010-12-12,2.0,1.65
22077,2010-12-13,88.0,1.65
22077,2010-12-14,32.0,1.65
22077,2010-12-15,156.0,1.65
22077,2010-12-16,38.0,1.65
22077,2010-12-17,30.0,3.36
22077,2010-12-20,15.0,3.36
22077,2010-12-21,12.0,4.21
22077,2011-01-04,13.0,3.36
22077,2011-01-05,3.0,1.65
22077,2011-01-06,11.0,4.21
22077,2011-01-07,10.0,1.65
22077,2011-01-09,5.0,1.65
22077,2011-01-10,14.0,3.36
22077,2011-01-11,34.0,3.36
22077,2011-01-12,6.0,3.36
22077,2011-01-13,6.0,1.65
22077,2011-01-14,3.0,4.13
22077,2011-01-17,56.0,1.65
22077,2011-01-18,6.0,3.29
22077,2011-01-19,6.0,1.65
22077,2011-01-20,14.0,3.29
22077,2011-01-21,14.0,4.13
22077,2011-01-23,36.0,1.65
22077,2011-01-24,41.0,3.29
22077,2011-01-25,16.0,3.29
22077,2011-01-26,11.0,1.65
22077,2011-01-27,24.0,1.65
22077,2011-01-28,4.0,4.13
22077,2011-01-30,2.0,1.65
22077,2011-01-31,11.0,3.29
22077,2011-02-01,15.0,1.65
22077,2011-02-02,24.0,1.65
22077,2011-02-03,16.0,1.65
22077,2011-02-04,15.0,4.13
22077,2011-02-07,17.0,1.65
22077,2011-02-08,5.0,4.13
22077,2011-02-09,1.0,3.29
22077,2011-02-10,4.0,1.65
22077,2011-02-11,3.0,4.13
22077,2011-02-13,1.0,1.65
22077,2011-02-14,17.0,1.65
22077,2011-02-15,38.0,3.29
22077,2011-02-16,25.0,3.29
22077,2011-02-17,7.0,4.13
22077,2011-02-18,2.0,3.29
22077,2011-02-20,10.0,1.65
22077,2011-02-21,15.0,3.29
22077,2011-02-22,13.0,3.29
22077,2011-02-23,61.0,1.65
22077,2011-02-24,18.0,1.65
22077,2011-02-25,25.0,1.65
22077,2011-02-27,4.0,1.65
22077,2011-02-28,21.0,3.29
22077,2011-03-01,22.0,1.65
22077,2011-03-02,12.0,1.65
22077,2011-03-03,66.0,1.65
22077,2011-03-04,13.0,1.65
22077,2011-03-06,3.0,1.65
22077,2011-03-07,54.0,1.65
22077,2011-03-08,3.0,3.29
22077,2011-03-09,1.0,3.29
22077,2011-03-10,36.0,1.65
22077,2011-03-11,15.0,4.13
22077,2011-03-13,3.0,1.65
22077,2011-03-14,2.0,1.65
22077,2011-03-15,30.0,1.65
22077,2011-03-16,12.0,1.65
22077,2011-03-17,4.0,1.65
22077,2011-03-18,1.0,4.13
22077,2011-03-20,24.0,1.65
22077,2011-03-21,17.0,1.65
22077,2011-03-22,53.0,1.65
22077,2011-03-23,12.0,1.65
22077,2011-03-24,26.0,1.65
22077,2011-03-25,3.0,3.29
22077,2011-03-27,19.0,1.65
22077,2011-03-28,1.0,3.29
22077,2011-03-29,68.0,1.65
22077,2011-03-30,14.0,1.65
22077,2011-03-31,41.0,1.65
22077,2011-04-01,12.0,1.65
22077,2011-04-03,4.0,1.65
22077,2011-04-04,32.0,1.65
22077,2011-04-05,17.0,1.65
22077,2011-04-06,9.0,4.13
22077,2011-04-07,1.0,1.65
22077,2011-04-08,2.0,3.29
22077,2011-04-10,4.0,1.65
22077,2011-04-12,13.0,1.65
22077,2011-04-13,24.0,1.65
22077,2011-04-14,24.0,1.65
22077,2011-04-15,13.0,4.13
22077,2011-04-17,14.0,1.65
22077,2011-04-18,18.0,1.65
22077,2011-04-19,42.0,1.65
22077,2011-04-20,159.0,1.65
22077,2011-04-21,15.0,3.29
22077,2011-04-26,24.0,1.65
22077,2011-04-27,13.0,3.29
22077,2011-04-28,12.0,1.65
22077,2011-05-01,10.0,1.65
22077,2011-05-03,35.0,1.65
22077,2011-05-04,1.0,1.65
22077,2011-05-05,28.0,3.29
22077,2011-05-06,13.0,3.29
22077,2011-05-08,17.0,1.65
22077,2011-05-09,30.0,1.65
22077,2011-05-10,63.0,1.65
22077,2011-05-11,17.0,1.65
22077,2011-05-12,24.0,1.65
22077,2011-05-13,2.0,4.13
22077,2011-05-16,12.0,1.65
22077,2011-05-17,14.0,1.65
22077,2011-05-18,3.0,1.65
22077,2011-05-19,30.0,1.65
22077,2011-05-20,13.0,3.29
22077,2011-05-22,41.0,1.65
22077,2011-05-24,14.0,3.29
22077,2011-05-25,10.0,1.65
22077,2011-05-26,17.0,1.65
22077,2011-05-27,24.0,1.65
22077,2011-05-31,6.0,1.65
22077,2011-06-01,14.0,3.29
22077,2011-06-05,19.0,1.65
22077,2011-06-06,13.0,1.65
22077,2011-06-07,33.0,1.65
22077,2011-06-08,51.0,1.65
22077,2011-06-09,12.0,1.65
22077,2011-06-10,13.0,4.13
22077,2011-06-12,4.0,1.65
22077,2011-06-13,39.0,1.65
22077,2011-06-14,24.0,1.65
22077,2011-06-15,2.0,1.65
22077,2011-06-16,24.0,1.65
22077,2011-06-17,1.0,1.65
22077,2011-06-19,38.0,1.65
22077,2011-06-20,3.0,1.65
22077,2011-06-21,4.0,1.65
22077,2011-06-23,44.0,1.65
22077,2011-06-26,1.0,1.65
22077,2011-06-28,14.0,4.13
22077,2011-06-29,32.0,1.65
22077,2011-06-30,3.0,3.29
22077,2011-07-01,13.0,1.65
22077,2011-07-04,9.0,3.29
22077,2011-07-05,32.0,3.29
22077,2011-07-06,6.0,1.65
22077,2011-07-07,48.0,1.65
22077,2011-07-08,2.0,4.13
22077,2011-07-11,6.0,1.65
22077,2011-07-12,2.0,3.29
22077,2011-07-13,16.0,1.65
22077,2011-07-14,3.0,1.65
22077,2011-07-15,15.0,1.65
22077,2011-07-17,21.0,1.65
22077,2011-07-18,3.0,4.13
22077,2011-07-19,36.0,1.65
22077,2011-07-20,26.0,1.65
22077,2011-07-21,49.0,1.65
22077,2011-07-22,3.0,1.65
22077,2011-07-24,12.0,1.65
22077,2011-07-25,41.0,1.65
22077,2011-07-26,12.0,1.65
22077,2011-07-27,27.0,1.65
22077,2011-07-28,13.0,1.65
22077,2011-07-29,19.0,1.65
22077,2011-08-01,24.0,1.65
22077,2011-08-02,14.0,3.29
22077,2011-08-03,62.0,1.65
22077,2011-08-04,33.0,1.65
22077,2011-08-05,3.0,1.65
22077,2011-08-07,8.0,1.65
22077,2011-08-08,27.0,3.29
22077,2011-08-09,48.0,1.65
22077,2011-08-10,17.0,3.29
22077,2011-08-11,43.0,1.65
22077,2011-08-12,1.0,3.29
22077,2011-08-14,2.0,1.65
22077,2011-08-15,5.0,1.65
22077,2011-08-17,15.0,1.65
22077,2011-08-18,92.0,1.65
22077,2011-08-22,47.0,1.65
22077,2011-08-23,1.0,1.65
22077,2011-08-24,9.0,4.13
22077,2011-08-25,16.0,1.65
22077,2011-08-26,29.0,1.65
22077,2011-08-28,26.0,1.65
22077,2011-08-30,47.0,3.29
22077,2011-08-31,6.0,4.13
22077,2011-09-01,60.0,1.65
22077,2011-09-02,16.0,3.29
22077,2011-09-04,24.0,1.95
22077,2011-09-05,12.0,1.65
22077,2011-09-06,20.0,1.95
22077,2011-09-07,14.0,3.29
22077,2011-09-08,27.0,1.95
22077,2011-09-09,12.0,1.95
22077,2011-09-11,57.0,1.95
22077,2011-09-12,36.0,1.95
22077,2011-09-13,28.0,1.95
22077,2011-09-14,27.0,1.95
22077,2011-09-15,39.0,1.95
22077,2011-09-16,42.0,1.95
22077,2011-09-18,7.0,1.95
22077,2011-09-19,12.0,1.95
22077,2011-09-20,13.0,4.13
22077,2011-09-21,105.0,3.29
22077,2011-09-22,105.0,1.95
22077,2011-09-23,31.0,1.95
22077,2011-09-25,24.0,1.95
22077,2011-09-26,202.0,1.95
22077,2011-09-28,27.0,1.95
22077,2011-09-29,42.0,1.95
22077,2011-09-30,21.0,1.95
22077,2011-10-02,3.0,1.95
22077,2011-10-03,4.0,3.29
22077,2011-10-04,52.0,1.95
22077,2011-10-05,26.0,1.95
22077,2011-10-06,20.0,1.95
22077,2011-10-07,120.0,1.95
22077,2011-10-09,24.0,1.95
22077,2011-10-10,45.0,1.95
22077,2011-10-11,42.0,1.95
22077,2011-10-12,6.0,3.29
22077,2011-10-13,39.0,1.95
22077,2011-10-14,12.0,1.95
22077,2011-10-16,40.0,1.95
22077,2011-10-17,32.0,1.95
22077,2011-10-18,13.0,3.29
22077,2011-10-19,40.0,1.95
22077,2011-10-20,15.0,1.95
22077,2011-10-21,12.0,1.95
22077,2011-10-23,7.0,1.95
22077,2011-10-24,29.0,1.95
22077,2011-10-25,14.0,1.95
22077,2011-10-26,42.0,1.95
22077,2011-10-27,72.0,1.95
22077,2011-10-28,61.0,1.95
22077,2011-10-30,31.0,1.95
22077,2011-10-31,56.0,3.29
22077,2011-11-01,88.0,1.95
22077,2011-11-02,37.0,1.95
22077,2011-11-03,302.0,1.95
22077,2011-11-04,21.0,1.95
22077,2011-11-06,10.0,1.95
22077,2011-11-07,51.0,1.95
22077,2011-11-08,27.0,3.29
22077,2011-11-09,34.0,1.95
22077,2011-11-10,42.0,1.95
22077,2011-11-11,9.0,1.95
22077,2011-11-13,43.0,1.95
22077,2011-11-14,73.0,4.13
22077,2011-11-15,42.0,1.95
22077,2011-11-16,33.0,1.95
22077,2011-11-17,16.0,1.95
22077,2011-11-18,4.0,4.13
22077,2011-11-20,15.0,1.95
22077,2011-11-21,29.0,1.95
22077,2011-11-22,6.0,1.95
22077,2011-11-23,65.0,1.95
22077,2011-11-24,4.0,1.95
22077,2011-11-25,11.0,1.95
22077,2011-11-27,6.0,1.95
22077,2011-11-28,10.0,3.29
22077,2011-11-29,4.0,1.95
22077,2011-11-30,30.0,4.13
22077,2011-12-01,113.0,1.95
22077,2011-12-02,1.0,4.13
22077,2011-12-04,12.0,1.95
22077,2011-12-05,97.0,3.29
22077,2011-12-06,24.0,1.95
22077,2011-12-07,6.0,1.95
22077,2011-12-08,8.0,4.13
22077,2011-12-09,2.0,4.13
22178,2010-12-01,69.0,2.51
22178,2010-12-02,24.0,1.25
22178,2010-12-03,14.0,2.51
22178,2010-12-06,125.0,2.51
22178,2010-12-07,155.0,1.25
22178,2010-12-08,54.0,1.25
22178,2010-12-09,50.0,1.25
22178,2010-12-10,123.0,1.25
22178,2010-12-12,18.0,1.25
22178,2010-12-13,310.0,1.25
22178,2010-12-14,36.0,1.25
22178,2010-12-15,111.0,1.25
22178,2010-12-16,72.0,1.25
22178,2010-12-17,64.0,2.51
22178,2010-12-20,95.0,1.25
22178,2010-12-21,23.0,2.51
22178,2010-12-23,12.0,1.25
22178,2011-01-04,27.0,1.25
22178,2011-01-05,43.0,1.25
22178,2011-01-06,158.0,1.25
22178,2011-01-07,132.0,1.25
22178,2011-01-09,12.0,1.25
22178,2011-01-10,1.0,2.51
22178,2011-01-11,156.0,1.25
22178,2011-01-12,12.0,1.25
22178,2011-01-13,16.0,2.46
22178,2011-01-14,19.0,2.46
22178,2011-01-17,126.0,1.25
22178,2011-01-18,39.0,2.46
22178,2011-01-19,18.0,1.25
22178,2011-01-20,12.0,1.25
22178,2011-01-21,36.0,2.46
22178,2011-01-23,96.0,1.06
22178,2011-01-24,3.0,2.46
22178,2011-01-25,234.0,1.25
22178,2011-01-26,24.0,1.25
22178,2011-01-27,29.0,2.46
22178,2011-01-28,25.0,2.46
22178,2011-01-30,18.0,1.25
22178,2011-01-31,108.0,1.25
22178,2011-02-01,120.0,1.25
22178,2011-02-02,192.0,1.25
22178,2011-02-03,11.0,2.46
22178,2011-02-04,24.0,1.25
22178,2011-02-06,15.0,1.25
22178,2011-02-07,20.0,2.46
22178,2011-02-08,27.0,2.46
22178,2011-02-09,25.0,1.25
22178,2011-02-10,12.0,1.25
22178,2011-02-11,128.0,1.25
22178,2011-02-13,18.0,1.25
22178,2011-02-14,26.0,2.46
22178,2011-02-15,15.0,1.25
22178,2011-02-16,24.0,1.25
22178,2011-02-17,54.0,1.25
22178,2011-02-18,12.0,1.25
22178,2011-02-20,2.0,1.25
22178,2011-02-21,4.0,2.46
22178,2011-02-22,16.0,2.46
22178,2011-02-23,16.0,2.46
22178,2011-02-24,204.0,1.25
22178,2011-02-25,246.0,1.25
22178,2011-02-27,24.0,1.25
22178,2011-02-28,62.0,2.46
22178,2011-03-01,224.0,1.25
22178,2011-03-02,24.0,1.25
22178,2011-03-03,40.0,2.46
22178,2011-03-04,7.0,2.46
22178,2011-03-06,37.0,1.25
22178,2011-03-07,125.0,1.25
22178,2011-03-08,63.0,1.25
22178,2011-03-09,36.0,1.25
22178,2011-03-10,25.0,1.25
22178,2011-03-11,39.0,1.25
22178,2011-03-13,2.0,1.25
22178,2011-03-14,6.0,1.25
22178,2011-03-15,12.0,1.25
22178,2011-03-16,144.0,1.25
22178,2011-03-17,303.0,2.46
22178,2011-03-18,50.0,1.25
22178,2011-03-20,127.0,1.25
22178,2011-03-21,195.0,1.25
22178,2011-03-22,154.0,1.25
22178,2011-03-23,39.0,1.25
22178,2011-03-24,54.0,1.25
22178,2011-03-25,24.0,1.25
22178,2011-03-27,60.0,1.25
22178,2011-03-28,47.0,2.46
22178,2011-03-29,230.0,2.46
22178,2011-03-30,401.0,1.25
22178,2011-03-31,179.0,1.25
22178,2011-04-01,54.0,1.25
22178,2011-04-03,5.0,1.25
22178,2011-04-04,70.0,1.25
22178,2011-04-05,30.0,1.25
22178,2011-04-06,153.0,1.25
22178,2011-04-07,45.0,1.25
22178,2011-04-08,147.0,1.25
22178,2011-04-10,24.0,1.25
22178,2011-04-11,150.0,1.25
22178,2011-04-12,48.0,1.25
22178,2011-04-13,6.0,1.25
22178,2011-04-14,326.0,1.25
22178,2011-04-15,36.0,1.25
22178,2011-04-17,60.0,1.25
22178,2011-04-18,227.0,1.25
22178,2011-04-19,94.0,1.25
22178,2011-04-20,204.0,1.25
22178,2011-04-21,120.0,1.25
22178,2011-04-26,2.0,2.46
22178,2011-04-27,69.0,1.25
22178,2011-04-28,12.0,1.25
22178,2011-05-03,283.0,1.25
22178,2011-05-04,18.0,1.25
22178,2011-05-05,89.0,1.25
22178,2011-05-06,154.0,1.25
22178,2011-05-08,44.0,1.25
22178,2011-05-09,156.0,1.25
22178,2011-05-10,54.0,1.25
22178,2011-05-11,27.0,1.25
22178,2011-05-12,194.0,1.25
22178,2011-05-13,33.0,1.25
22178,2011-05-15,102.0,1.25
22178,2011-05-16,27.0,1.25
22178,2011-05-17,360.0,1.25
22178,2011-05-18,36.0,1.25
22178,2011-05-19,22.0,2.46
22178,2011-05-20,174.0,1.25
22178,2011-05-22,108.0,1.25
22178,2011-05-23,61.0,1.25
22178,2011-05-24,108.0,1.25
22178,2011-05-25,202.0,1.25
22178,2011-05-26,18.0,1.25
22178,2011-05-27,207.0,1.25
22178,2011-05-31,41.0,1.25
22178,2011-06-01,47.0,1.25
22178,2011-06-02,37.0,2.46
22178,2011-06-03,254.0,1.25
22178,2011-06-05,360.0,1.25
22178,2011-06-06,34.0,1.25
22178,2011-06-07,150.0,1.25
22178,2011-06-08,134.0,1.25
22178,2011-06-09,75.0,1.25
22178,2011-06-10,68.0,1.25
22178,2011-06-12,82.0,1.25
22178,2011-06-13,42.0,1.25
22178,2011-06-14,116.0,2.46
22178,2011-06-15,34.0,1.25
22178,2011-06-16,18.0,1.25
22178,2011-06-19,66.0,1.25
22178,2011-06-20,24.0,1.25
22178,2011-06-21,44.0,1.25
22178,2011-06-22,24.0,1.25
22178,2011-06-23,6.0,1.25
22178,2011-06-26,12.0,1.25
22178,2011-06-27,14.0,2.46
22178,2011-06-28,192.0,1.06
22178,2011-06-29,105.0,1.25
22178,2011-06-30,23.0,1.25
22178,2011-07-01,12.0,1.25
22178,2011-07-03,3.0,1.25
22178,2011-07-04,139.0,1.25
22178,2011-07-05,40.0,2.46
22178,2011-07-06,2.0,1.25
22178,2011-07-07,322.0,1.25
22178,2011-07-08,63.0,1.25
22178,2011-07-10,24.0,1.25
22178,2011-07-11,12.0,1.25
22178,2011-07-12,14.0,2.46
22178,2011-07-13,29.0,1.25
22178,2011-07-14,63.0,1.25
22178,2011-07-17,36.0,1.25
22178,2011-07-18,16.0,2.46
22178,2011-07-19,24.0,1.25
22178,2011-07-20,168.0,1.25
22178,2011-07-21,120.0,1.25
22178,2011-07-22,8.0,2.46
22178,2011-07-24,160.0,1.25
22178,2011-07-25,22.0,2.46
22178,2011-07-26,16.0,2.46
22178,2011-07-27,49.0,1.25
22178,2011-07-28,29.0,1.25
22178,2011-07-29,96.0,1.25
22178,2011-07-31,24.0,1.25
22178,2011-08-01,96.0,1.25
22178,2011-08-02,83.0,1.25
22178,2011-08-03,366.0,1.25
22178,2011-08-04,153.0,1.25
22178,2011-08-05,102.0,1.25
22178,2011-08-08,16.0,2.46
22178,2011-08-10,18.0,2.46
22178,2011-08-11,159.0,1.25
22178,2011-08-12,115.0,2.46
22178,2011-08-15,12.0,1.25
22178,2011-08-16,24.0,1.25
22178,2011-08-17,156.0,1.25
22178,2011-08-18,48.0,1.25
22178,2011-08-19,24.0,1.25
22178,2011-08-21,30.0,1.25
22178,2011-08-22,144.0,1.25
22178,2011-08-23,2.0,1.25
22178,2011-08-24,34.0,2.46
22178,2011-08-25,132.0,1.25
22178,2011-08-26,36.0,1.25
22178,2011-08-28,48.0,1.25
22178,2011-08-30,34.0,2.46
22178,2011-08-31,202.0,2.46
22178,2011-09-01,96.0,1.06
22178,2011-09-02,161.0,2.46
22178,2011-09-05,11.0,2.46
22178,2011-09-06,108.0,1.95
22178,2011-09-07,73.0,1.95
22178,2011-09-08,6.0,1.95
22178,2011-09-09,6.0,1.95
22178,2011-09-11,14.0,1.95
22178,2011-09-12,99.0,1.95
22178,2011-09-13,54.0,1.95
22178,2011-09-14,18.0,1.95
22178,2011-09-15,35.0,1.95
22178,2011-09-16,24.0,1.95
22178,2011-09-18,12.0,1.95
22178,2011-09-19,98.0,1.95
22178,2011-09-20,46.0,1.95
22178,2011-09-21,88.0,2.46
22178,2011-09-22,66.0,1.95
22178,2011-09-23,13.0,1.95
22178,2011-09-25,108.0,1.95
22178,2011-09-26,5.0,2.46
22178,2011-09-27,6.0,1.95
22178,2011-09-28,24.0,1.95
22178,2011-09-29,24.0,1.95
22178,2011-09-30,25.0,2.46
22178,2011-10-03,986.0,1.95
22178,2011-10-04,30.0,1.95
22178,2011-10-05,198.0,1.65
22178,2011-10-06,132.0,1.95
22178,2011-10-07,97.0,2.46
22178,2011-10-09,16.0,1.95
22178,2011-10-10,38.0,1.95
22178,2011-10-11,72.0,1.95
22178,2011-10-12,1.0,2.46
22178,2011-10-14,186.0,1.95
22178,2011-10-17,17.0,2.46
22178,2011-10-18,20.0,2.46
22178,2011-10-19,102.0,1.95
22178,2011-10-20,42.0,1.95
22178,2011-10-21,18.0,1.95
22178,2011-10-24,28.0,1.95
22178,2011-10-25,42.0,1.95
22178,2011-10-26,960.0,0.9
22178,2011-10-27,18.0,1.95
22178,2011-10-28,78.0,1.95
22178,2011-10-30,114.0,1.95
22178,2011-10-31,77.0,1.95
22178,2011-11-01,27.0,1.95
22178,2011-11-02,118.0,1.95
22178,2011-11-03,6.0,1.95
22178,2011-11-04,102.0,1.95
22178,2011-11-06,23.0,1.95
22178,2011-11-07,8.0,2.46
22178,2011-11-08,50.0,2.46
22178,2011-11-09,4.0,2.46
22178,2011-11-10,90.0,1.95
22178,2011-11-11,34.0,1.95
22178,2011-11-13,6.0,1.95
22178,2011-11-14,49.0,1.95
22178,2011-11-15,39.0,1.95
22178,2011-11-16,97.0,2.46
22178,2011-11-17,214.0,1.95
22178,2011-11-18,2.0,2.46
22178,2011-11-20,48.0,1.95
22178,2011-11-21,210.0,1.95
22178,2011-11-22,32.0,1.95
22178,2011-11-23,11.0,2.46
22178,2011-11-24,48.0,2.46
22178,2011-11-25,12.0,2.46
22178,2011-11-27,30.0,1.95
22178,2011-11-28,247.0,1.95
22178,2011-11-29,86.0,1.95
22178,2011-11-30,88.0,1.95
22178,2011-12-01,158.0,1.95
22178,2011-12-02,26.0,2.46
22178,2011-12-04,150.0,1.95
22178,2011-12-05,377.0,1.95
22178,2011-12-06,74.0,1.95
22178,2011-12-07,78.0,1.95
22178,2011-12-08,109.0,1.95
22178,2011-12-09,18.0,2.46
22197,2010-12-01,199.0,0.85
22197,2010-12-02,74.0,0.85
22197,2010-12-03,67.0,1.66
22197,2010-12-05,57.0,0.85
22197,2010-12-06,265.0,0.85
22197,2010-12-07,130.0,1.66
22197,2010-12-08,141.0,0.85
22197,2010-12-09,212.0,1.66
22197,2010-12-10,95.0,0.85
22197,2010-12-12,49.0,0.85
22197,2010-12-13,45.0,0.85
22197,2010-12-14,282.0,0.85
22197,2010-12-15,355.0,0.85
22197,2010-12-16,19.0,0.85
22197,2010-12-17,272.0,1.66
22197,2010-12-19,8.0,0.85
22197,2010-12-20,145.0,1.66
22197,2010-12-21,51.0,1.66
22197,2010-12-23,8.0,1.66
22197,2011-01-04,23.0,0.85
22197,2011-01-05,3.0,0.85
22197,2011-01-06,736.0,0.85
22197,2011-01-07,24.0,0.85
22197,2011-01-09,9.0,0.85
22197,2011-01-10,7.0,1.66
22197,2011-01-11,20.0,1.66
22197,2011-01-12,24.0,1.66
22197,2011-01-13,29.0,1.63
22197,2011-01-14,34.0,1.63
22197,2011-01-16,230.0,0.85
22197,2011-01-17,31.0,1.63
22197,2011-01-18,4.0,1.63
22197,2011-01-19,52.0,1.63
22197,2011-01-20,12.0,1.63
22197,2011-01-21,152.0,0.85
22197,2011-01-24,23.0,1.63
22197,2011-01-25,34.0,0.85
22197,2011-01-26,103.0,1.63
22197,2011-01-27,57.0,0.85
22197,2011-01-28,12.0,0.85
22197,2011-01-30,10.0,0.85
22197,2011-01-31,61.0,0.85
22197,2011-02-01,6.0,0.85
22197,2011-02-02,6.0,1.63
22197,2011-02-04,34.0,1.63
22197,2011-02-07,13.0,0.85
22197,2011-02-08,39.0,1.63
22197,2011-02-09,24.0,1.63
22197,2011-02-10,44.0,0.85
22197,2011-02-11,102.0,1.63
22197,2011-02-13,5.0,0.85
22197,2011-02-14,17.0,0.85
22197,2011-02-15,633.0,0.85
22197,2011-02-16,21.0,0.85
22197,2011-02-17,311.0,0.85
22197,2011-02-18,48.0,0.85
22197,2011-02-20,10.0,0.85
22197,2011-02-21,9.0,1.63
22197,2011-02-22,106.0,0.85
22197,2011-02-23,636.0,1.63
22197,2011-02-24,48.0,0.85
22197,2011-02-25,101.0,0.85
22197,2011-02-28,29.0,1.63
22197,2011-03-01,17.0,1.63
22197,2011-03-02,100.0,0.72
22197,2011-03-03,122.0,0.85
22197,2011-03-04,30.0,0.85
22197,2011-03-07,67.0,0.85
22197,2011-03-08,13.0,1.63
22197,2011-03-09,131.0,0.85
22197,2011-03-10,14.0,1.63
22197,2011-03-11,506.0,0.85
22197,2011-03-14,104.0,0.85
22197,2011-03-15,53.0,0.85
22197,2011-03-16,100.0,0.72
22197,2011-03-17,64.0,0.85
22197,2011-03-18,87.0,0.85
22197,2011-03-20,27.0,0.85
22197,2011-03-21,49.0,0.85
22197,2011-03-22,37.0,1.63
22197,2011-03-23,19.0,1.63
22197,2011-03-24,34.0,0.85
22197,2011-03-25,65.0,0.85
22197,2011-03-27,21.0,0.85
22197,2011-03-28,26.0,0.85
22197,2011-03-29,663.0,1.63
22197,2011-03-30,28.0,0.85
22197,2011-03-31,134.0,0.85
22197,2011-04-01,124.0,0.85
22197,2011-04-03,43.0,0.85
22197,2011-04-04,112.0,0.85
22197,2011-04-05,24.0,0.85
22197,2011-04-06,56.0,0.85
22197,2011-04-07,184.0,0.85
22197,2011-04-08,16.0,1.63
22197,2011-04-10,24.0,0.85
22197,2011-04-11,12.0,0.85
22197,2011-04-12,54.0,0.85
22197,2011-04-13,25.0,0.85
22197,2011-04-14,640.0,0.85
22197,2011-04-15,14.0,1.63
22197,2011-04-17,3.0,0.85
22197,2011-04-18,46.0,1.63
22197,2011-04-19,6.0,1.63
22197,2011-04-20,48.0,0.85
22197,2011-04-21,120.0,0.85
22197,2011-04-26,50.0,0.85
22197,2011-04-27,60.0,0.85
22197,2011-05-01,200.0,0.72
22197,2011-05-03,39.0,0.85
22197,2011-05-04,221.0,0.85
22197,2011-05-05,19.0,1.63
22197,2011-05-06,30.0,1.63
22197,2011-05-08,63.0,0.85
22197,2011-05-09,64.0,0.85
22197,2011-05-10,56.0,1.63
22197,2011-05-11,84.0,0.85
22197,2011-05-12,51.0,0.85
22197,2011-05-13,115.0,0.85
22197,2011-05-15,11.0,0.85
22197,2011-05-16,61.0,0.85
22197,2011-05-17,556.0,0.85
22197,2011-05-18,21.0,0.85
22197,2011-05-19,140.0,1.63
22197,2011-05-20,420.0,0.85
22197,2011-05-22,30.0,0.85
22197,2011-05-23,44.0,0.85
22197,2011-05-24,63.0,0.85
22197,2011-05-25,73.0,0.85
22197,2011-05-26,14.0,1.63
22197,2011-05-27,4314.0,1.63
22197,2011-05-29,30.0,0.85
22197,2011-05-31,10.0,0.85
22197,2011-06-01,6.0,0.85
22197,2011-06-02,27.0,1.63
22197,2011-06-03,368.0,0.85
22197,2011-06-05,81.0,0.85
22197,2011-06-06,17.0,0.85
22197,2011-06-07,19.0,0.85
22197,2011-06-08,51.0,1.63
22197,2011-06-09,161.0,0.85
22197,2011-06-10,105.0,0.85
22197,2011-06-12,21.0,0.85
22197,2011-06-13,33.0,0.85
22197,2011-06-14,127.0,0.85
22197,2011-06-15,128.0,0.85
22197,2011-06-16,8.0,1.63
22197,2011-06-17,58.0,0.85
22197,2011-06-19,54.0,0.85
22197,2011-06-20,47.0,1.63
22197,2011-06-21,49.0,0.85
22197,2011-06-22,1.0,0.85
22197,2011-06-23,110.0,0.85
22197,2011-06-24,126.0,0.85
22197,2011-06-27,48.0,1.63
22197,2011-06-28,56.0,0.85
22197,2011-06-30,264.0,0.85
22197,2011-07-01,26.0,0.85
22197,2011-07-04,57.0,0.85
22197,2011-07-05,227.0,1.63
22197,2011-07-06,16.0,0.85
22197,2011-07-07,48.0,0.85
22197,2011-07-08,244.0,1.63
22197,2011-07-10,29.0,0.85
22197,2011-07-11,10.0,1.63
22197,2011-07-12,20.0,0.85
22197,2011-07-13,35.0,1.63
22197,2011-07-14,22.0,0.85
22197,2011-07-15,4.0,0.85
22197,2011-07-17,14.0,0.85
22197,2011-07-18,48.0,0.85
22197,2011-07-19,85.0,0.85
22197,2011-07-20,74.0,0.85
22197,2011-07-21,168.0,0.85
22197,2011-07-22,100.0,0.72
22197,2011-07-24,134.0,0.85
22197,2011-07-25,31.0,1.63
22197,2011-07-26,25.0,1.63
22197,2011-07-27,24.0,0.85
22197,2011-07-28,18.0,0.85
22197,2011-07-29,86.0,0.85
22197,2011-07-31,204.0,0.85
22197,2011-08-01,21.0,0.85
22197,2011-08-02,45.0,1.63
22197,2011-08-03,15.0,0.85
22197,2011-08-04,2036.0,0.85
22197,2011-08-05,61.0,0.85
22197,2011-08-08,257.0,0.85
22197,2011-08-09,3.0,1.63
22197,2011-08-10,600.0,0.72
22197,2011-08-11,667.0,0.85
22197,2011-08-12,112.0,0.85
22197,2011-08-14,24.0,0.85
22197,2011-08-15,100.0,0.72
22197,2011-08-16,33.0,1.63
22197,2011-08-17,194.0,0.85
22197,2011-08-18,14.0,0.85
22197,2011-08-19,50.0,0.85
22197,2011-08-21,55.0,0.85
22197,2011-08-22,36.0,0.85
22197,2011-08-23,49.0,0.85
22197,2011-08-24,76.0,0.85
22197,2011-08-25,22.0,0.85
22197,2011-08-26,601.0,1.63
22197,2011-08-30,40.0,1.63
22197,2011-08-31,124.0,0.85
22197,2011-09-01,101.0,0.85
22197,2011-09-02,667.0,0.85
22197,2011-09-04,12.0,0.85
22197,2011-09-05,105.0,0.85
22197,2011-09-06,27.0,1.63
22197,2011-09-07,7.0,1.63
22197,2011-09-08,67.0,0.85
22197,2011-09-09,36.0,0.85
22197,2011-09-11,102.0,0.85
22197,2011-09-12,209.0,0.85
22197,2011-09-13,50.0,1.63
22197,2011-09-14,102.0,1.63
22197,2011-09-15,11.0,1.63
22197,2011-09-16,134.0,0.85
22197,2011-09-18,40.0,0.85
22197,2011-09-19,174.0,0.85
22197,2011-09-20,181.0,0.85
22197,2011-09-21,119.0,1.63
22197,2011-09-22,25.0,0.85
22197,2011-09-23,63.0,1.63
22197,2011-09-26,27.0,1.63
22197,2011-09-27,85.0,0.85
22197,2011-09-28,143.0,1.63
22197,2011-09-29,284.0,0.85
22197,2011-09-30,1085.0,0.85
22197,2011-10-02,39.0,0.85
22197,2011-10-03,76.0,0.85
22197,2011-10-04,147.0,1.63
22197,2011-10-05,38.0,0.85
22197,2011-10-06,377.0,0.85
22197,2011-10-07,35.0,0.85
22197,2011-10-09,126.0,0.85
22197,2011-10-10,159.0,0.85
22197,2011-10-11,124.0,0.85
22197,2011-10-12,174.0,0.85
22197,2011-10-13,133.0,0.85
22197,2011-10-14,152.0,0.85
22197,2011-10-16,6.0,0.85
22197,2011-10-17,34.0,0.85
22197,2011-10-18,282.0,0.85
22197,2011-10-19,247.0,0.85
22197,2011-10-20,12.0,0.85
22197,2011-10-21,26.0,2.46
22197,2011-10-23,12.0,0.85
22197,2011-10-24,232.0,0.85
22197,2011-10-25,251.0,0.85
22197,2011-10-26,43.0,0.85
22197,2011-10-27,47.0,0.85
22197,2011-10-28,2065.0,0.85
22197,2011-10-30,137.0,0.85
22197,2011-10-31,198.0,0.85
22197,2011-11-01,238.0,0.85
22197,2011-11-02,172.0,0.85
22197,2011-11-03,8.0,0.85
22197,2011-11-04,120.0,0.85
22197,2011-11-06,294.0,0.85
22197,2011-11-07,2012.0,0.85
22197,2011-11-08,148.0,0.85
22197,2011-11-09,1079.0,0.85
22197,2011-11-10,315.0,0.85
22197,2011-11-11,160.0,1.63
22197,2011-11-13,114.0,0.85
22197,2011-11-14,1767.0,0.85
22197,2011-11-15,224.0,0.85
22197,2011-11-16,352.0,0.85
22197,2011-11-17,123.0,0.85
22197,2011-11-18,449.0,0.85
22197,2011-11-20,206.0,0.85
22197,2011-11-21,349.0,0.85
22197,2011-11-22,1162.0,0.85
22197,2011-11-23,397.0,0.85
22197,2011-11-24,558.0,0.85
22197,2011-11-25,342.0,0.85
22197,2011-11-27,47.0,0.85
22197,2011-11-28,236.0,0.85
22197,2011-11-29,796.0,0.85
22197,2011-11-30,370.0,0.85
22197,2011-12-01,279.0,0.85
22197,2011-12-02,1369.0,0.85
22197,2011-12-04,113.0,0.85
22197,2011-12-05,410.0,0.85
22197,2011-12-06,337.0,0.85
22197,2011-12-07,272.0,0.85
22197,2011-12-08,3111.0,0.85
22197,2011-12-09,130.0,1.63
22355,2010-12-01,15.0,1.66
22355,2010-12-02,10.0,0.85
22355,2010-12-03,112.0,2.51
22355,2010-12-05,110.0,0.85
22355,2010-12-06,23.0,1.66
22355,2010-12-07,281.0,1.66
22355,2010-12-08,43.0,0.85
22355,2010-12-09,25.0,0.85
22355,2010-12-10,272.0,2.51
22355,2010-12-12,1.0,0.85
22355,2010-12-13,17.0,1.66
22355,2010-12-14,338.0,0.85
22355,2010-12-15,20.0,0.85
22355,2010-12-16,41.0,0.85
22355,2010-12-17,6.0,1.66
22355,2010-12-20,44.0,1.66
22355,2010-12-21,297.0,2.51
22355,2010-12-22,110.0,0.85
22355,2010-12-23,14.0,2.51
22355,2011-01-04,1.0,0.85
22355,2011-01-05,10.0,0.85
22355,2011-01-06,120.0,0.85
22355,2011-01-07,1.0,1.66
22355,2011-01-09,11.0,0.85
22355,2011-01-10,115.0,1.66
22355,2011-01-11,116.0,2.46
22355,2011-01-12,2.0,1.66
22355,2011-01-13,3.0,1.63
22355,2011-01-14,73.0,0.85
22355,2011-01-16,24.0,0.85
22355,2011-01-17,6.0,1.63
22355,2011-01-18,81.0,1.63
22355,2011-01-20,6.0,1.63
22355,2011-01-21,77.0,1.63
22355,2011-01-23,1.0,0.85
22355,2011-01-24,53.0,0.85
22355,2011-01-25,230.0,0.72
22355,2011-01-26,10.0,0.85
22355,2011-01-27,10.0,0.85
22355,2011-01-28,84.0,2.46
22355,2011-01-30,30.0,0.85
22355,2011-01-31,34.0,2.46
22355,2011-02-01,9.0,1.63
22355,2011-02-02,1.0,1.63
22355,2011-02-03,10.0,0.85
22355,2011-02-04,94.0,2.46
22355,2011-02-08,147.0,1.63
22355,2011-02-11,65.0,1.63
22355,2011-02-14,46.0,0.85
22355,2011-02-15,2.0,0.85
22355,2011-02-16,20.0,0.85
22355,2011-02-17,160.0,0.85
22355,2011-02-18,112.0,0.85
22355,2011-02-20,10.0,0.85
22355,2011-02-21,1.0,1.63
22355,2011-02-22,10.0,0.85
22355,2011-02-23,202.0,2.46
22355,2011-02-24,10.0,0.85
22355,2011-02-25,47.0,2.46
22355,2011-02-27,100.0,0.72
22355,2011-02-28,7.0,1.63
22355,2011-03-01,2.0,1.63
22355,2011-03-02,10.0,0.85
22355,2011-03-03,32.0,0.85
22355,2011-03-04,2.0,1.63
22355,2011-03-06,5.0,0.85
22355,2011-03-07,232.0,2.46
22355,2011-03-09,22.0,0.85
22355,2011-03-10,19.0,0.85
22355,2011-03-11,95.0,2.46
22355,2011-03-13,30.0,0.85
22355,2011-03-14,102.0,0.85
22355,2011-03-15,6.0,0.85
22355,2011-03-16,10.0,0.85
22355,2011-03-17,93.0,0.85
22355,2011-03-18,113.0,2.46
22355,2011-03-21,10.0,0.85
22355,2011-03-22,150.0,1.63
22355,2011-03-23,41.0,0.85
22355,2011-03-24,1.0,0.85
22355,2011-03-25,42.0,0.85
22355,2011-03-28,16.0,0.85
22355,2011-03-29,303.0,1.95
22355,2011-03-30,11.0,1.63
22355,2011-03-31,94.0,0.85
22355,2011-04-01,100.0,0.72
22355,2011-04-04,10.0,0.85
22355,2011-04-05,2.0,0.85
22355,2011-04-06,129.0,2.46
22355,2011-04-07,19.0,0.85
22355,2011-04-08,1.0,1.63
22355,2011-04-10,3.0,0.85
22355,2011-04-11,102.0,0.85
22355,2011-04-12,40.0,0.85
22355,2011-04-13,10.0,0.85
22355,2011-04-14,14.0,0.85
22355,2011-04-15,51.0,2.46
22355,2011-04-18,138.0,1.63
22355,2011-04-19,17.0,1.63
22355,2011-04-20,92.0,0.85
22355,2011-04-21,32.0,0.85
22355,2011-04-26,82.0,0.85
22355,2011-04-27,66.0,0.85
22355,2011-04-28,11.0,0.85
22355,2011-05-03,109.0,0.85
22355,2011-05-05,10.0,0.85
22355,2011-05-06,31.0,0.85
22355,2011-05-08,13.0,0.85
22355,2011-05-09,14.0,0.85
22355,2011-05-10,251.0,0.85
22355,2011-05-11,21.0,0.85
22355,2011-05-12,50.0,0.85
22355,2011-05-13,42.0,2.46
22355,2011-05-16,40.0,0.85
22355,2011-05-17,80.0,0.85
22355,2011-05-18,23.0,0.85
22355,2011-05-19,10.0,0.85
22355,2011-05-20,60.0,0.85
22355,2011-05-22,14.0,0.85
22355,2011-05-23,14.0,0.85
22355,2011-05-24,27.0,0.85
22355,2011-05-25,20.0,0.85
22355,2011-05-26,20.0,0.85
22355,2011-05-27,148.0,2.46
22355,2011-05-29,5.0,0.85
22355,2011-05-31,50.0,0.85
22355,2011-06-01,10.0,0.85
22355,2011-06-03,20.0,0.85
22355,2011-06-05,59.0,0.85
22355,2011-06-06,5.0,1.63
22355,2011-06-07,33.0,0.85
22355,2011-06-08,129.0,1.63
22355,2011-06-09,22.0,0.85
22355,2011-06-10,43.0,0.85
22355,2011-06-12,1.0,0.85
22355,2011-06-13,23.0,0.85
22355,2011-06-14,155.0,0.85
22355,2011-06-15,30.0,0.85
22355,2011-06-16,104.0,0.85
22355,2011-06-17,71.0,0.85
22355,2011-06-19,12.0,0.85
22355,2011-06-21,75.0,1.63
22355,2011-06-22,20.0,0.85
22355,2011-06-23,25.0,0.85
22355,2011-06-24,1.0,1.63
22355,2011-06-26,30.0,0.85
22355,2011-06-27,12.0,0.85
22355,2011-06-28,124.0,2.46
22355,2011-06-29,25.0,0.85
22355,2011-06-30,25.0,0.85
22355,2011-07-01,30.0,0.85
22355,2011-07-04,38.0,1.63
22355,2011-07-05,78.0,2.46
22355,2011-07-06,11.0,0.85
22355,2011-07-07,29.0,0.85
22355,2011-07-08,57.0,2.46
22355,2011-07-10,4.0,0.85
22355,2011-07-11,12.0,1.63
22355,2011-07-12,81.0,2.46
22355,2011-07-13,2.0,0.85
22355,2011-07-14,24.0,0.85
22355,2011-07-15,5.0,1.63
22355,2011-07-17,10.0,0.85
22355,2011-07-18,27.0,0.85
22355,2011-07-19,147.0,0.85
22355,2011-07-20,10.0,0.85
22355,2011-07-22,66.0,1.63
22355,2011-07-24,20.0,0.85
22355,2011-07-25,6.0,1.63
22355,2011-07-26,90.0,1.63
22355,2011-07-27,133.0,0.85
22355,2011-07-28,8.0,1.63
22355,2011-07-29,50.0,0.85
22355,2011-08-01,20.0,0.85
22355,2011-08-02,133.0,1.63
22355,2011-08-03,31.0,1.63
22355,2011-08-04,7.0,0.85
22355,2011-08-05,8.0,0.85
22355,2011-08-07,20.0,0.85
22355,2011-08-08,54.0,0.85
22355,2011-08-09,11.0,0.85
22355,2011-08-10,131.0,1.63
22355,2011-08-11,10.0,0.85
22355,2011-08-12,20.0,0.85
22355,2011-08-14,24.0,0.85
22355,2011-08-16,89.0,2.46
22355,2011-08-17,12.0,0.85
22355,2011-08-18,40.0,0.85
22355,2011-08-19,2.0,0.85
22355,2011-08-22,53.0,0.85
22355,2011-08-23,17.0,0.85
22355,2011-08-24,257.0,0.85
22355,2011-08-25,15.0,0.85
22355,2011-08-26,83.0,0.85
22355,2011-08-28,1.0,0.85
22355,2011-08-30,70.0,1.63
22355,2011-08-31,10.0,0.85
22355,2011-09-01,3.0,0.85
22355,2011-09-02,163.0,1.63
22355,2011-09-04,5.0,0.85
22355,2011-09-05,30.0,0.85
22355,2011-09-06,71.0,2.46
22355,2011-09-07,8.0,1.63
22355,2011-09-08,36.0,0.85
22355,2011-09-09,82.0,1.63
22355,2011-09-11,2.0,0.85
22355,2011-09-12,32.0,0.85
22355,2011-09-13,96.0,0.85
22355,2011-09-14,113.0,0.85
22355,2011-09-15,31.0,0.85
22355,2011-09-16,119.0,0.85
22355,2011-09-18,30.0,0.85
22355,2011-09-19,16.0,0.85
22355,2011-09-20,59.0,2.46
22355,2011-09-21,8.0,1.63
22355,2011-09-22,36.0,0.85
22355,2011-09-23,68.0,1.63
22355,2011-09-25,10.0,0.85
22355,2011-09-26,1.0,1.63
22355,2011-09-27,84.0,2.46
22355,2011-09-28,47.0,0.85
22355,2011-09-29,30.0,0.85
22355,2011-09-30,1.0,1.63
22355,2011-10-02,7.0,0.85
22355,2011-10-03,1.0,1.63
22355,2011-10-04,128.0,2.46
22355,2011-10-05,100.0,0.72
22355,2011-10-06,11.0,1.63
22355,2011-10-07,114.0,0.85
22355,2011-10-10,12.0,0.85
22355,2011-10-11,81.0,1.63
22355,2011-10-12,19.0,0.85
22355,2011-10-13,8.0,0.85
22355,2011-10-14,101.0,0.85
22355,2011-10-16,10.0,0.85
22355,2011-10-17,4.0,1.63
22355,2011-10-18,109.0,1.63
22355,2011-10-19,15.0,0.85
22355,2011-10-20,20.0,0.85
22355,2011-10-21,84.0,2.46
22355,2011-10-23,44.0,0.85
22355,2011-10-24,247.0,0.85
22355,2011-10-25,112.0,0.85
22355,2011-10-26,32.0,0.85
22355,2011-10-27,21.0,0.85
22355,2011-10-28,72.0,2.46
22355,2011-10-30,51.0,0.85
22355,2011-10-31,75.0,1.63
22355,2011-11-01,14.0,0.85
22355,2011-11-02,2.0,1.63
22355,2011-11-03,34.0,0.85
22355,2011-11-04,141.0,0.85
22355,2011-11-06,8.0,0.85
22355,2011-11-08,117.0,1.63
22355,2011-11-09,20.0,0.85
22355,2011-11-10,22.0,0.85
22355,2011-11-11,132.0,1.63
22355,2011-11-13,29.0,0.85
22355,2011-11-14,27.0,0.85
22355,2011-11-15,120.0,1.63
22355,2011-11-16,12.0,0.85
22355,2011-11-17,2.0,1.63
22355,2011-11-18,249.0,1.63
22355,2011-11-20,21.0,0.85
22355,2011-11-21,13.0,0.85
22355,2011-11-22,295.0,1.63
22355,2011-11-23,2.0,0.85
22355,2011-11-24,16.0,1.63
22355,2011-11-25,261.0,0.85
22355,2011-11-27,74.0,2.46
22355,2011-11-28,45.0,1.63
22355,2011-11-29,146.0,2.46
22355,2011-11-30,117.0,0.85
22355,2011-12-01,24.0,1.63
22355,2011-12-02,183.0,2.46
22355,2011-12-04,177.0,2.46
22355,2011-12-05,12.0,1.63
22355,2011-12-06,229.0,0.85
22355,2011-12-07,130.0,0.85
22355,2011-12-08,223.0,1.63
22355,2011-12-09,113.0,2.46
22382,2010-12-01,15.0,1.65
22382,2010-12-02,22.0,1.65
22382,2010-12-03,4.0,1.65
22382,2010-12-05,18.0,1.65
22382,2010-12-06,23.0,1.65
22382,2010-12-07,10.0,1.65
22382,2010-12-08,14.0,1.65
22382,2010-12-09,13.0,1.65
22382,2010-12-10,4.0,1.65
22382,2010-12-12,2.0,1.65
22382,2010-12-13,22.0,1.65
22382,2010-12-14,23.0,1.65
22382,2010-12-15,33.0,1.65
22382,2010-12-16,12.0,1.65
22382,2010-12-17,14.0,4.21
22382,2010-12-19,2.0,1.65
22382,2010-12-21,10.0,1.65
22382,2011-01-04,3.0,1.65
22382,2011-01-05,103.0,1.65
22382,2011-01-06,63.0,1.65
22382,2011-01-07,11.0,1.65
22382,2011-01-09,3.0,1.65
22382,2011-01-10,2.0,1.65
22382,2011-01-11,17.0,1.65
22382,2011-01-12,10.0,1.65
22382,2011-01-13,38.0,1.65
22382,2011-01-14,23.0,1.65
22382,2011-01-16,12.0,1.65
22382,2011-01-17,6.0,4.13
22382,2011-01-18,3.0,1.65
22382,2011-01-20,25.0,1.65
22382,2011-01-21,32.0,1.65
22382,2011-01-24,2.0,4.13
22382,2011-01-25,12.0,1.65
22382,2011-01-26,30.0,1.65
22382,2011-01-27,51.0,1.65
22382,2011-01-28,32.0,1.65
22382,2011-01-31,32.0,1.65
22382,2011-02-01,9.0,1.65
22382,2011-02-03,33.0,1.65
22382,2011-02-04,11.0,4.13
22382,2011-02-07,12.0,1.65
22382,2011-02-08,8.0,1.65
22382,2011-02-09,20.0,1.65
22382,2011-02-10,12.0,1.65
22382,2011-02-11,10.0,1.65
22382,2011-02-14,13.0,1.65
22382,2011-02-16,13.0,1.65
22382,2011-02-17,11.0,1.65
22382,2011-02-18,15.0,1.65
22382,2011-02-21,10.0,1.65
22382,2011-02-22,60.0,1.65
22382,2011-02-23,10.0,1.65
22382,2011-02-24,20.0,1.65
22382,2011-02-25,40.0,1.65
22382,2011-02-27,7.0,1.65
22382,2011-02-28,11.0,1.65
22382,2011-03-02,10.0,1.65
22382,2011-03-03,15.0,1.65
22382,2011-03-04,11.0,1.65
22382,2011-03-06,2.0,1.65
22382,2011-03-07,2.0,4.13
22382,2011-03-08,48.0,1.65
22382,2011-03-09,14.0,1.65
22382,2011-03-10,25.0,1.65
22382,2011-03-11,1.0,1.65
22382,2011-03-13,24.0,1.65
22382,2011-03-14,17.0,1.65
22382,2011-03-15,12.0,1.65
22382,2011-03-16,1.0,1.65
22382,2011-03-17,33.0,1.65
22382,2011-03-18,13.0,1.65
22382,2011-03-20,8.0,1.65
22382,2011-03-21,33.0,1.65
22382,2011-03-22,9.0,1.65
22382,2011-03-23,2.0,1.65
22382,2011-03-24,23.0,1.65
22382,2011-03-25,41.0,1.65
22382,2011-03-28,18.0,1.65
22382,2011-03-29,57.0,1.65
22382,2011-03-30,34.0,1.65
22382,2011-03-31,3.0,1.65
22382,2011-04-01,39.0,1.65
22382,2011-04-04,41.0,1.65
22382,2011-04-05,13.0,1.65
22382,2011-04-06,40.0,1.65
22382,2011-04-07,26.0,1.65
22382,2011-04-08,10.0,1.65
22382,2011-04-10,14.0,1.65
22382,2011-04-11,4.0,4.96
22382,2011-04-12,40.0,1.65
22382,2011-04-13,16.0,1.65
22382,2011-04-14,12.0,1.65
22382,2011-04-15,9.0,4.96
22382,2011-04-17,2.0,1.65
22382,2011-04-18,31.0,1.65
22382,2011-04-19,4.0,1.65
22382,2011-04-20,46.0,1.65
22382,2011-04-21,8.0,1.65
22382,2011-04-26,54.0,1.65
22382,2011-04-27,31.0,1.65
22382,2011-04-28,5.0,1.65
22382,2011-05-03,15.0,1.65
22382,2011-05-05,15.0,4.13
22382,2011-05-06,16.0,1.65
22382,2011-05-08,31.0,1.65
22382,2011-05-09,69.0,1.65
22382,2011-05-10,40.0,4.96
22382,2011-05-11,20.0,1.65
22382,2011-05-12,25.0,1.65
22382,2011-05-13,37.0,1.65
22382,2011-05-15,12.0,1.65
22382,2011-05-16,20.0,1.65
22382,2011-05-17,10.0,1.65
22382,2011-05-19,1.0,1.65
22382,2011-05-20,45.0,1.65
22382,2011-05-22,16.0,1.65
22382,2011-05-23,15.0,1.65
22382,2011-05-24,10.0,1.65
22382,2011-05-25,37.0,1.65
22382,2011-05-26,40.0,1.65
22382,2011-05-27,6.0,4.96
22382,2011-05-29,14.0,1.65
22382,2011-05-31,17.0,1.65
22382,2011-06-01,2.0,4.13
22382,2011-06-02,10.0,1.65
22382,2011-06-03,23.0,1.65
22382,2011-06-05,27.0,1.65
22382,2011-06-07,22.0,1.65
22382,2011-06-08,45.0,1.65
22382,2011-06-09,26.0,1.65
22382,2011-06-10,26.0,1.65
22382,2011-06-12,10.0,1.65
22382,2011-06-14,17.0,4.13
22382,2011-06-15,15.0,1.65
22382,2011-06-16,45.0,1.65
22382,2011-06-17,121.0,1.65
22382,2011-06-19,12.0,1.65
22382,2011-06-20,16.0,1.65
22382,2011-06-21,36.0,1.65
22382,2011-06-22,10.0,1.65
22382,2011-06-23,40.0,1.65
22382,2011-06-24,21.0,1.65
22382,2011-06-26,3.0,1.65
22382,2011-06-27,18.0,1.65
22382,2011-06-28,17.0,4.96
22382,2011-06-29,8.0,1.65
22382,2011-06-30,15.0,1.65
22382,2011-07-01,30.0,1.65
22382,2011-07-03,4.0,1.65
22382,2011-07-04,17.0,1.65
22382,2011-07-05,107.0,4.13
22382,2011-07-06,8.0,1.65
22382,2011-07-07,15.0,1.65
22382,2011-07-08,185.0,1.65
22382,2011-07-10,5.0,1.65
22382,2011-07-11,37.0,1.65
22382,2011-07-12,39.0,1.65
22382,2011-07-13,7.0,1.65
22382,2011-07-14,18.0,1.65
22382,2011-07-15,20.0,1.65
22382,2011-07-17,6.0,1.65
22382,2011-07-18,20.0,1.65
22382,2011-07-19,65.0,1.65
22382,2011-07-20,38.0,1.65
22382,2011-07-21,30.0,1.65
22382,2011-07-22,16.0,1.65
22382,2011-07-24,31.0,1.65
22382,2011-07-25,35.0,1.65
22382,2011-07-26,26.0,1.65
22382,2011-07-27,12.0,4.13
22382,2011-07-28,68.0,1.65
22382,2011-07-29,18.0,1.65
22382,2011-07-31,23.0,1.65
22382,2011-08-01,11.0,1.65
22382,2011-08-02,184.0,1.65
22382,2011-08-03,62.0,1.65
22382,2011-08-04,195.0,1.65
22382,2011-08-05,4.0,1.65
22382,2011-08-07,3.0,1.65
22382,2011-08-08,19.0,1.65
22382,2011-08-09,71.0,1.65
22382,2011-08-10,54.0,1.65
22382,2011-08-11,45.0,1.65
22382,2011-08-12,12.0,4.13
22382,2011-08-15,1.0,1.65
22382,2011-08-16,81.0,1.65
22382,2011-08-17,10.0,1.65
22382,2011-08-18,10.0,1.65
22382,2011-08-19,20.0,1.65
22382,2011-08-21,12.0,1.65
22382,2011-08-22,44.0,1.65
22382,2011-08-23,48.0,1.65
22382,2011-08-24,31.0,1.65
22382,2011-08-25,56.0,1.65
22382,2011-08-26,31.0,1.65
22382,2011-08-28,10.0,1.65
22382,2011-08-30,8.0,4.13
22382,2011-08-31,13.0,4.13
22382,2011-09-01,31.0,1.65
22382,2011-09-02,41.0,4.13
22382,2011-09-04,6.0,1.65
22382,2011-09-05,20.0,1.65
22382,2011-09-06,25.0,4.96
22382,2011-09-07,21.0,1.65
22382,2011-09-08,12.0,1.65
22382,2011-09-09,9.0,4.96
22382,2011-09-11,11.0,1.65
22382,2011-09-12,30.0,1.65
22382,2011-09-13,41.0,1.65
22382,2011-09-14,31.0,1.65
22382,2011-09-15,54.0,1.65
22382,2011-09-16,64.0,1.65
22382,2011-09-18,2.0,1.65
22382,2011-09-20,28.0,1.65
22382,2011-09-21,16.0,1.65
22382,2011-09-22,48.0,1.65
22382,2011-09-23,15.0,1.65
22382,2011-09-25,31.0,1.65
22382,2011-09-26,10.0,1.65
22382,2011-09-27,22.0,4.96
22382,2011-09-28,27.0,1.65
22382,2011-09-29,31.0,1.65
22382,2011-09-30,15.0,1.65
22382,2011-10-02,11.0,1.65
22382,2011-10-03,42.0,1.65
22382,2011-10-04,67.0,1.65
22382,2011-10-05,43.0,1.65
22382,2011-10-06,48.0,1.65
22382,2011-10-07,40.0,1.65
22382,2011-10-09,6.0,1.65
22382,2011-10-10,8.0,1.65
22382,2011-10-11,36.0,1.65
22382,2011-10-12,11.0,1.65
22382,2011-10-13,1.0,1.65
22382,2011-10-14,23.0,1.65
22382,2011-10-16,3.0,1.65
22382,2011-10-17,7.0,1.65
22382,2011-10-18,12.0,4.13
22382,2011-10-19,40.0,1.65
22382,2011-10-20,23.0,1.65
22382,2011-10-21,34.0,1.65
22382,2011-10-23,6.0,1.65
22382,2011-10-25,33.0,1.65
22382,2011-10-26,6.0,1.65
22382,2011-10-27,31.0,1.65
22382,2011-10-28,27.0,1.65
22382,2011-10-30,32.0,1.65
22382,2011-10-31,26.0,1.65
22382,2011-11-01,5.0,1.65
22382,2011-11-02,6.0,1.65
22382,2011-11-04,51.0,1.65
22382,2011-11-06,54.0,1.65
22382,2011-11-07,33.0,1.65
22382,2011-11-08,80.0,1.65
22382,2011-11-09,220.0,1.65
22382,2011-11-10,31.0,1.65
22382,2011-11-11,5.0,4.96
22382,2011-11-13,16.0,1.65
22382,2011-11-14,22.0,1.65
22382,2011-11-15,37.0,4.13
22382,2011-11-16,69.0,1.65
22382,2011-11-17,32.0,1.65
22382,2011-11-18,21.0,1.65
22382,2011-11-20,46.0,1.65
22382,2011-11-21,35.0,1.65
22382,2011-11-22,66.0,1.65
22382,2011-11-23,48.0,1.65
22382,2011-11-24,52.0,1.65
22382,2011-11-25,26.0,1.65
22382,2011-11-27,10.0,1.65
22382,2011-11-28,45.0,1.65
22382,2011-11-29,14.0,4.13
22382,2011-11-30,23.0,1.65
22382,2011-12-01,18.0,1.65
22382,2011-12-02,2.0,4.13
22382,2011-12-04,24.0,1.65
22382,2011-12-05,18.0,1.65
22382,2011-12-06,12.0,1.65
22382,2011-12-07,15.0,1.65
22382,2011-12-08,45.0,1.65
22383,2010-12-01,34.0,1.65
22383,2010-12-02,5.0,1.65
22383,2010-12-03,4.0,1.65
22383,2010-12-05,51.0,1.65
22383,2010-12-06,117.0,1.65
22383,2010-12-07,14.0,4.21
22383,2010-12-08,14.0,1.65
22383,2010-12-09,7.0,5.06
22383,2010-12-10,3.0,4.21
22383,2010-12-12,5.0,1.65
22383,2010-12-13,3.0,1.65
22383,2010-12-14,21.0,5.06
22383,2010-12-15,73.0,1.65
22383,2010-12-16,43.0,1.65
22383,2010-12-17,4.0,4.21
22383,2010-12-19,2.0,1.65
22383,2010-12-21,9.0,5.06
22383,2010-12-23,1.0,4.21
22383,2011-01-04,1.0,1.65
22383,2011-01-05,11.0,1.65
22383,2011-01-06,43.0,1.65
22383,2011-01-07,2.0,1.65
22383,2011-01-09,43.0,1.65
22383,2011-01-10,1.0,4.21
22383,2011-01-11,10.0,1.65
22383,2011-01-13,113.0,1.65
22383,2011-01-14,13.0,4.96
22383,2011-01-16,12.0,1.65
22383,2011-01-17,17.0,4.13
22383,2011-01-18,10.0,4.96
22383,2011-01-19,1.0,1.65
22383,2011-01-20,29.0,1.65
22383,2011-01-21,12.0,4.96
22383,2011-01-23,1.0,1.65
22383,2011-01-24,12.0,4.96
22383,2011-01-25,103.0,4.13
22383,2011-01-26,51.0,1.65
22383,2011-01-27,21.0,1.65
22383,2011-01-28,50.0,1.65
22383,2011-01-31,41.0,1.65
22383,2011-02-01,112.0,1.65
22383,2011-02-02,25.0,4.96
22383,2011-02-03,20.0,1.65
22383,2011-02-04,23.0,4.13
22383,2011-02-06,20.0,1.65
22383,2011-02-08,10.0,1.65
22383,2011-02-09,23.0,4.13
22383,2011-02-10,14.0,1.65
22383,2011-02-11,14.0,4.13
22383,2011-02-14,14.0,1.65
22383,2011-02-15,3.0,1.65
22383,2011-02-16,20.0,1.65
22383,2011-02-17,47.0,1.65
22383,2011-02-18,135.0,1.65
22383,2011-02-20,10.0,1.65
22383,2011-02-21,2.0,4.13
22383,2011-02-22,26.0,1.65
22383,2011-02-23,20.0,4.96
22383,2011-02-24,10.0,1.65
22383,2011-02-25,44.0,1.65
22383,2011-02-28,22.0,1.65
22383,2011-03-01,33.0,1.65
22383,2011-03-02,1.0,1.65
22383,2011-03-03,24.0,1.65
22383,2011-03-04,30.0,1.65
22383,2011-03-06,20.0,1.65
22383,2011-03-07,14.0,4.96
22383,2011-03-08,12.0,1.65
22383,2011-03-09,1.0,4.13
22383,2011-03-10,3.0,4.13
22383,2011-03-14,3.0,1.65
22383,2011-03-15,42.0,1.65
22383,2011-03-16,5.0,1.65
22383,2011-03-17,16.0,1.65
22383,2011-03-18,12.0,4.96
22383,2011-03-20,8.0,1.65
22383,2011-03-21,52.0,1.65
22383,2011-03-22,20.0,4.96
22383,2011-03-23,17.0,1.65
22383,2011-03-24,50.0,1.65
22383,2011-03-25,60.0,1.65
22383,2011-03-28,65.0,1.65
22383,2011-03-29,115.0,4.96
22383,2011-03-30,50.0,1.65
22383,2011-03-31,30.0,1.65
22383,2011-04-01,31.0,1.65
22383,2011-04-03,2.0,1.65
22383,2011-04-04,61.0,1.65
22383,2011-04-05,10.0,1.65
22383,2011-04-06,45.0,1.65
22383,2011-04-07,18.0,1.65
22383,2011-04-08,52.0,1.65
22383,2011-04-10,4.0,1.65
22383,2011-04-11,16.0,1.65
22383,2011-04-12,80.0,1.65
22383,2011-04-13,40.0,1.65
22383,2011-04-14,21.0,1.65
22383,2011-04-15,52.0,4.96
22383,2011-04-17,5.0,1.65
22383,2011-04-18,26.0,1.65
22383,2011-04-19,38.0,1.65
22383,2011-04-20,65.0,1.65
22383,2011-04-21,27.0,1.65
22383,2011-04-26,59.0,1.65
22383,2011-04-27,23.0,1.65
22383,2011-04-28,21.0,1.65
22383,2011-05-01,10.0,1.65
22383,2011-05-03,42.0,1.65
22383,2011-05-04,100.0,1.45
22383,2011-05-05,30.0,1.65
22383,2011-05-06,60.0,1.65
22383,2011-05-08,59.0,1.65
22383,2011-05-09,89.0,1.65
22383,2011-05-10,49.0,1.65
22383,2011-05-11,39.0,1.65
22383,2011-05-12,127.0,1.65
22383,2011-05-13,55.0,1.65
22383,2011-05-15,19.0,1.65
22383,2011-05-16,23.0,1.65
22383,2011-05-17,72.0,1.65
22383,2011-05-18,13.0,1.65
22383,2011-05-19,41.0,1.65
22383,2011-05-20,71.0,1.65
22383,2011-05-22,5.0,1.65
22383,2011-05-23,22.0,1.65
22383,2011-05-24,34.0,1.65
22383,2011-05-25,49.0,1.65
22383,2011-05-26,32.0,1.65
22383,2011-05-27,166.0,1.65
22383,2011-05-29,20.0,1.65
22383,2011-05-31,47.0,1.65
22383,2011-06-01,6.0,1.65
22383,2011-06-02,38.0,1.65
22383,2011-06-03,21.0,1.65
22383,2011-06-05,69.0,1.65
22383,2011-06-06,24.0,1.65
22383,2011-06-07,31.0,1.65
22383,2011-06-08,36.0,1.65
22383,2011-06-09,37.0,1.65
22383,2011-06-10,39.0,1.65
22383,2011-06-14,8.0,1.65
22383,2011-06-15,4.0,1.65
22383,2011-06-16,19.0,1.65
22383,2011-06-17,30.0,1.65
22383,2011-06-19,3.0,1.65
22383,2011-06-20,8.0,4.13
22383,2011-06-21,43.0,1.65
22383,2011-06-22,17.0,1.65
22383,2011-06-23,44.0,1.65
22383,2011-06-24,32.0,1.65
22383,2011-06-26,3.0,1.65
22383,2011-06-27,46.0,1.65
22383,2011-06-28,11.0,4.96
22383,2011-06-29,4.0,4.13
22383,2011-06-30,65.0,1.65
22383,2011-07-01,35.0,1.65
22383,2011-07-03,31.0,1.65
22383,2011-07-04,52.0,1.65
22383,2011-07-05,40.0,4.13
22383,2011-07-06,8.0,1.65
22383,2011-07-07,63.0,1.65
22383,2011-07-08,293.0,1.65
22383,2011-07-10,5.0,1.65
22383,2011-07-11,24.0,1.65
22383,2011-07-12,33.0,1.65
22383,2011-07-13,1.0,1.65
22383,2011-07-14,6.0,1.65
22383,2011-07-15,41.0,1.65
22383,2011-07-17,43.0,1.65
22383,2011-07-18,24.0,1.65
22383,2011-07-19,99.0,1.65
22383,2011-07-20,48.0,1.65
22383,2011-07-21,130.0,1.65
22383,2011-07-22,48.0,1.65
22383,2011-07-24,71.0,1.65
22383,2011-07-25,12.0,1.65
22383,2011-07-26,144.0,1.65
22383,2011-07-27,52.0,1.65
22383,2011-07-28,21.0,1.65
22383,2011-07-29,50.0,1.65
22383,2011-07-31,21.0,1.65
22383,2011-08-02,182.0,1.65
22383,2011-08-03,35.0,1.65
22383,2011-08-04,70.0,1.65
22383,2011-08-05,9.0,1.65
22383,2011-08-08,40.0,1.65
22383,2011-08-09,72.0,1.65
22383,2011-08-10,157.0,1.65
22383,2011-08-11,97.0,1.65
22383,2011-08-12,60.0,1.65
22383,2011-08-14,7.0,1.65
22383,2011-08-15,1.0,1.65
22383,2011-08-16,112.0,1.65
22383,2011-08-17,127.0,1.65
22383,2011-08-18,11.0,1.65
22383,2011-08-19,30.0,1.65
22383,2011-08-21,37.0,1.65
22383,2011-08-22,68.0,1.65
22383,2011-08-23,96.0,1.65
22383,2011-08-24,27.0,1.65
22383,2011-08-25,60.0,1.65
22383,2011-08-26,47.0,1.65
22383,2011-08-28,16.0,1.65
22383,2011-08-30,21.0,4.13
22383,2011-08-31,143.0,1.65
22383,2011-09-01,65.0,1.65
22383,2011-09-02,17.0,4.13
22383,2011-09-04,24.0,1.65
22383,2011-09-05,61.0,1.65
22383,2011-09-06,20.0,4.96
22383,2011-09-07,51.0,1.65
22383,2011-09-08,14.0,1.65
22383,2011-09-09,41.0,1.65
22383,2011-09-11,13.0,1.65
22383,2011-09-12,32.0,1.65
22383,2011-09-13,59.0,1.65
22383,2011-09-14,60.0,1.65
22383,2011-09-15,52.0,1.65
22383,2011-09-16,52.0,1.65
22383,2011-09-18,15.0,1.65
22383,2011-09-19,32.0,1.65
22383,2011-09-20,18.0,1.65
22383,2011-09-21,19.0,4.13
22383,2011-09-22,46.0,1.65
22383,2011-09-23,19.0,4.13
22383,2011-09-25,10.0,1.65
22383,2011-09-27,39.0,1.65
22383,2011-09-28,30.0,1.65
22383,2011-09-29,41.0,1.65
22383,2011-09-30,23.0,1.65
22383,2011-10-02,10.0,1.65
22383,2011-10-03,10.0,1.65
22383,2011-10-04,34.0,1.65
22383,2011-10-05,42.0,1.65
22383,2011-10-06,43.0,1.65
22383,2011-10-07,24.0,1.65
22383,2011-10-09,9.0,1.65
22383,2011-10-10,20.0,1.65
22383,2011-10-11,27.0,1.65
22383,2011-10-12,23.0,1.65
22383,2011-10-13,43.0,1.65
22383,2011-10-14,19.0,4.96
22383,2011-10-17,22.0,1.65
22383,2011-10-18,29.0,1.65
22383,2011-10-20,10.0,1.65
22383,2011-10-21,33.0,4.96
22383,2011-10-23,5.0,1.65
22383,2011-10-24,4.0,1.65
22383,2011-10-25,29.0,1.65
22383,2011-10-26,30.0,1.65
22383,2011-10-27,41.0,1.65
22383,2011-10-28,43.0,1.65
22383,2011-10-30,63.0,1.65
22383,2011-10-31,31.0,4.13
22383,2011-11-01,6.0,1.65
22383,2011-11-02,21.0,4.13
22383,2011-11-04,41.0,1.65
22383,2011-11-06,129.0,1.65
22383,2011-11-07,13.0,1.65
22383,2011-11-08,56.0,1.65
22383,2011-11-09,52.0,1.65
22383,2011-11-10,50.0,1.65
22383,2011-11-11,30.0,1.65
22383,2011-11-13,18.0,1.65
22383,2011-11-14,39.0,1.65
22383,2011-11-15,9.0,4.13
22383,2011-11-16,35.0,1.65
22383,2011-11-17,27.0,1.65
22383,2011-11-18,41.0,1.65
22383,2011-11-20,12.0,1.65
22383,2011-11-21,16.0,1.65
22383,2011-11-22,29.0,1.65
22383,2011-11-23,53.0,1.65
22383,2011-11-24,13.0,1.65
22383,2011-11-25,23.0,4.13
22383,2011-11-27,37.0,1.65
22383,2011-11-28,56.0,1.65
22383,2011-11-29,19.0,1.65
22383,2011-11-30,12.0,1.65
22383,2011-12-01,5.0,1.65
22383,2011-12-02,36.0,1.65
22383,2011-12-04,8.0,1.65
22383,2011-12-05,23.0,4.13
22383,2011-12-06,37.0,1.65
22383,2011-12-07,17.0,1.65
22383,2011-12-08,33.0,4.13
22383,2011-12-09,2.0,4.96
22384,2010-12-01,4.0,1.65
22384,2010-12-02,14.0,1.65
22384,2010-12-03,4.0,4.21
22384,2010-12-05,2.0,1.65
22384,2010-12-06,22.0,1.65
22384,2010-12-07,2.0,4.21
22384,2010-12-08,56.0,1.65
22384,2010-12-09,2.0,4.21
22384,2010-12-10,13.0,4.21
22384,2010-12-12,8.0,1.65
22384,2010-12-13,20.0,1.65
22384,2010-12-14,43.0,1.65
22384,2010-12-15,27.0,1.65
22384,2010-12-16,10.0,1.65
22384,2010-12-17,1.0,4.21
22384,2010-12-21,2.0,5.06
22384,2011-01-04,1.0,1.65
22384,2011-01-05,1.0,1.65
22384,2011-01-06,40.0,1.65
22384,2011-01-07,12.0,1.65
22384,2011-01-10,1.0,4.21
22384,2011-01-11,10.0,1.65
22384,2011-01-12,13.0,1.65
22384,2011-01-13,4.0,4.13
22384,2011-01-14,22.0,1.65
22384,2011-01-16,22.0,1.65
22384,2011-01-17,1.0,4.13
22384,2011-01-18,5.0,4.96
22384,2011-01-19,1.0,4.13
22384,2011-01-20,2.0,1.65
22384,2011-01-21,3.0,4.96
22384,2011-01-23,1.0,1.65
22384,2011-01-24,100.0,1.45
22384,2011-01-25,30.0,1.65
22384,2011-01-26,32.0,1.65
22384,2011-01-27,22.0,1.65
22384,2011-01-28,41.0,1.65
22384,2011-01-30,19.0,1.65
22384,2011-01-31,140.0,1.65
22384,2011-02-01,15.0,1.65
22384,2011-02-02,11.0,4.13
22384,2011-02-03,4.0,1.65
22384,2011-02-04,1.0,4.96
22384,2011-02-06,1.0,1.65
22384,2011-02-07,6.0,2.46
22384,2011-02-08,19.0,1.65
22384,2011-02-09,15.0,2.46
22384,2011-02-10,4.0,1.65
22384,2011-02-11,2.0,2.46
22384,2011-02-14,10.0,1.65
22384,2011-02-15,30.0,1.65
22384,2011-02-16,30.0,1.65
22384,2011-02-17,10.0,1.65
22384,2011-02-18,23.0,1.65
22384,2011-02-21,10.0,1.65
22384,2011-02-22,13.0,1.65
22384,2011-02-23,1.0,4.96
22384,2011-02-24,30.0,1.65
22384,2011-02-25,21.0,1.65
22384,2011-02-27,30.0,1.65
22384,2011-02-28,55.0,1.65
22384,2011-03-01,10.0,1.65
22384,2011-03-02,1.0,1.65
22384,2011-03-03,2.0,1.65
22384,2011-03-04,112.0,1.65
22384,2011-03-06,12.0,1.65
22384,2011-03-07,15.0,1.65
22384,2011-03-08,31.0,1.65
22384,2011-03-09,14.0,1.65
22384,2011-03-10,32.0,1.65
22384,2011-03-11,2.0,4.96
22384,2011-03-13,4.0,1.65
22384,2011-03-14,22.0,1.65
22384,2011-03-15,2.0,4.96
22384,2011-03-16,2.0,1.65
22384,2011-03-17,27.0,1.65
22384,2011-03-18,10.0,1.65
22384,2011-03-20,57.0,1.65
22384,2011-03-21,40.0,1.65
22384,2011-03-22,5.0,1.65
22384,2011-03-23,12.0,1.65
22384,2011-03-24,28.0,1.65
22384,2011-03-25,53.0,1.65
22384,2011-03-27,2.0,1.65
22384,2011-03-28,36.0,1.65
22384,2011-03-29,42.0,1.65
22384,2011-03-30,45.0,1.65
22384,2011-03-31,64.0,1.65
22384,2011-04-01,19.0,1.65
22384,2011-04-03,3.0,1.65
22384,2011-04-04,19.0,4.13
22384,2011-04-05,2.0,1.65
22384,2011-04-06,26.0,1.65
22384,2011-04-07,12.0,1.65
22384,2011-04-08,20.0,1.65
22384,2011-04-10,22.0,1.65
22384,2011-04-11,23.0,1.65
22384,2011-04-12,10.0,1.65
22384,2011-04-13,31.0,1.65
22384,2011-04-14,39.0,1.65
22384,2011-04-15,13.0,4.96
22384,2011-04-18,27.0,1.65
22384,2011-04-19,18.0,1.65
22384,2011-04-20,65.0,1.65
22384,2011-04-21,41.0,1.65
22384,2011-04-26,1.0,4.96
22384,2011-04-27,11.0,1.65
22384,2011-04-28,25.0,1.65
22384,2011-05-03,21.0,1.65
22384,2011-05-04,100.0,1.45
22384,2011-05-05,7.0,1.65
22384,2011-05-06,22.0,1.65
22384,2011-05-08,29.0,1.65
22384,2011-05-09,65.0,1.65
22384,2011-05-10,175.0,1.65
22384,2011-05-11,44.0,1.65
22384,2011-05-12,106.0,1.65
22384,2011-05-13,36.0,1.65
22384,2011-05-15,12.0,1.65
22384,2011-05-16,37.0,1.65
22384,2011-05-17,68.0,1.65
22384,2011-05-18,4.0,1.65
22384,2011-05-19,16.0,1.65
22384,2011-05-20,60.0,1.65
22384,2011-05-22,14.0,1.65
22384,2011-05-23,42.0,1.65
22384,2011-05-24,3.0,1.65
22384,2011-05-25,49.0,1.65
22384,2011-05-26,13.0,1.65
22384,2011-05-27,12.0,4.96
22384,2011-05-29,2.0,1.65
22384,2011-05-31,28.0,1.65
22384,2011-06-01,16.0,1.65
22384,2011-06-02,26.0,1.65
22384,2011-06-03,51.0,1.65
22384,2011-06-05,48.0,1.65
22384,2011-06-06,26.0,1.65
22384,2011-06-07,36.0,1.65
22384,2011-06-08,57.0,1.65
22384,2011-06-09,19.0,1.65
22384,2011-06-10,56.0,1.65
22384,2011-06-12,31.0,1.65
22384,2011-06-14,113.0,1.65
22384,2011-06-15,29.0,1.65
22384,2011-06-16,6.0,1.65
22384,2011-06-17,23.0,1.65
22384,2011-06-19,10.0,1.65
22384,2011-06-20,119.0,1.65
22384,2011-06-21,31.0,1.65
22384,2011-06-22,35.0,1.65
22384,2011-06-23,47.0,1.65
22384,2011-06-24,32.0,1.65
22384,2011-06-26,2.0,1.65
22384,2011-06-27,12.0,1.65
22384,2011-06-28,122.0,1.65
22384,2011-06-29,10.0,1.65
22384,2011-06-30,49.0,1.65
22384,2011-07-01,10.0,1.65
22384,2011-07-03,31.0,1.65
22384,2011-07-04,28.0,1.65
22384,2011-07-05,33.0,1.65
22384,2011-07-06,11.0,1.65
22384,2011-07-07,94.0,1.65
22384,2011-07-08,22.0,4.13
22384,2011-07-10,2.0,1.65
22384,2011-07-11,45.0,1.65
22384,2011-07-12,36.0,1.65
22384,2011-07-13,30.0,1.65
22384,2011-07-14,45.0,1.65
22384,2011-07-17,65.0,1.65
22384,2011-07-18,18.0,1.65
22384,2011-07-19,152.0,1.65
22384,2011-07-20,19.0,1.65
22384,2011-07-21,150.0,1.65
22384,2011-07-22,2.0,4.96
22384,2011-07-24,31.0,1.65
22384,2011-07-25,38.0,1.65
22384,2011-07-26,129.0,1.65
22384,2011-07-27,152.0,1.65
22384,2011-07-28,31.0,1.65
22384,2011-07-29,42.0,1.65
22384,2011-07-31,25.0,1.65
22384,2011-08-01,21.0,4.13
22384,2011-08-02,34.0,4.13
22384,2011-08-03,1.0,1.65
22384,2011-08-04,174.0,1.65
22384,2011-08-07,15.0,1.65
22384,2011-08-08,25.0,1.65
22384,2011-08-09,120.0,1.65
22384,2011-08-10,11.0,4.13
22384,2011-08-11,100.0,1.65
22384,2011-08-12,23.0,1.65
22384,2011-08-15,10.0,1.65
22384,2011-08-16,82.0,1.65
22384,2011-08-17,87.0,1.65
22384,2011-08-18,30.0,1.65
22384,2011-08-19,20.0,1.65
22384,2011-08-21,23.0,1.65
22384,2011-08-22,82.0,1.65
22384,2011-08-23,71.0,1.65
22384,2011-08-24,10.0,4.96
22384,2011-08-25,40.0,1.65
22384,2011-08-26,32.0,1.65
22384,2011-08-28,24.0,1.65
22384,2011-08-30,12.0,4.13
22384,2011-08-31,30.0,1.65
22384,2011-09-01,27.0,1.65
22384,2011-09-02,36.0,4.13
22384,2011-09-04,5.0,1.65
22384,2011-09-05,16.0,1.65
22384,2011-09-06,62.0,1.65
22384,2011-09-07,56.0,1.65
22384,2011-09-08,10.0,1.65
22384,2011-09-09,11.0,1.65
22384,2011-09-11,24.0,1.65
22384,2011-09-12,14.0,1.65
22384,2011-09-13,47.0,1.65
22384,2011-09-14,41.0,1.65
22384,2011-09-15,43.0,1.65
22384,2011-09-16,3.0,1.65
22384,2011-09-18,2.0,1.65
22384,2011-09-19,20.0,1.65
22384,2011-09-20,64.0,1.65
22384,2011-09-21,23.0,4.13
22384,2011-09-22,24.0,1.65
22384,2011-09-23,21.0,1.65
22384,2011-09-25,40.0,1.65
22384,2011-09-26,2.0,1.65
22384,2011-09-27,21.0,1.65
22384,2011-09-28,10.0,1.65
22384,2011-09-29,32.0,1.65
22384,2011-09-30,16.0,1.65
22384,2011-10-02,10.0,1.65
22384,2011-10-03,25.0,1.65
22384,2011-10-04,10.0,1.65
22384,2011-10-05,20.0,1.65
22384,2011-10-06,40.0,1.65
22384,2011-10-09,2.0,1.65
22384,2011-10-10,21.0,1.65
22384,2011-10-11,12.0,1.65
22384,2011-10-12,1.0,1.65
22384,2011-10-13,1.0,1.65
22384,2011-10-14,10.0,1.65
22384,2011-10-16,2.0,1.65
22384,2011-10-17,2.0,1.65
22384,2011-10-18,24.0,1.65
22384,2011-10-19,12.0,1.65
22384,2011-10-20,16.0,1.65
22384,2011-10-21,7.0,1.65
22384,2011-10-23,13.0,1.65
22384,2011-10-24,2.0,4.13
22384,2011-10-25,39.0,1.65
22384,2011-10-26,24.0,1.65
22384,2011-10-27,12.0,1.65
22384,2011-10-28,22.0,1.65
22384,2011-10-30,28.0,1.65
22384,2011-10-31,10.0,4.13
22384,2011-11-02,11.0,4.13
22384,2011-11-03,1.0,4.13
22384,2011-11-04,31.0,1.65
22384,2011-11-06,121.0,1.65
22384,2011-11-07,30.0,1.65
22384,2011-11-08,41.0,1.65
22384,2011-11-09,21.0,1.65
22384,2011-11-10,17.0,1.65
22384,2011-11-11,11.0,4.13
22384,2011-11-13,16.0,1.65
22384,2011-11-14,32.0,1.65
22384,2011-11-15,10.0,1.65
22384,2011-11-16,12.0,4.96
22384,2011-11-17,19.0,1.65
22384,2011-11-18,39.0,1.65
22384,2011-11-20,46.0,1.65
22384,2011-11-21,39.0,1.65
22384,2011-11-22,7.0,1.65
22384,2011-11-23,25.0,1.65
22384,2011-11-24,24.0,1.65
22384,2011-11-25,33.0,1.65
22384,2011-11-27,12.0,1.65
22384,2011-11-28,30.0,1.65
22384,2011-11-29,22.0,1.65
22384,2011-11-30,60.0,1.65
22384,2011-12-01,14.0,1.65
22384,2011-12-02,22.0,1.65
22384,2011-12-04,1.0,1.65
22384,2011-12-05,30.0,4.13
22384,2011-12-06,15.0,1.65
22384,2011-12-07,30.0,1.65
22384,2011-12-08,8.0,4.13
22384,2011-12-09,1.0,4.96
22386,2010-12-01,45.0,1.95
22386,2010-12-02,23.0,1.95
22386,2010-12-03,23.0,5.06
22386,2010-12-05,7.0,1.95
22386,2010-12-06,20.0,1.95
22386,2010-12-07,14.0,5.06
22386,2010-12-08,213.0,1.95
22386,2010-12-09,8.0,5.06
22386,2010-12-10,1.0,4.21
22386,2010-12-12,4.0,1.95
22386,2010-12-13,10.0,1.95
22386,2010-12-14,11.0,1.95
22386,2010-12-15,20.0,1.95
22386,2010-12-16,40.0,1.95
22386,2010-12-17,15.0,4.21
22386,2010-12-19,1.0,1.95
22386,2010-12-21,9.0,5.06
22386,2011-01-04,30.0,1.95
22386,2011-01-05,200.0,1.65
22386,2011-01-06,45.0,1.95
22386,2011-01-07,224.0,1.95
22386,2011-01-09,34.0,1.95
22386,2011-01-10,20.0,1.95
22386,2011-01-11,10.0,1.95
22386,2011-01-12,3.0,4.21
22386,2011-01-13,213.0,1.95
22386,2011-01-14,64.0,4.96
22386,2011-01-16,13.0,1.95
22386,2011-01-17,21.0,1.95
22386,2011-01-18,8.0,4.96
22386,2011-01-19,18.0,1.95
22386,2011-01-20,2.0,4.13
22386,2011-01-21,13.0,4.13
22386,2011-01-23,11.0,1.95
22386,2011-01-24,13.0,4.13
22386,2011-01-25,86.0,1.95
22386,2011-01-26,23.0,1.95
22386,2011-01-27,37.0,1.95
22386,2011-01-28,20.0,1.95
22386,2011-01-30,10.0,1.95
22386,2011-01-31,4.0,4.13
22386,2011-02-01,6.0,4.13
22386,2011-02-02,32.0,1.95
22386,2011-02-03,50.0,1.95
22386,2011-02-04,103.0,4.13
22386,2011-02-06,30.0,1.95
22386,2011-02-07,31.0,1.95
22386,2011-02-08,11.0,4.13
22386,2011-02-09,18.0,1.95
22386,2011-02-10,12.0,1.95
22386,2011-02-11,23.0,1.95
22386,2011-02-14,302.0,1.95
22386,2011-02-15,30.0,1.95
22386,2011-02-16,11.0,4.13
22386,2011-02-17,22.0,4.13
22386,2011-02-18,33.0,1.95
22386,2011-02-20,11.0,1.95
22386,2011-02-22,100.0,1.65
22386,2011-02-23,17.0,4.13
22386,2011-02-24,40.0,1.95
22386,2011-02-25,3.0,1.95
22386,2011-02-28,62.0,1.95
22386,2011-03-01,73.0,1.95
22386,2011-03-02,4.0,1.95
22386,2011-03-03,14.0,1.95
22386,2011-03-04,1.0,1.95
22386,2011-03-07,160.0,1.95
22386,2011-03-08,63.0,1.95
22386,2011-03-09,22.0,1.95
22386,2011-03-10,106.0,1.95
22386,2011-03-11,3.0,1.95
22386,2011-03-14,20.0,1.95
22386,2011-03-15,45.0,4.13
22386,2011-03-16,110.0,1.95
22386,2011-03-17,832.0,4.13
22386,2011-03-18,36.0,4.13
22386,2011-03-20,40.0,1.95
22386,2011-03-21,140.0,1.95
22386,2011-03-22,26.0,4.13
22386,2011-03-23,125.0,1.95
22386,2011-03-24,14.0,1.95
22386,2011-03-25,271.0,1.95
22386,2011-03-28,113.0,1.95
22386,2011-03-29,205.0,4.13
22386,2011-03-30,12.0,2.08
22386,2011-03-31,24.0,2.08
22386,2011-04-01,17.0,2.08
22386,2011-04-03,4.0,2.08
22386,2011-04-04,30.0,2.08
22386,2011-04-05,10.0,1.95
22386,2011-04-06,1.0,4.13
22386,2011-04-07,24.0,2.08
22386,2011-04-08,30.0,2.08
22386,2011-04-10,10.0,2.08
22386,2011-04-11,5.0,2.08
22386,2011-04-13,10.0,2.08
22386,2011-04-14,58.0,2.08
22386,2011-04-15,46.0,4.13
22386,2011-04-18,28.0,4.13
22386,2011-04-19,25.0,2.08
22386,2011-04-20,70.0,2.08
22386,2011-04-21,32.0,2.08
22386,2011-04-26,25.0,4.13
22386,2011-04-27,112.0,2.08
22386,2011-04-28,25.0,2.08
22386,2011-05-01,110.0,2.08
22386,2011-05-03,24.0,2.08
22386,2011-05-04,3.0,2.08
22386,2011-05-05,9.0,2.08
22386,2011-05-06,73.0,2.08
22386,2011-05-08,45.0,2.08
22386,2011-05-09,63.0,2.08
22386,2011-05-10,141.0,4.13
22386,2011-05-11,136.0,2.08
22386,2011-05-12,10.0,2.08
22386,2011-05-13,11.0,4.13
22386,2011-05-15,10.0,2.08
22386,2011-05-16,22.0,2.08
22386,2011-05-17,24.0,4.13
22386,2011-05-18,10.0,2.08
22386,2011-05-19,51.0,4.13
22386,2011-05-20,50.0,2.08
22386,2011-05-22,22.0,2.08
22386,2011-05-23,29.0,2.08
22386,2011-05-24,25.0,2.08
22386,2011-05-25,57.0,2.08
22386,2011-05-26,304.0,2.08
22386,2011-05-27,135.0,4.13
22386,2011-05-29,10.0,2.08
22386,2011-05-31,25.0,2.08
22386,2011-06-01,23.0,2.08
22386,2011-06-02,323.0,2.08
22386,2011-06-03,10.0,2.08
22386,2011-06-05,26.0,2.08
22386,2011-06-06,122.0,2.08
22386,2011-06-07,33.0,2.08
22386,2011-06-08,93.0,4.13
22386,2011-06-09,40.0,2.08
22386,2011-06-10,119.0,4.13
22386,2011-06-12,1.0,2.08
22386,2011-06-13,57.0,2.08
22386,2011-06-14,20.0,2.08
22386,2011-06-15,36.0,2.08
22386,2011-06-16,117.0,2.08
22386,2011-06-19,3.0,2.08
22386,2011-06-20,327.0,4.13
22386,2011-06-21,125.0,2.08
22386,2011-06-22,33.0,2.08
22386,2011-06-23,26.0,2.08
22386,2011-06-24,30.0,2.08
22386,2011-06-26,10.0,2.08
22386,2011-06-27,120.0,4.13
22386,2011-06-28,16.0,4.13
22386,2011-06-29,40.0,2.08
22386,2011-06-30,130.0,2.08
22386,2011-07-01,46.0,4.13
22386,2011-07-03,4.0,2.08
22386,2011-07-04,9.0,4.13
22386,2011-07-05,51.0,2.08
22386,2011-07-06,13.0,2.08
22386,2011-07-07,202.0,2.08
22386,2011-07-08,169.0,4.13
22386,2011-07-11,10.0,2.08
22386,2011-07-12,115.0,4.13
22386,2011-07-13,51.0,2.08
22386,2011-07-14,11.0,2.08
22386,2011-07-15,13.0,2.08
22386,2011-07-17,115.0,2.08
22386,2011-07-18,41.0,4.13
22386,2011-07-19,140.0,1.79
22386,2011-07-20,15.0,2.08
22386,2011-07-21,44.0,2.08
22386,2011-07-22,25.0,2.08
22386,2011-07-24,22.0,2.08
22386,2011-07-25,75.0,2.08
22386,2011-07-26,12.0,2.08
22386,2011-07-27,137.0,2.08
22386,2011-07-28,126.0,2.08
22386,2011-07-29,31.0,2.08
22386,2011-07-31,22.0,2.08
22386,2011-08-01,34.0,2.08
22386,2011-08-02,22.0,2.08
22386,2011-08-03,11.0,2.08
22386,2011-08-04,135.0,2.08
22386,2011-08-05,150.0,2.08
22386,2011-08-07,10.0,2.08
22386,2011-08-08,8.0,4.13
22386,2011-08-09,66.0,2.08
22386,2011-08-10,110.0,2.08
22386,2011-08-11,126.0,2.08
22386,2011-08-12,12.0,4.13
22386,2011-08-14,39.0,2.08
22386,2011-08-15,12.0,2.08
22386,2011-08-16,25.0,2.08
22386,2011-08-17,135.0,2.08
22386,2011-08-18,161.0,2.08
22386,2011-08-19,30.0,2.08
22386,2011-08-21,3.0,2.08
22386,2011-08-22,76.0,2.08
22386,2011-08-23,60.0,2.08
22386,2011-08-24,429.0,1.79
22386,2011-08-25,8.0,4.13
22386,2011-08-26,20.0,2.08
22386,2011-08-28,16.0,2.08
22386,2011-08-30,15.0,4.13
22386,2011-08-31,118.0,4.13
22386,2011-09-01,34.0,2.08
22386,2011-09-02,48.0,2.08
22386,2011-09-04,23.0,2.08
22386,2011-09-05,143.0,2.08
22386,2011-09-06,111.0,2.08
22386,2011-09-07,175.0,2.08
22386,2011-09-08,44.0,2.08
22386,2011-09-09,27.0,4.13
22386,2011-09-11,117.0,2.08
22386,2011-09-12,2.0,2.08
22386,2011-09-13,337.0,2.08
22386,2011-09-14,30.0,2.08
22386,2011-09-15,50.0,2.08
22386,2011-09-16,50.0,2.08
22386,2011-09-18,9.0,2.08
22386,2011-09-19,36.0,2.08
22386,2011-09-20,235.0,2.08
22386,2011-09-21,29.0,4.13
22386,2011-09-22,47.0,2.08
22386,2011-09-23,222.0,2.08
22386,2011-09-25,30.0,2.08
22386,2011-09-26,40.0,2.08
22386,2011-09-27,109.0,4.13
22386,2011-09-28,233.0,2.08
22386,2011-09-29,252.0,2.08
22386,2011-09-30,28.0,4.13
22386,2011-10-02,3.0,2.08
22386,2011-10-03,2.0,2.08
22386,2011-10-04,64.0,2.08
22386,2011-10-05,112.0,2.08
22386,2011-10-06,932.0,2.08
22386,2011-10-07,409.0,2.08
22386,2011-10-09,20.0,2.08
22386,2011-10-10,123.0,2.08
22386,2011-10-11,222.0,2.08
22386,2011-10-12,11.0,2.08
22386,2011-10-13,26.0,2.08
22386,2011-10-14,15.0,2.08
22386,2011-10-17,263.0,2.08
22386,2011-10-18,47.0,2.08
22386,2011-10-19,20.0,2.08
22386,2011-10-20,4.0,2.08
22386,2011-10-24,239.0,2.08
22386,2011-10-25,41.0,2.08
22386,2011-10-26,49.0,2.08
22386,2011-10-28,111.0,2.08
22386,2011-10-30,3.0,2.08
22386,2011-10-31,40.0,4.13
22386,2011-11-01,43.0,2.08
22386,2011-11-02,101.0,4.13
22386,2011-11-03,10.0,2.08
22386,2011-11-04,17.0,2.08
22386,2011-11-06,82.0,2.08
22386,2011-11-07,35.0,2.08
22386,2011-11-08,71.0,2.08
22386,2011-11-09,254.0,2.08
22386,2011-11-10,18.0,2.08
22386,2011-11-11,114.0,4.13
22386,2011-11-13,24.0,2.08
22386,2011-11-14,311.0,1.79
22386,2011-11-15,22.0,2.08
22386,2011-11-16,36.0,2.08
22386,2011-11-17,32.0,2.08
22386,2011-11-18,31.0,2.08
22386,2011-11-20,40.0,2.08
22386,2011-11-21,25.0,2.08
22386,2011-11-22,2.0,4.13
22386,2011-11-23,29.0,2.08
22386,2011-11-24,33.0,2.08
22386,2011-11-25,142.0,2.08
22386,2011-11-27,22.0,2.08
22386,2011-11-28,11.0,4.13
22386,2011-11-29,33.0,4.13
22386,2011-11-30,35.0,4.13
22386,2011-12-01,11.0,2.08
22386,2011-12-02,321.0,2.08
22386,2011-12-04,5.0,2.08
22386,2011-12-05,28.0,4.13
22386,2011-12-06,23.0,2.08
22386,2011-12-07,33.0,2.08
22386,2011-12-08,7.0,4.13
22386,2011-12-09,11.0,4.13
22411,2010-12-01,80.0,1.95
22411,2010-12-02,61.0,1.65
22411,2010-12-03,28.0,1.95
22411,2010-12-06,14.0,1.95
22411,2010-12-07,78.0,1.95
22411,2010-12-08,114.0,1.95
22411,2010-12-09,4.0,4.21
22411,2010-12-10,30.0,4.21
22411,2010-12-12,2.0,1.95
22411,2010-12-13,36.0,1.95
22411,2010-12-14,62.0,1.95
22411,2010-12-15,110.0,1.95
22411,2010-12-16,22.0,1.95
22411,2010-12-17,13.0,4.21
22411,2010-12-19,1.0,1.95
22411,2010-12-21,44.0,4.21
22411,2010-12-23,13.0,1.95
22411,2011-01-04,21.0,1.95
22411,2011-01-05,1.0,4.21
22411,2011-01-06,43.0,4.21
22411,2011-01-07,1.0,4.21
22411,2011-01-09,42.0,1.95
22411,2011-01-10,28.0,1.95
22411,2011-01-11,69.0,4.21
22411,2011-01-12,1.0,4.21
22411,2011-01-13,3.0,4.13
22411,2011-01-14,57.0,4.13
22411,2011-01-16,10.0,1.95
22411,2011-01-17,6.0,4.13
22411,2011-01-18,31.0,4.13
22411,2011-01-19,22.0,4.13
22411,2011-01-20,4.0,1.95
22411,2011-01-21,33.0,1.95
22411,2011-01-24,12.0,4.13
22411,2011-01-25,91.0,1.95
22411,2011-01-26,1.0,4.13
22411,2011-01-27,1.0,4.13
22411,2011-01-28,21.0,4.96
22411,2011-01-31,1.0,1.95
22411,2011-02-01,18.0,1.95
22411,2011-02-02,17.0,4.13
22411,2011-02-03,24.0,1.95
22411,2011-02-04,43.0,4.13
22411,2011-02-06,11.0,1.95
22411,2011-02-07,10.0,1.95
22411,2011-02-08,42.0,1.95
22411,2011-02-09,30.0,4.13
22411,2011-02-10,11.0,4.13
22411,2011-02-11,10.0,1.95
22411,2011-02-14,28.0,1.95
22411,2011-02-15,11.0,4.13
22411,2011-02-17,24.0,4.13
22411,2011-02-18,105.0,1.95
22411,2011-02-22,12.0,1.95
22411,2011-02-23,25.0,4.13
22411,2011-02-24,20.0,1.95
22411,2011-02-25,30.0,4.13
22411,2011-02-27,11.0,1.95
22411,2011-02-28,20.0,1.95
22411,2011-03-01,26.0,1.95
22411,2011-03-02,25.0,1.95
22411,2011-03-03,21.0,1.95
22411,2011-03-04,22.0,1.95
22411,2011-03-07,32.0,4.13
22411,2011-03-08,40.0,1.95
22411,2011-03-09,10.0,1.95
22411,2011-03-10,7.0,1.95
22411,2011-03-13,6.0,1.95
22411,2011-03-14,20.0,1.95
22411,2011-03-15,32.0,4.13
22411,2011-03-16,102.0,1.95
22411,2011-03-17,30.0,1.65
22411,2011-03-18,37.0,4.13
22411,2011-03-20,13.0,1.95
22411,2011-03-21,51.0,1.95
22411,2011-03-22,21.0,4.13
22411,2011-03-23,21.0,4.13
22411,2011-03-24,41.0,1.95
22411,2011-03-25,201.0,1.95
22411,2011-03-28,122.0,1.95
22411,2011-03-29,123.0,4.13
22411,2011-03-30,21.0,2.08
22411,2011-03-31,17.0,4.13
22411,2011-04-01,18.0,2.08
22411,2011-04-04,17.0,2.08
22411,2011-04-05,1.0,4.13
22411,2011-04-06,7.0,2.08
22411,2011-04-07,6.0,2.08
22411,2011-04-08,16.0,4.13
22411,2011-04-10,6.0,2.08
22411,2011-04-11,4.0,2.08
22411,2011-04-12,4.0,2.08
22411,2011-04-13,10.0,2.08
22411,2011-04-14,54.0,2.08
22411,2011-04-15,73.0,4.13
22411,2011-04-18,21.0,4.13
22411,2011-04-19,36.0,2.08
22411,2011-04-20,66.0,2.08
22411,2011-04-21,112.0,4.13
22411,2011-04-26,57.0,4.13
22411,2011-04-27,20.0,2.08
22411,2011-04-28,32.0,2.08
22411,2011-05-01,53.0,2.08
22411,2011-05-03,22.0,2.08
22411,2011-05-04,32.0,2.08
22411,2011-05-05,41.0,2.08
22411,2011-05-06,27.0,2.08
22411,2011-05-08,47.0,2.08
22411,2011-05-09,33.0,2.08
22411,2011-05-10,231.0,4.13
22411,2011-05-11,18.0,2.08
22411,2011-05-12,101.0,2.08
22411,2011-05-13,132.0,2.08
22411,2011-05-16,132.0,2.08
22411,2011-05-17,58.0,4.13
22411,2011-05-18,110.0,2.08
22411,2011-05-19,49.0,4.13
22411,2011-05-20,53.0,2.08
22411,2011-05-22,2.0,2.08
22411,2011-05-23,21.0,2.08
22411,2011-05-24,16.0,4.13
22411,2011-05-25,239.0,2.08
22411,2011-05-26,11.0,4.13
22411,2011-05-27,46.0,4.13
22411,2011-05-29,5.0,2.08
22411,2011-05-31,12.0,4.13
22411,2011-06-01,4.0,4.13
22411,2011-06-02,22.0,4.13
22411,2011-06-03,12.0,2.08
22411,2011-06-05,31.0,2.08
22411,2011-06-06,12.0,2.08
22411,2011-06-07,30.0,2.08
22411,2011-06-08,78.0,4.13
22411,2011-06-09,23.0,2.08
22411,2011-06-10,10.0,4.13
22411,2011-06-12,5.0,2.08
22411,2011-06-13,21.0,4.13
22411,2011-06-14,15.0,2.08
22411,2011-06-15,64.0,4.13
22411,2011-06-16,20.0,2.08
22411,2011-06-17,12.0,2.08
22411,2011-06-19,2.0,2.08
22411,2011-06-20,31.0,4.13
22411,2011-06-21,152.0,4.13
22411,2011-06-22,4.0,2.08
22411,2011-06-23,13.0,2.08
22411,2011-06-24,1.0,2.08
22411,2011-06-26,20.0,2.08
22411,2011-06-27,25.0,4.13
22411,2011-06-28,12.0,4.13
22411,2011-06-29,100.0,1.79
22411,2011-06-30,21.0,2.08
22411,2011-07-01,21.0,4.13
22411,2011-07-03,10.0,2.08
22411,2011-07-04,43.0,2.08
22411,2011-07-05,44.0,4.13
22411,2011-07-06,22.0,2.08
22411,2011-07-07,29.0,2.08
22411,2011-07-08,49.0,4.13
22411,2011-07-10,1.0,2.08
22411,2011-07-11,11.0,4.13
22411,2011-07-12,14.0,4.13
22411,2011-07-13,50.0,2.08
22411,2011-07-14,18.0,2.08
22411,2011-07-18,28.0,4.13
22411,2011-07-19,40.0,1.79
22411,2011-07-20,28.0,2.08
22411,2011-07-21,48.0,4.13
22411,2011-07-22,20.0,2.08
22411,2011-07-24,101.0,2.08
22411,2011-07-25,33.0,4.13
22411,2011-07-26,6.0,2.08
22411,2011-07-27,41.0,2.08
22411,2011-07-28,11.0,4.13
22411,2011-07-29,21.0,2.08
22411,2011-07-31,5.0,2.08
22411,2011-08-01,38.0,2.08
22411,2011-08-02,11.0,4.13
22411,2011-08-03,55.0,2.08
22411,2011-08-04,256.0,2.08
22411,2011-08-05,38.0,2.08
22411,2011-08-07,10.0,2.08
22411,2011-08-08,16.0,2.08
22411,2011-08-09,10.0,2.08
22411,2011-08-10,2.0,4.13
22411,2011-08-11,187.0,2.08
22411,2011-08-12,10.0,2.08
22411,2011-08-14,4.0,2.08
22411,2011-08-15,16.0,2.08
22411,2011-08-16,50.0,2.08
22411,2011-08-17,145.0,2.08
22411,2011-08-18,70.0,2.08
22411,2011-08-19,20.0,2.08
22411,2011-08-21,12.0,2.08
22411,2011-08-22,52.0,2.08
22411,2011-08-23,30.0,2.08
22411,2011-08-24,150.0,2.08
22411,2011-08-25,30.0,2.08
22411,2011-08-26,30.0,2.08
22411,2011-08-30,19.0,4.13
22411,2011-08-31,28.0,4.13
22411,2011-09-01,73.0,2.08
22411,2011-09-02,22.0,4.13
22411,2011-09-04,13.0,2.08
22411,2011-09-05,25.0,2.08
22411,2011-09-06,28.0,2.08
22411,2011-09-07,167.0,2.08
22411,2011-09-08,16.0,2.08
22411,2011-09-09,33.0,2.08
22411,2011-09-11,15.0,2.08
22411,2011-09-12,41.0,2.08
22411,2011-09-13,155.0,2.08
22411,2011-09-14,22.0,2.08
22411,2011-09-15,35.0,2.08
22411,2011-09-16,70.0,2.08
22411,2011-09-18,12.0,2.08
22411,2011-09-19,20.0,2.08
22411,2011-09-20,168.0,2.08
22411,2011-09-21,129.0,2.08
22411,2011-09-22,50.0,2.08
22411,2011-09-23,35.0,4.13
22411,2011-09-25,30.0,2.08
22411,2011-09-26,120.0,2.08
22411,2011-09-27,57.0,4.13
22411,2011-09-28,247.0,2.08
22411,2011-09-29,10.0,2.08
22411,2011-09-30,51.0,2.08
22411,2011-10-02,4.0,2.08
22411,2011-10-04,16.0,4.13
22411,2011-10-05,5.0,4.13
22411,2011-10-06,140.0,2.08
22411,2011-10-07,5.0,2.08
22411,2011-10-09,17.0,2.08
22411,2011-10-10,38.0,2.08
22411,2011-10-11,12.0,2.08
22411,2011-10-12,112.0,2.08
22411,2011-10-13,44.0,2.08
22411,2011-10-14,22.0,2.08
22411,2011-10-16,2.0,2.08
22411,2011-10-17,33.0,2.08
22411,2011-10-18,3.0,4.13
22411,2011-10-19,26.0,4.13
22411,2011-10-20,17.0,2.08
22411,2011-10-23,2.0,2.08
22411,2011-10-24,42.0,4.13
22411,2011-10-25,40.0,2.08
22411,2011-10-26,11.0,4.13
22411,2011-10-27,31.0,2.08
22411,2011-10-28,1.0,2.08
22411,2011-10-30,31.0,2.08
22411,2011-10-31,32.0,4.13
22411,2011-11-01,2.0,2.08
22411,2011-11-02,10.0,2.08
22411,2011-11-03,12.0,4.13
22411,2011-11-04,4.0,4.13
22411,2011-11-06,31.0,2.08
22411,2011-11-07,56.0,2.08
22411,2011-11-08,65.0,2.08
22411,2011-11-09,330.0,2.08
22411,2011-11-10,25.0,2.08
22411,2011-11-11,114.0,2.08
22411,2011-11-13,27.0,2.08
22411,2011-11-14,21.0,2.08
22411,2011-11-15,42.0,2.08
22411,2011-11-16,166.0,2.08
22411,2011-11-17,3.0,2.08
22411,2011-11-18,22.0,2.08
22411,2011-11-20,36.0,2.08
22411,2011-11-21,21.0,2.08
22411,2011-11-22,13.0,4.13
22411,2011-11-23,28.0,4.13
22411,2011-11-24,158.0,2.08
22411,2011-11-25,121.0,4.13
22411,2011-11-27,15.0,2.08
22411,2011-11-28,37.0,2.08
22411,2011-11-29,59.0,2.08
22411,2011-11-30,58.0,2.08
22411,2011-12-01,162.0,2.08
22411,2011-12-02,23.0,2.08
22411,2011-12-04,1.0,2.08
22411,2011-12-05,42.0,4.13
22411,2011-12-06,121.0,2.08
22411,2011-12-07,65.0,2.08
22411,2011-12-08,60.0,4.13
22411,2011-12-09,23.0,4.13
22423,2010-12-01,115.0,12.75
22423,2010-12-02,184.0,12.75
22423,2010-12-03,227.0,12.75
22423,2010-12-05,86.0,12.75
22423,2010-12-06,144.0,12.75
22423,2010-12-07,129.0,12.75
22423,2010-12-08,64.0,12.75
22423,2010-12-09,71.0,12.75
22423,2010-12-10,324.0,12.75
22423,2010-12-12,53.0,12.75
22423,2010-12-13,25.0,12.75
22423,2010-12-14,74.0,12.75
22423,2010-12-15,150.0,12.75
22423,2010-12-16,63.0,12.75
22423,2010-12-17,44.0,25.49
22423,2010-12-19,14.0,12.75
22423,2010-12-20,84.0,12.75
22423,2010-12-21,81.0,25.49
22423,2010-12-22,1.0,12.75
22423,2010-12-23,8.0,25.49
22423,2011-01-04,26.0,12.75
22423,2011-01-05,18.0,12.75
22423,2011-01-06,85.0,12.75
22423,2011-01-07,84.0,10.95
22423,2011-01-09,32.0,12.75
22423,2011-01-10,38.0,12.75
22423,2011-01-11,40.0,12.75
22423,2011-01-12,27.0,12.75
22423,2011-01-13,20.0,12.75
22423,2011-01-14,27.0,12.75
22423,2011-01-16,9.0,12.75
22423,2011-01-17,10.0,12.75
22423,2011-01-18,11.0,12.75
22423,2011-01-19,1.0,12.75
22423,2011-01-20,15.0,12.75
22423,2011-01-21,35.0,12.75
22423,2011-01-23,35.0,12.75
22423,2011-01-24,23.0,12.75
22423,2011-01-25,49.0,12.75
22423,2011-01-26,9.0,12.75
22423,2011-01-27,31.0,12.75
22423,2011-01-28,15.0,12.75
22423,2011-01-30,3.0,12.75
22423,2011-01-31,5.0,24.96
22423,2011-02-01,16.0,12.75
22423,2011-02-02,29.0,12.75
22423,2011-02-03,27.0,12.75
22423,2011-02-04,23.0,12.75
22423,2011-02-06,3.0,12.75
22423,2011-02-07,10.0,12.75
22423,2011-02-08,16.0,24.96
22423,2011-02-09,2.0,24.96
22423,2011-02-10,34.0,12.75
22423,2011-02-11,54.0,12.75
22423,2011-02-13,19.0,12.75
22423,2011-02-14,74.0,12.75
22423,2011-02-15,86.0,10.95
22423,2011-02-16,24.0,12.75
22423,2011-02-17,52.0,12.75
22423,2011-02-18,12.0,12.75
22423,2011-02-20,53.0,12.75
22423,2011-02-21,6.0,12.75
22423,2011-02-22,26.0,12.75
22423,2011-02-23,18.0,12.75
22423,2011-02-24,40.0,12.75
22423,2011-02-25,26.0,12.75
22423,2011-02-27,4.0,12.75
22423,2011-02-28,16.0,12.75
22423,2011-03-01,10.0,12.75
22423,2011-03-02,217.0,12.75
22423,2011-03-03,40.0,12.75
22423,2011-03-04,11.0,12.75
22423,2011-03-06,19.0,12.75
22423,2011-03-07,36.0,12.75
22423,2011-03-08,38.0,12.75
22423,2011-03-09,49.0,12.75
22423,2011-03-10,14.0,12.75
22423,2011-03-11,48.0,12.75
22423,2011-03-14,38.0,12.75
22423,2011-03-15,22.0,12.75
22423,2011-03-16,52.0,12.75
22423,2011-03-17,57.0,12.75
22423,2011-03-18,42.0,12.75
22423,2011-03-20,49.0,12.75
22423,2011-03-21,43.0,12.75
22423,2011-03-22,59.0,12.75
22423,2011-03-23,83.0,12.75
22423,2011-03-24,20.0,12.75
22423,2011-03-25,54.0,12.75
22423,2011-03-27,57.0,12.75
22423,2011-03-28,29.0,12.75
22423,2011-03-29,24.0,12.75
22423,2011-03-30,58.0,12.75
22423,2011-03-31,106.0,12.75
22423,2011-04-01,25.0,12.75
22423,2011-04-03,16.0,10.95
22423,2011-04-04,59.0,12.75
22423,2011-04-05,22.0,12.75
22423,2011-04-06,59.0,12.75
22423,2011-04-07,94.0,12.75
22423,2011-04-08,9.0,12.75
22423,2011-04-10,29.0,12.75
22423,2011-04-11,57.0,12.75
22423,2011-04-12,39.0,12.75
22423,2011-04-13,130.0,12.75
22423,2011-04-14,94.0,12.75
22423,2011-04-15,16.0,12.75
22423,2011-04-17,7.0,12.75
22423,2011-04-18,28.0,12.75
22423,2011-04-19,19.0,12.75
22423,2011-04-20,89.0,12.75
22423,2011-04-21,35.0,12.75
22423,2011-04-26,39.0,12.75
22423,2011-04-27,202.0,10.95
22423,2011-04-28,43.0,12.75
22423,2011-05-01,5.0,12.75
22423,2011-05-03,34.0,12.75
22423,2011-05-04,11.0,12.75
22423,2011-05-05,64.0,12.75
22423,2011-05-06,34.0,12.75
22423,2011-05-08,18.0,12.75
22423,2011-05-09,17.0,12.75
22423,2011-05-10,30.0,12.75
22423,2011-05-11,58.0,12.75
22423,2011-05-12,161.0,12.75
22423,2011-05-13,42.0,12.75
22423,2011-05-15,2.0,12.75
22423,2011-05-16,13.0,12.75
22423,2011-05-17,42.0,12.75
22423,2011-05-18,12.0,12.75
22423,2011-05-19,96.0,12.75
22423,2011-05-20,56.0,12.75
22423,2011-05-22,7.0,12.75
22423,2011-05-23,8.0,12.75
22423,2011-05-24,18.0,12.75
22423,2011-05-25,28.0,12.75
22423,2011-05-26,6.0,12.75
22423,2011-05-27,63.0,12.75
22423,2011-05-29,3.0,12.75
22423,2011-05-31,25.0,12.75
22423,2011-06-01,16.0,12.75
22423,2011-06-02,56.0,10.95
22423,2011-06-03,126.0,12.75
22423,2011-06-05,12.0,12.75
22423,2011-06-06,12.0,12.75
22423,2011-06-07,11.0,12.75
22423,2011-06-08,51.0,12.75
22423,2011-06-09,42.0,12.75
22423,2011-06-10,57.0,12.75
22423,2011-06-12,5.0,12.75
22423,2011-06-13,5.0,12.75
22423,2011-06-14,21.0,12.75
22423,2011-06-15,12.0,12.75
22423,2011-06-16,13.0,12.75
22423,2011-06-17,31.0,12.75
22423,2011-06-19,6.0,12.75
22423,2011-06-20,4.0,12.75
22423,2011-06-21,48.0,12.75
22423,2011-06-22,12.0,12.75
22423,2011-06-23,32.0,12.75
22423,2011-06-24,21.0,12.75
22423,2011-06-26,13.0,12.75
22423,2011-06-27,4.0,12.75
22423,2011-06-28,19.0,12.75
22423,2011-06-29,3.0,12.75
22423,2011-06-30,13.0,12.75
22423,2011-07-01,23.0,12.75
22423,2011-07-03,22.0,12.75
22423,2011-07-04,15.0,12.75
22423,2011-07-05,33.0,12.75
22423,2011-07-06,20.0,12.75
22423,2011-07-07,14.0,12.75
22423,2011-07-08,23.0,12.75
22423,2011-07-11,13.0,12.75
22423,2011-07-12,43.0,12.75
22423,2011-07-13,4.0,12.75
22423,2011-07-14,126.0,12.75
22423,2011-07-15,9.0,12.75
22423,2011-07-17,11.0,12.75
22423,2011-07-18,3.0,12.75
22423,2011-07-19,54.0,12.75
22423,2011-07-20,24.0,12.75
22423,2011-07-21,90.0,12.75
22423,2011-07-22,84.0,12.75
22423,2011-07-24,51.0,12.75
22423,2011-07-25,19.0,12.75
22423,2011-07-26,16.0,12.75
22423,2011-07-27,3.0,12.75
22423,2011-07-28,224.0,12.75
22423,2011-07-29,12.0,12.75
22423,2011-07-31,1.0,12.75
22423,2011-08-01,19.0,12.75
22423,2011-08-02,8.0,24.96
22423,2011-08-03,28.0,12.75
22423,2011-08-04,40.0,12.75
22423,2011-08-05,16.0,10.95
22423,2011-08-07,21.0,12.75
22423,2011-08-08,58.0,12.75
22423,2011-08-09,22.0,12.75
22423,2011-08-10,15.0,24.96
22423,2011-08-11,10.0,12.75
22423,2011-08-12,17.0,12.75
22423,2011-08-15,22.0,12.75
22423,2011-08-16,13.0,12.75
22423,2011-08-17,20.0,12.75
22423,2011-08-18,75.0,12.75
22423,2011-08-19,7.0,12.75
22423,2011-08-21,10.0,12.75
22423,2011-08-22,70.0,12.75
22423,2011-08-23,4.0,12.75
22423,2011-08-24,38.0,12.75
22423,2011-08-25,29.0,12.75
22423,2011-08-26,8.0,12.75
22423,2011-08-30,12.0,24.96
22423,2011-08-31,5.0,12.75
22423,2011-09-01,42.0,12.75
22423,2011-09-02,28.0,12.75
22423,2011-09-04,2.0,12.75
22423,2011-09-05,2.0,12.75
22423,2011-09-06,8.0,12.75
22423,2011-09-07,4.0,12.75
22423,2011-09-08,19.0,12.75
22423,2011-09-09,8.0,12.75
22423,2011-09-11,64.0,12.75
22423,2011-09-12,56.0,12.75
22423,2011-09-13,58.0,12.75
22423,2011-09-14,21.0,12.75
22423,2011-09-15,49.0,12.75
22423,2011-09-16,7.0,12.75
22423,2011-09-18,6.0,12.75
22423,2011-09-19,2.0,12.75
22423,2011-09-20,17.0,12.75
22423,2011-09-21,19.0,12.75
22423,2011-09-22,29.0,12.75
22423,2011-09-23,12.0,24.96
22423,2011-09-25,21.0,12.75
22423,2011-09-26,11.0,12.75
22423,2011-09-27,47.0,24.96
22423,2011-09-28,10.0,12.75
22423,2011-09-29,60.0,12.75
22423,2011-09-30,4.0,12.75
22423,2011-10-02,5.0,12.75
22423,2011-10-03,26.0,12.75
22423,2011-10-04,41.0,24.96
22423,2011-10-05,130.0,12.75
22423,2011-10-06,70.0,12.75
22423,2011-10-07,11.0,12.75
22423,2011-10-09,20.0,10.95
22423,2011-10-10,21.0,12.75
22423,2011-10-11,20.0,12.75
22423,2011-10-12,15.0,12.75
22423,2011-10-13,32.0,12.75
22423,2011-10-14,17.0,12.75
22423,2011-10-16,22.0,12.75
22423,2011-10-17,15.0,12.75
22423,2011-10-18,10.0,24.96
22423,2011-10-19,7.0,12.75
22423,2011-10-20,27.0,12.75
22423,2011-10-21,24.0,12.75
22423,2011-10-23,6.0,12.75
22423,2011-10-24,5.0,24.96
22423,2011-10-25,13.0,12.75
22423,2011-10-26,18.0,12.75
22423,2011-10-27,22.0,12.75
22423,2011-10-28,44.0,12.75
22423,2011-10-30,19.0,12.75
22423,2011-10-31,40.0,12.75
22423,2011-11-01,11.0,12.75
22423,2011-11-02,4.0,24.96
22423,2011-11-03,65.0,12.75
22423,2011-11-04,101.0,12.75
22423,2011-11-06,15.0,12.75
22423,2011-11-07,35.0,10.95
22423,2011-11-08,10.0,12.75
22423,2011-11-09,15.0,12.75
22423,2011-11-10,46.0,12.75
22423,2011-11-11,28.0,12.75
22423,2011-11-13,23.0,12.75
22423,2011-11-14,6.0,12.75
22423,2011-11-15,45.0,12.75
22423,2011-11-16,14.0,12.75
22423,2011-11-17,29.0,12.75
22423,2011-11-18,48.0,12.75
22423,2011-11-20,6.0,12.75
22423,2011-11-21,44.0,12.75
22423,2011-11-22,29.0,12.75
22423,2011-11-23,47.0,12.75
22423,2011-11-24,32.0,12.75
22423,2011-11-25,19.0,12.75
22423,2011-11-27,14.0,12.75
22423,2011-11-28,8.0,12.75
22423,2011-11-29,93.0,24.96
22423,2011-11-30,29.0,12.75
22423,2011-12-01,27.0,12.75
22423,2011-12-02,20.0,12.75
22423,2011-12-04,20.0,12.75
22423,2011-12-05,35.0,12.75
22423,2011-12-06,155.0,12.75
22423,2011-12-07,18.0,12.75
22423,2011-12-08,26.0,12.75
22423,2011-12-09,18.0,24.96
22457,2010-12-01,38.0,2.95
22457,2010-12-02,28.0,2.95
22457,2010-12-03,28.0,5.91
22457,2010-12-05,25.0,2.95
22457,2010-12-06,43.0,2.95
22457,2010-12-07,61.0,5.91
22457,2010-12-08,46.0,2.95
22457,2010-12-09,39.0,5.91
22457,2010-12-10,35.0,2.95
22457,2010-12-12,13.0,2.95
22457,2010-12-13,55.0,2.95
22457,2010-12-14,11.0,2.95
22457,2010-12-15,66.0,2.95
22457,2010-12-16,36.0,2.95
22457,2010-12-17,16.0,5.91
22457,2010-12-20,26.0,5.91
22457,2010-12-21,25.0,5.91
22457,2010-12-22,12.0,2.95
22457,2010-12-23,4.0,5.91
22457,2011-01-04,73.0,2.95
22457,2011-01-05,33.0,2.95
22457,2011-01-06,124.0,2.95
22457,2011-01-07,12.0,2.95
22457,2011-01-09,9.0,2.95
22457,2011-01-10,15.0,5.91
22457,2011-01-11,57.0,2.95
22457,2011-01-12,69.0,2.95
22457,2011-01-13,17.0,2.95
22457,2011-01-14,40.0,5.79
22457,2011-01-16,10.0,2.95
22457,2011-01-17,26.0,2.95
22457,2011-01-18,24.0,2.95
22457,2011-01-19,11.0,2.95
22457,2011-01-20,23.0,2.95
22457,2011-01-21,14.0,5.79
22457,2011-01-23,4.0,2.95
22457,2011-01-24,33.0,2.95
22457,2011-01-25,68.0,2.95
22457,2011-01-26,15.0,2.95
22457,2011-01-27,38.0,2.95
22457,2011-01-28,52.0,2.95
22457,2011-01-30,18.0,2.95
22457,2011-01-31,10.0,5.79
22457,2011-02-01,49.0,2.95
22457,2011-02-02,56.0,2.95
22457,2011-02-03,31.0,2.95
22457,2011-02-04,1.0,2.95
22457,2011-02-06,2.0,2.95
22457,2011-02-07,21.0,2.95
22457,2011-02-08,39.0,2.95
22457,2011-02-09,9.0,5.79
22457,2011-02-10,6.0,2.95
22457,2011-02-11,9.0,2.95
22457,2011-02-13,8.0,2.95
22457,2011-02-14,12.0,2.95
22457,2011-02-15,11.0,2.95
22457,2011-02-16,74.0,2.95
22457,2011-02-17,11.0,5.79
22457,2011-02-18,5.0,2.95
22457,2011-02-20,4.0,2.95
22457,2011-02-21,11.0,5.79
22457,2011-02-22,13.0,2.95
22457,2011-02-23,29.0,2.95
22457,2011-02-24,16.0,2.95
22457,2011-02-25,42.0,2.95
22457,2011-02-27,15.0,2.95
22457,2011-02-28,26.0,2.95
22457,2011-03-01,20.0,2.95
22457,2011-03-02,18.0,2.95
22457,2011-03-03,1.0,5.79
22457,2011-03-04,23.0,2.95
22457,2011-03-06,4.0,2.95
22457,2011-03-07,33.0,2.95
22457,2011-03-08,18.0,2.95
22457,2011-03-10,80.0,2.95
22457,2011-03-11,61.0,2.95
22457,2011-03-13,4.0,2.95
22457,2011-03-14,57.0,2.95
22457,2011-03-15,25.0,2.95
22457,2011-03-16,24.0,2.95
22457,2011-03-17,5.0,5.79
22457,2011-03-18,20.0,2.95
22457,2011-03-20,36.0,2.95
22457,2011-03-21,75.0,2.95
22457,2011-03-22,33.0,5.79
22457,2011-03-23,135.0,2.95
22457,2011-03-24,13.0,2.95
22457,2011-03-25,13.0,2.95
22457,2011-03-27,3.0,2.95
22457,2011-03-28,23.0,2.95
22457,2011-03-29,73.0,5.79
22457,2011-03-30,20.0,2.95
22457,2011-03-31,32.0,2.95
22457,2011-04-01,31.0,2.95
22457,2011-04-03,10.0,2.95
22457,2011-04-04,6.0,2.95
22457,2011-04-05,14.0,2.95
22457,2011-04-06,53.0,2.95
22457,2011-04-07,10.0,2.95
22457,2011-04-08,37.0,2.95
22457,2011-04-10,5.0,2.95
22457,2011-04-11,66.0,2.95
22457,2011-04-12,103.0,2.95
22457,2011-04-14,31.0,2.95
22457,2011-04-15,24.0,2.95
22457,2011-04-17,42.0,2.95
22457,2011-04-18,44.0,5.79
22457,2011-04-19,15.0,5.79
22457,2011-04-20,42.0,2.95
22457,2011-04-21,26.0,5.79
22457,2011-04-26,61.0,2.95
22457,2011-04-27,17.0,2.95
22457,2011-04-28,27.0,2.95
22457,2011-05-01,12.0,2.95
22457,2011-05-03,25.0,2.95
22457,2011-05-04,13.0,2.95
22457,2011-05-05,2.0,5.79
22457,2011-05-06,31.0,2.95
22457,2011-05-08,19.0,2.95
22457,2011-05-09,1.0,5.79
22457,2011-05-10,23.0,5.79
22457,2011-05-11,13.0,2.95
22457,2011-05-12,26.0,2.95
22457,2011-05-13,20.0,2.95
22457,2011-05-15,12.0,2.95
22457,2011-05-16,32.0,2.95
22457,2011-05-17,27.0,2.95
22457,2011-05-18,81.0,2.95
22457,2011-05-19,31.0,2.95
22457,2011-05-20,19.0,2.95
22457,2011-05-22,54.0,2.95
22457,2011-05-23,18.0,2.95
22457,2011-05-24,17.0,2.95
22457,2011-05-25,2.0,2.95
22457,2011-05-26,24.0,2.95
22457,2011-05-27,18.0,2.95
22457,2011-05-29,5.0,2.95
22457,2011-05-31,11.0,2.95
22457,2011-06-01,17.0,5.79
22457,2011-06-02,6.0,2.95
22457,2011-06-03,60.0,2.95
22457,2011-06-05,87.0,2.95
22457,2011-06-06,27.0,2.95
22457,2011-06-07,10.0,5.79
22457,2011-06-08,27.0,5.79
22457,2011-06-09,24.0,2.95
22457,2011-06-10,8.0,2.95
22457,2011-06-12,12.0,2.95
22457,2011-06-13,6.0,2.95
22457,2011-06-14,41.0,2.95
22457,2011-06-15,14.0,2.95
22457,2011-06-16,6.0,2.95
22457,2011-06-17,3.0,2.95
22457,2011-06-19,15.0,2.95
22457,2011-06-20,6.0,5.79
22457,2011-06-21,7.0,2.95
22457,2011-06-22,15.0,2.95
22457,2011-06-23,24.0,2.95
22457,2011-06-24,12.0,2.95
22457,2011-06-26,8.0,2.95
22457,2011-06-27,15.0,2.95
22457,2011-06-28,6.0,2.95
22457,2011-06-29,14.0,2.95
22457,2011-06-30,15.0,2.95
22457,2011-07-03,4.0,2.95
22457,2011-07-04,11.0,5.79
22457,2011-07-05,14.0,2.95
22457,2011-07-06,41.0,2.95
22457,2011-07-07,8.0,2.95
22457,2011-07-08,36.0,5.79
22457,2011-07-10,4.0,2.95
22457,2011-07-11,5.0,5.79
22457,2011-07-12,93.0,2.95
22457,2011-07-13,9.0,2.95
22457,2011-07-14,3.0,5.79
22457,2011-07-15,20.0,2.95
22457,2011-07-17,14.0,2.95
22457,2011-07-18,18.0,2.95
22457,2011-07-19,14.0,2.95
22457,2011-07-20,64.0,2.95
22457,2011-07-21,132.0,2.95
22457,2011-07-22,7.0,5.79
22457,2011-07-24,11.0,2.95
22457,2011-07-25,35.0,2.95
22457,2011-07-26,65.0,5.79
22457,2011-07-27,8.0,5.79
22457,2011-07-28,104.0,2.95
22457,2011-07-29,25.0,2.95
22457,2011-07-31,4.0,2.95
22457,2011-08-01,11.0,2.95
22457,2011-08-02,13.0,5.79
22457,2011-08-03,2.0,5.79
22457,2011-08-04,27.0,2.95
22457,2011-08-05,35.0,2.95
22457,2011-08-07,18.0,2.95
22457,2011-08-08,14.0,2.95
22457,2011-08-09,68.0,2.95
22457,2011-08-10,25.0,2.95
22457,2011-08-11,17.0,5.79
22457,2011-08-12,2.0,5.79
22457,2011-08-14,14.0,2.95
22457,2011-08-15,30.0,2.95
22457,2011-08-16,18.0,2.95
22457,2011-08-17,24.0,2.95
22457,2011-08-18,38.0,2.95
22457,2011-08-19,6.0,2.95
22457,2011-08-21,6.0,2.95
22457,2011-08-22,30.0,2.95
22457,2011-08-23,12.0,2.95
22457,2011-08-25,62.0,2.95
22457,2011-08-26,24.0,2.95
22457,2011-08-30,27.0,5.79
22457,2011-08-31,6.0,5.79
22457,2011-09-01,68.0,2.95
22457,2011-09-02,47.0,2.95
22457,2011-09-05,19.0,2.95
22457,2011-09-06,24.0,2.95
22457,2011-09-07,22.0,5.79
22457,2011-09-08,68.0,2.95
22457,2011-09-09,3.0,2.95
22457,2011-09-11,32.0,2.95
22457,2011-09-12,6.0,2.95
22457,2011-09-13,38.0,2.95
22457,2011-09-14,12.0,2.95
22457,2011-09-15,8.0,2.95
22457,2011-09-16,25.0,2.95
22457,2011-09-18,5.0,2.95
22457,2011-09-19,6.0,2.95
22457,2011-09-20,86.0,2.95
22457,2011-09-21,17.0,5.79
22457,2011-09-22,19.0,2.95
22457,2011-09-23,7.0,5.79
22457,2011-09-25,25.0,2.95
22457,2011-09-26,23.0,2.95
22457,2011-09-27,21.0,2.95
22457,2011-09-28,46.0,2.95
22457,2011-09-29,39.0,2.95
22457,2011-09-30,4.0,2.95
22457,2011-10-02,2.0,2.95
22457,2011-10-03,19.0,5.79
22457,2011-10-04,62.0,2.95
22457,2011-10-05,38.0,2.95
22457,2011-10-06,52.0,2.95
22457,2011-10-07,32.0,2.95
22457,2011-10-10,18.0,2.95
22457,2011-10-11,14.0,2.95
22457,2011-10-12,58.0,2.95
22457,2011-10-13,29.0,2.95
22457,2011-10-14,17.0,2.95
22457,2011-10-16,36.0,2.95
22457,2011-10-17,29.0,5.79
22457,2011-10-18,26.0,2.95
22457,2011-10-19,79.0,2.95
22457,2011-10-20,18.0,2.95
22457,2011-10-21,14.0,2.95
22457,2011-10-23,8.0,2.95
22457,2011-10-24,16.0,5.79
22457,2011-10-26,18.0,2.95
22457,2011-10-27,22.0,2.95
22457,2011-10-28,66.0,2.95
22457,2011-10-30,11.0,2.95
22457,2011-10-31,29.0,5.79
22457,2011-11-01,12.0,2.95
22457,2011-11-02,8.0,5.79
22457,2011-11-03,29.0,2.95
22457,2011-11-04,22.0,2.95
22457,2011-11-06,39.0,2.95
22457,2011-11-07,20.0,2.95
22457,2011-11-08,49.0,2.95
22457,2011-11-09,30.0,2.95
22457,2011-11-10,81.0,2.95
22457,2011-11-11,26.0,2.95
22457,2011-11-13,27.0,2.95
22457,2011-11-14,25.0,2.95
22457,2011-11-15,39.0,2.95
22457,2011-11-16,31.0,2.95
22457,2011-11-17,22.0,2.95
22457,2011-11-18,39.0,2.95
22457,2011-11-20,5.0,5.79
22457,2011-11-21,6.0,2.95
22457,2011-11-22,15.0,5.79
22457,2011-11-23,23.0,5.79
22457,2011-11-24,54.0,2.95
22457,2011-11-25,83.0,2.95
22457,2011-11-27,14.0,2.95
22457,2011-11-28,19.0,2.95
22457,2011-11-29,39.0,2.95
22457,2011-11-30,24.0,5.79
22457,2011-12-01,96.0,2.95
22457,2011-12-02,14.0,2.95
22457,2011-12-04,36.0,2.95
22457,2011-12-05,59.0,2.95
22457,2011-12-06,13.0,2.95
22457,2011-12-07,654.0,2.95
22457,2011-12-08,41.0,5.79
22457,2011-12-09,9.0,5.79
22666,2010-12-01,16.0,5.91
22666,2010-12-02,13.0,2.95
22666,2010-12-03,4.0,5.91
22666,2010-12-05,79.0,2.95
22666,2010-12-06,40.0,2.95
22666,2010-12-07,12.0,5.91
22666,2010-12-08,10.0,2.95
22666,2010-12-09,25.0,5.91
22666,2010-12-10,5.0,5.91
22666,2010-12-13,10.0,5.91
22666,2010-12-14,55.0,2.95
22666,2010-12-15,42.0,2.95
22666,2010-12-16,7.0,2.95
22666,2010-12-17,18.0,5.91
22666,2010-12-19,5.0,2.95
22666,2010-12-20,3.0,2.95
22666,2010-12-21,16.0,5.91
22666,2010-12-22,4.0,2.95
22666,2010-12-23,26.0,5.91
22666,2011-01-04,6.0,2.95
22666,2011-01-05,2.0,2.95
22666,2011-01-06,3.0,2.95
22666,2011-01-07,21.0,2.95
22666,2011-01-09,4.0,2.95
22666,2011-01-10,15.0,5.91
22666,2011-01-11,8.0,2.95
22666,2011-01-12,8.0,2.95
22666,2011-01-13,7.0,5.79
22666,2011-01-14,24.0,2.55
22666,2011-01-16,8.0,2.95
22666,2011-01-17,17.0,2.95
22666,2011-01-18,5.0,5.79
22666,2011-01-19,1.0,5.79
22666,2011-01-20,4.0,5.79
22666,2011-01-21,2.0,5.79
22666,2011-01-23,3.0,2.95
22666,2011-01-24,33.0,2.95
22666,2011-01-25,7.0,2.95
22666,2011-01-26,15.0,2.95
22666,2011-01-27,12.0,2.95
22666,2011-01-28,22.0,2.95
22666,2011-01-30,3.0,2.95
22666,2011-01-31,7.0,5.79
22666,2011-02-01,10.0,2.95
22666,2011-02-02,31.0,2.95
22666,2011-02-03,6.0,2.95
22666,2011-02-04,16.0,2.95
22666,2011-02-06,2.0,2.95
22666,2011-02-07,30.0,2.95
22666,2011-02-08,64.0,2.95
22666,2011-02-09,7.0,2.95
22666,2011-02-10,6.0,2.95
22666,2011-02-11,10.0,6.63
22666,2011-02-13,5.0,2.95
22666,2011-02-14,8.0,5.79
22666,2011-02-15,8.0,2.95
22666,2011-02-16,1.0,5.79
22666,2011-02-17,23.0,2.95
22666,2011-02-18,24.0,2.95
22666,2011-02-20,11.0,2.95
22666,2011-02-21,9.0,2.95
22666,2011-02-22,14.0,2.95
22666,2011-02-23,16.0,2.95
22666,2011-02-24,27.0,2.95
22666,2011-02-25,25.0,2.95
22666,2011-02-27,2.0,2.95
22666,2011-02-28,9.0,5.79
22666,2011-03-01,9.0,5.79
22666,2011-03-02,22.0,2.95
22666,2011-03-03,1.0,2.95
22666,2011-03-04,12.0,2.95
22666,2011-03-06,10.0,2.95
22666,2011-03-07,32.0,5.79
22666,2011-03-08,10.0,5.79
22666,2011-03-09,13.0,2.95
22666,2011-03-10,9.0,2.95
22666,2011-03-11,47.0,2.95
22666,2011-03-13,1.0,2.95
22666,2011-03-14,41.0,2.95
22666,2011-03-15,5.0,6.63
22666,2011-03-16,12.0,2.95
22666,2011-03-17,13.0,5.79
22666,2011-03-18,10.0,6.63
22666,2011-03-20,28.0,2.95
22666,2011-03-21,10.0,2.95
22666,2011-03-22,13.0,5.79
22666,2011-03-23,33.0,2.95
22666,2011-03-24,53.0,2.95
22666,2011-03-25,1.0,5.79
22666,2011-03-27,3.0,2.95
22666,2011-03-28,14.0,2.95
22666,2011-03-29,20.0,6.63
22666,2011-03-30,29.0,2.95
22666,2011-03-31,40.0,2.95
22666,2011-04-01,37.0,2.95
22666,2011-04-03,3.0,2.95
22666,2011-04-04,10.0,2.95
22666,2011-04-06,8.0,5.79
22666,2011-04-07,11.0,2.95
22666,2011-04-08,21.0,2.95
22666,2011-04-10,17.0,2.95
22666,2011-04-11,1.0,6.63
22666,2011-04-12,25.0,2.95
22666,2011-04-13,8.0,2.95
22666,2011-04-14,6.0,2.95
22666,2011-04-15,62.0,6.63
22666,2011-04-17,14.0,2.95
22666,2011-04-18,41.0,2.95
22666,2011-04-19,8.0,5.79
22666,2011-04-20,24.0,2.95
22666,2011-04-21,7.0,2.95
22666,2011-04-26,33.0,2.95
22666,2011-04-27,1.0,2.95
22666,2011-04-28,18.0,2.95
22666,2011-05-03,87.0,2.95
22666,2011-05-04,20.0,2.95
22666,2011-05-05,10.0,2.95
22666,2011-05-06,40.0,2.95
22666,2011-05-08,11.0,2.95
22666,2011-05-09,25.0,2.95
22666,2011-05-10,57.0,2.95
22666,2011-05-11,15.0,2.95
22666,2011-05-12,7.0,5.79
22666,2011-05-13,4.0,6.63
22666,2011-05-15,2.0,2.95
22666,2011-05-16,18.0,2.95
22666,2011-05-17,68.0,2.95
22666,2011-05-18,15.0,2.95
22666,2011-05-19,81.0,2.95
22666,2011-05-20,6.0,2.95
22666,2011-05-22,20.0,2.95
22666,2011-05-23,21.0,2.95
22666,2011-05-24,17.0,2.95
22666,2011-05-25,3.0,5.79
22666,2011-05-27,1.0,2.95
22666,2011-05-29,1.0,2.95
22666,2011-05-31,2.0,5.79
22666,2011-06-01,8.0,2.95
22666,2011-06-03,24.0,2.55
22666,2011-06-06,1.0,5.79
22666,2011-06-07,17.0,2.95
22666,2011-06-08,17.0,5.79
22666,2011-06-09,19.0,2.95
22666,2011-06-10,4.0,6.63
22666,2011-06-12,13.0,2.95
22666,2011-06-13,13.0,5.79
22666,2011-06-14,9.0,5.79
22666,2011-06-15,1.0,2.95
22666,2011-06-16,168.0,2.95
22666,2011-06-17,16.0,2.95
22666,2011-06-19,2.0,2.95
22666,2011-06-20,11.0,5.79
22666,2011-06-21,9.0,2.95
22666,2011-06-22,15.0,2.95
22666,2011-06-23,25.0,2.95
22666,2011-06-24,1.0,5.79
22666,2011-06-26,2.0,2.95
22666,2011-06-28,55.0,6.63
22666,2011-06-29,1.0,5.79
22666,2011-06-30,12.0,2.95
22666,2011-07-03,5.0,2.95
22666,2011-07-05,7.0,6.63
22666,2011-07-06,1.0,2.95
22666,2011-07-07,31.0,2.95
22666,2011-07-08,5.0,5.79
22666,2011-07-10,1.0,2.95
22666,2011-07-11,20.0,2.95
22666,2011-07-12,26.0,2.95
22666,2011-07-13,8.0,2.95
22666,2011-07-14,13.0,2.95
22666,2011-07-15,2.0,5.79
22666,2011-07-17,28.0,2.95
22666,2011-07-18,13.0,2.95
22666,2011-07-19,68.0,2.95
22666,2011-07-20,5.0,2.95
22666,2011-07-21,13.0,2.95
22666,2011-07-22,37.0,2.95
22666,2011-07-24,12.0,2.95
22666,2011-07-25,2.0,5.79
22666,2011-07-26,2.0,6.63
22666,2011-07-27,13.0,2.95
22666,2011-07-28,19.0,2.95
22666,2011-07-29,8.0,5.79
22666,2011-07-31,11.0,2.95
22666,2011-08-01,31.0,2.95
22666,2011-08-02,13.0,5.79
22666,2011-08-03,15.0,2.95
22666,2011-08-04,27.0,2.95
22666,2011-08-05,3.0,2.95
22666,2011-08-08,1.0,5.79
22666,2011-08-09,12.0,2.95
22666,2011-08-10,60.0,2.95
22666,2011-08-11,22.0,2.95
22666,2011-08-12,6.0,2.95
22666,2011-08-14,7.0,2.95
22666,2011-08-16,21.0,2.95
22666,2011-08-17,136.0,3.2
22666,2011-08-18,14.0,2.95
22666,2011-08-21,3.0,2.95
22666,2011-08-23,4.0,2.95
22666,2011-08-24,7.0,6.63
22666,2011-08-25,6.0,2.95
22666,2011-08-26,10.0,6.63
22666,2011-08-28,5.0,2.95
22666,2011-08-30,8.0,5.79
22666,2011-08-31,1.0,5.79
22666,2011-09-01,14.0,2.95
22666,2011-09-02,65.0,5.79
22666,2011-09-04,26.0,2.95
22666,2011-09-05,13.0,2.95
22666,2011-09-06,7.0,6.63
22666,2011-09-07,16.0,5.79
22666,2011-09-08,5.0,2.95
22666,2011-09-09,8.0,5.79
22666,2011-09-11,26.0,2.95
22666,2011-09-12,15.0,2.95
22666,2011-09-13,8.0,2.95
22666,2011-09-14,1.0,2.95
22666,2011-09-15,21.0,2.95
22666,2011-09-16,7.0,6.63
22666,2011-09-18,19.0,2.95
22666,2011-09-19,1.0,2.95
22666,2011-09-20,644.0,3.2
22666,2011-09-21,17.0,5.79
22666,2011-09-22,97.0,2.95
22666,2011-09-23,18.0,2.95
22666,2011-09-25,21.0,2.95
22666,2011-09-26,205.0,2.95
22666,2011-09-27,19.0,2.95
22666,2011-09-28,15.0,2.95
22666,2011-09-29,38.0,2.95
22666,2011-09-30,7.0,5.79
22666,2011-10-02,1.0,2.95
22666,2011-10-03,21.0,2.95
22666,2011-10-04,13.0,2.95
22666,2011-10-05,3.0,2.95
22666,2011-10-06,19.0,2.95
22666,2011-10-07,7.0,2.95
22666,2011-10-09,14.0,2.95
22666,2011-10-10,33.0,2.95
22666,2011-10-11,7.0,5.79
22666,2011-10-12,5.0,2.95
22666,2011-10-13,17.0,2.95
22666,2011-10-14,14.0,2.95
22666,2011-10-16,6.0,2.95
22666,2011-10-17,11.0,5.79
22666,2011-10-18,11.0,2.95
22666,2011-10-19,6.0,5.79
22666,2011-10-20,6.0,2.95
22666,2011-10-21,11.0,2.95
22666,2011-10-23,11.0,2.95
22666,2011-10-24,12.0,5.79
22666,2011-10-25,23.0,2.95
22666,2011-10-26,4.0,5.79
22666,2011-10-27,25.0,2.95
22666,2011-10-28,7.0,2.95
22666,2011-10-30,26.0,2.95
22666,2011-10-31,16.0,5.79
22666,2011-11-01,41.0,2.95
22666,2011-11-02,20.0,5.79
22666,2011-11-03,355.0,2.95
22666,2011-11-04,5.0,5.79
22666,2011-11-06,26.0,2.95
22666,2011-11-07,9.0,5.79
22666,2011-11-08,23.0,5.79
22666,2011-11-09,7.0,5.79
22666,2011-11-10,215.0,2.95
22666,2011-11-11,13.0,5.79
22666,2011-11-13,22.0,2.95
22666,2011-11-14,5.0,2.95
22666,2011-11-15,10.0,5.79
22666,2011-11-16,37.0,2.95
22666,2011-11-17,2.0,5.79
22666,2011-11-18,24.0,2.95
22666,2011-11-20,23.0,2.95
22666,2011-11-21,26.0,2.95
22666,2011-11-22,31.0,2.95
22666,2011-11-23,69.0,2.95
22666,2011-11-24,11.0,2.95
22666,2011-11-25,25.0,5.79
22666,2011-11-27,17.0,2.95
22666,2011-11-28,22.0,2.95
22666,2011-11-29,37.0,2.95
22666,2011-11-30,36.0,5.79
22666,2011-12-01,20.0,2.95
22666,2011-12-02,19.0,2.95
22666,2011-12-04,8.0,2.95
22666,2011-12-05,61.0,5.79
22666,2011-12-06,251.0,2.95
22666,2011-12-07,21.0,5.79
22666,2011-12-08,57.0,2.95
22666,2011-12-09,16.0,5.79
22697,2010-12-01,15.0,5.91
22697,2010-12-02,30.0,2.95
22697,2010-12-03,85.0,5.91
22697,2010-12-05,10.0,2.95
22697,2010-12-06,47.0,2.95
22697,2010-12-07,13.0,5.91
22697,2010-12-08,34.0,2.95
22697,2010-12-09,30.0,5.91
22697,2010-12-10,3.0,5.91
22697,2010-12-12,12.0,2.95
22697,2010-12-13,9.0,5.91
22697,2010-12-14,7.0,5.91
22697,2010-12-15,2.0,2.95
22697,2010-12-16,6.0,2.95
22697,2010-12-17,18.0,5.91
22697,2010-12-19,73.0,2.95
22697,2010-12-20,35.0,2.95
22697,2010-12-21,13.0,5.91
22697,2011-01-04,1.0,5.91
22697,2011-01-05,1.0,5.91
22697,2011-01-06,9.0,2.95
22697,2011-01-07,7.0,5.91
22697,2011-01-09,16.0,2.95
22697,2011-01-10,15.0,2.95
22697,2011-01-11,8.0,2.95
22697,2011-01-12,21.0,2.95
22697,2011-01-13,8.0,2.95
22697,2011-01-14,4.0,5.79
22697,2011-01-17,11.0,5.79
22697,2011-01-18,2.0,5.79
22697,2011-01-19,3.0,5.79
22697,2011-01-20,2.0,5.79
22697,2011-01-21,8.0,5.79
22697,2011-01-23,1.0,2.95
22697,2011-01-24,56.0,5.79
22697,2011-01-25,13.0,5.79
22697,2011-01-26,8.0,5.79
22697,2011-01-27,6.0,2.95
22697,2011-01-28,57.0,2.95
22697,2011-01-30,6.0,2.95
22697,2011-01-31,41.0,2.95
22697,2011-02-01,4.0,2.95
22697,2011-02-02,13.0,2.95
22697,2011-02-03,103.0,2.95
22697,2011-02-04,9.0,2.95
22697,2011-02-06,4.0,2.95
22697,2011-02-08,16.0,5.79
22697,2011-02-09,37.0,5.79
22697,2011-02-10,18.0,2.95
22697,2011-02-11,8.0,5.79
22697,2011-02-14,23.0,2.95
22697,2011-02-15,65.0,2.95
22697,2011-02-16,13.0,5.79
22697,2011-02-17,16.0,2.95
22697,2011-02-18,23.0,2.95
22697,2011-02-20,54.0,2.95
22697,2011-02-21,8.0,2.95
22697,2011-02-22,18.0,5.79
22697,2011-02-23,16.0,5.79
22697,2011-02-24,38.0,2.95
22697,2011-02-25,30.0,2.95
22697,2011-02-27,8.0,2.95
22697,2011-02-28,10.0,5.79
22697,2011-03-01,7.0,5.79
22697,2011-03-02,38.0,2.95
22697,2011-03-03,17.0,2.95
22697,2011-03-04,4.0,5.79
22697,2011-03-06,21.0,2.95
22697,2011-03-07,21.0,2.95
22697,2011-03-08,12.0,5.79
22697,2011-03-09,2.0,5.79
22697,2011-03-10,16.0,2.95
22697,2011-03-11,12.0,2.95
22697,2011-03-14,10.0,2.95
22697,2011-03-15,24.0,2.95
22697,2011-03-16,6.0,2.95
22697,2011-03-17,17.0,5.79
22697,2011-03-18,96.0,2.95
22697,2011-03-20,5.0,5.79
22697,2011-03-21,15.0,2.95
22697,2011-03-22,30.0,5.79
22697,2011-03-24,12.0,2.95
22697,2011-03-25,7.0,5.79
22697,2011-03-27,14.0,2.95
22697,2011-03-28,32.0,2.95
22697,2011-03-29,24.0,2.95
22697,2011-03-30,16.0,5.79
22697,2011-03-31,6.0,5.79
22697,2011-04-01,15.0,2.95
22697,2011-04-03,1.0,2.95
22697,2011-04-04,24.0,2.95
22697,2011-04-05,21.0,2.95
22697,2011-04-06,11.0,2.95
22697,2011-04-07,13.0,2.95
22697,2011-04-08,25.0,2.95
22697,2011-04-11,19.0,2.95
22697,2011-04-12,25.0,2.95
22697,2011-04-13,30.0,2.95
22697,2011-04-14,76.0,2.95
22697,2011-04-15,20.0,5.79
22697,2011-04-17,6.0,2.95
22697,2011-04-18,38.0,5.79
22697,2011-04-19,13.0,2.95
22697,2011-04-21,50.0,2.95
22697,2011-04-26,54.0,2.95
22697,2011-04-27,8.0,2.95
22697,2011-04-28,12.0,2.95
22697,2011-05-01,8.0,2.95
22697,2011-05-03,19.0,2.95
22697,2011-05-04,8.0,2.95
22697,2011-05-05,29.0,2.95
22697,2011-05-06,5.0,2.95
22697,2011-05-08,21.0,2.95
22697,2011-05-09,22.0,2.95
22697,2011-05-10,63.0,2.95
22697,2011-05-11,42.0,2.95
22697,2011-05-12,14.0,2.95
22697,2011-05-13,1.0,5.79
22697,2011-05-15,6.0,2.95
22697,2011-05-16,8.0,2.95
22697,2011-05-17,13.0,5.79
22697,2011-05-18,91.0,2.95
22697,2011-05-19,22.0,2.95
22697,2011-05-20,68.0,2.95
22697,2011-05-22,5.0,2.95
22697,2011-05-23,14.0,2.95
22697,2011-05-24,13.0,2.95
22697,2011-05-25,35.0,2.95
22697,2011-05-26,57.0,2.95
22697,2011-05-27,14.0,5.79
22697,2011-05-31,6.0,5.79
22697,2011-06-01,14.0,5.79
22697,2011-06-02,74.0,5.79
22697,2011-06-03,9.0,2.95
22697,2011-06-05,16.0,2.95
22697,2011-06-06,13.0,2.95
22697,2011-06-07,22.0,2.95
22697,2011-06-08,31.0,2.95
22697,2011-06-09,8.0,5.79
22697,2011-06-10,42.0,2.95
22697,2011-06-13,13.0,2.95
22697,2011-06-14,15.0,5.79
22697,2011-06-15,4.0,5.79
22697,2011-06-16,12.0,2.95
22697,2011-06-17,18.0,2.95
22697,2011-06-19,38.0,2.95
22697,2011-06-20,33.0,5.79
22697,2011-06-21,10.0,5.79
22697,2011-06-22,25.0,2.95
22697,2011-06-23,6.0,2.95
22697,2011-06-24,52.0,2.95
22697,2011-06-26,6.0,2.95
22697,2011-06-27,4.0,5.79
22697,2011-06-28,26.0,2.95
22697,2011-06-29,30.0,5.79
22697,2011-06-30,50.0,2.95
22697,2011-07-01,4.0,5.79
22697,2011-07-03,1.0,2.95
22697,2011-07-04,27.0,2.95
22697,2011-07-05,18.0,5.79
22697,2011-07-06,8.0,2.95
22697,2011-07-07,2.0,5.79
22697,2011-07-08,3.0,5.79
22697,2011-07-10,8.0,2.95
22697,2011-07-11,13.0,2.95
22697,2011-07-12,11.0,5.79
22697,2011-07-13,43.0,2.95
22697,2011-07-14,153.0,2.95
22697,2011-07-15,6.0,5.79
22697,2011-07-17,12.0,2.95
22697,2011-07-19,48.0,2.55
22697,2011-07-20,4.0,5.79
22697,2011-07-21,21.0,2.95
22697,2011-07-24,72.0,2.55
22697,2011-07-25,18.0,2.95
22697,2011-07-26,11.0,2.95
22697,2011-07-27,38.0,2.95
22697,2011-07-28,2.0,5.79
22697,2011-07-29,39.0,2.95
22697,2011-07-31,3.0,2.95
22697,2011-08-01,6.0,2.95
22697,2011-08-02,7.0,5.79
22697,2011-08-03,55.0,2.95
22697,2011-08-04,22.0,2.95
22697,2011-08-05,3.0,5.79
22697,2011-08-07,6.0,2.95
22697,2011-08-08,32.0,2.95
22697,2011-08-09,8.0,5.79
22697,2011-08-10,4.0,5.79
22697,2011-08-11,26.0,2.95
22697,2011-08-12,25.0,5.79
22697,2011-08-16,12.0,2.95
22697,2011-08-17,26.0,2.95
22697,2011-08-21,52.0,2.95
22697,2011-08-22,20.0,2.95
22697,2011-08-23,23.0,2.95
22697,2011-08-24,9.0,5.79
22697,2011-08-25,18.0,2.95
22697,2011-08-30,21.0,5.79
22697,2011-08-31,11.0,5.79
22697,2011-09-01,59.0,2.95
22697,2011-09-02,11.0,5.79
22697,2011-09-04,6.0,2.95
22697,2011-09-06,24.0,2.95
22697,2011-09-07,30.0,5.79
22697,2011-09-08,4.0,5.79
22697,2011-09-09,11.0,2.95
22697,2011-09-11,54.0,2.55
22697,2011-09-12,49.0,2.95
22697,2011-09-13,45.0,2.95
22697,2011-09-14,17.0,2.95
22697,2011-09-15,54.0,2.55
22697,2011-09-16,46.0,2.95
22697,2011-09-18,3.0,2.95
22697,2011-09-19,36.0,2.95
22697,2011-09-20,16.0,5.79
22697,2011-09-21,25.0,5.79
22697,2011-09-22,6.0,2.95
22697,2011-09-23,6.0,5.79
22697,2011-09-25,3.0,2.95
22697,2011-09-26,10.0,2.95
22697,2011-09-27,12.0,5.79
22697,2011-09-28,30.0,2.95
22697,2011-09-29,84.0,2.95
22697,2011-09-30,7.0,5.79
22697,2011-10-02,6.0,2.95
22697,2011-10-03,6.0,5.79
22697,2011-10-04,16.0,5.79
22697,2011-10-05,198.0,2.95
22697,2011-10-06,72.0,2.55
22697,2011-10-07,12.0,2.95
22697,2011-10-09,42.0,2.55
22697,2011-10-10,28.0,2.95
22697,2011-10-11,13.0,2.95
22697,2011-10-12,32.0,2.95
22697,2011-10-13,13.0,5.79
22697,2011-10-14,6.0,2.95
22697,2011-10-16,6.0,2.95
22697,2011-10-17,5.0,5.79
22697,2011-10-18,3.0,5.79
22697,2011-10-19,10.0,5.79
22697,2011-10-20,14.0,2.95
22697,2011-10-21,11.0,2.95
22697,2011-10-24,7.0,5.79
22697,2011-10-25,18.0,2.95
22697,2011-10-26,12.0,5.79
22697,2011-10-27,14.0,2.95
22697,2011-10-30,34.0,2.95
22697,2011-10-31,10.0,5.79
22697,2011-11-01,30.0,2.95
22697,2011-11-02,1.0,5.79
22697,2011-11-03,2.0,5.79
22697,2011-11-04,7.0,5.79
22697,2011-11-06,14.0,2.95
22697,2011-11-07,6.0,2.95
22697,2011-11-08,5.0,5.79
22697,2011-11-09,45.0,2.95
22697,2011-11-10,37.0,2.95
22697,2011-11-11,18.0,2.95
22697,2011-11-13,46.0,2.95
22697,2011-11-14,17.0,5.79
22697,2011-11-15,5.0,5.79
22697,2011-11-16,20.0,5.79
22697,2011-11-17,11.0,2.95
22697,2011-11-18,9.0,2.95
22697,2011-11-20,9.0,2.95
22697,2011-11-21,6.0,2.95
22697,2011-11-22,16.0,5.79
22697,2011-11-23,28.0,5.79
22697,2011-11-24,15.0,5.79
22697,2011-11-25,16.0,5.79
22697,2011-11-27,13.0,2.95
22697,2011-11-28,5.0,5.79
22697,2011-11-29,50.0,5.79
22697,2011-11-30,17.0,5.79
22697,2011-12-01,43.0,2.95
22697,2011-12-02,8.0,5.79
22697,2011-12-04,6.0,2.95
22697,2011-12-05,159.0,5.79
22697,2011-12-06,7.0,5.79
22697,2011-12-07,34.0,2.95
22697,2011-12-08,23.0,5.79
22697,2011-12-09,19.0,5.79
22699,2010-12-01,16.0,5.91
22699,2010-12-02,18.0,2.95
22699,2010-12-03,70.0,2.95
22699,2010-12-05,9.0,2.95
22699,2010-12-06,41.0,2.95
22699,2010-12-07,13.0,5.91
22699,2010-12-08,30.0,2.95
22699,2010-12-09,35.0,5.91
22699,2010-12-10,1.0,5.91
22699,2010-12-12,17.0,2.95
22699,2010-12-13,7.0,5.91
22699,2010-12-14,14.0,5.91
22699,2010-12-15,9.0,2.95
22699,2010-12-16,6.0,2.95
22699,2010-12-17,25.0,5.91
22699,2010-12-19,72.0,2.55
22699,2010-12-20,70.0,2.95
22699,2010-12-21,14.0,5.91
22699,2011-01-04,1.0,2.95
22699,2011-01-06,18.0,2.95
22699,2011-01-07,19.0,2.95
22699,2011-01-09,16.0,2.95
22699,2011-01-10,12.0,2.95
22699,2011-01-11,9.0,2.95
22699,2011-01-12,14.0,2.95
22699,2011-01-13,7.0,2.95
22699,2011-01-14,6.0,5.79
22699,2011-01-17,8.0,5.79
22699,2011-01-18,3.0,5.79
22699,2011-01-19,11.0,5.79
22699,2011-01-21,15.0,5.79
22699,2011-01-24,60.0,2.95
22699,2011-01-25,8.0,5.79
22699,2011-01-26,4.0,5.79
22699,2011-01-27,7.0,5.79
22699,2011-01-28,33.0,2.95
22699,2011-01-30,8.0,2.95
22699,2011-01-31,65.0,2.95
22699,2011-02-01,22.0,2.95
22699,2011-02-02,5.0,2.95
22699,2011-02-03,97.0,2.95
22699,2011-02-04,10.0,2.95
22699,2011-02-06,4.0,2.95
22699,2011-02-08,4.0,5.79
22699,2011-02-09,16.0,5.79
22699,2011-02-10,17.0,2.95
22699,2011-02-11,8.0,5.79
22699,2011-02-14,19.0,5.79
22699,2011-02-15,51.0,5.79
22699,2011-02-16,12.0,2.95
22699,2011-02-17,18.0,5.79
22699,2011-02-18,26.0,2.95
22699,2011-02-20,48.0,2.55
22699,2011-02-21,6.0,2.95
22699,2011-02-22,36.0,2.95
22699,2011-02-23,14.0,5.79
22699,2011-02-24,41.0,2.95
22699,2011-02-25,32.0,2.95
22699,2011-02-27,8.0,2.95
22699,2011-02-28,14.0,5.79
22699,2011-03-01,6.0,5.79
22699,2011-03-02,39.0,2.95
22699,2011-03-03,16.0,2.95
22699,2011-03-04,8.0,5.79
22699,2011-03-06,18.0,2.95
22699,2011-03-07,13.0,2.95
22699,2011-03-08,11.0,2.95
22699,2011-03-09,9.0,2.95
22699,2011-03-10,12.0,2.95
22699,2011-03-11,12.0,2.95
22699,2011-03-14,10.0,2.95
22699,2011-03-15,18.0,2.95
22699,2011-03-16,18.0,2.95
22699,2011-03-17,6.0,5.79
22699,2011-03-18,120.0,2.95
22699,2011-03-20,2.0,5.79
22699,2011-03-21,9.0,2.95
22699,2011-03-22,32.0,5.79
22699,2011-03-23,2.0,5.79
22699,2011-03-24,11.0,2.95
22699,2011-03-25,14.0,5.79
22699,2011-03-27,14.0,2.95
22699,2011-03-28,35.0,2.95
22699,2011-03-29,23.0,2.95
22699,2011-03-30,4.0,2.95
22699,2011-03-31,47.0,5.79
22699,2011-04-01,26.0,2.95
22699,2011-04-03,1.0,2.95
22699,2011-04-04,34.0,2.95
22699,2011-04-05,15.0,2.95
22699,2011-04-06,18.0,2.95
22699,2011-04-07,16.0,2.95
22699,2011-04-08,28.0,2.95
22699,2011-04-11,37.0,2.95
22699,2011-04-12,37.0,2.95
22699,2011-04-13,30.0,2.95
22699,2011-04-14,82.0,2.95
22699,2011-04-15,14.0,5.79
22699,2011-04-17,34.0,2.95
22699,2011-04-18,27.0,2.95
22699,2011-04-19,13.0,2.95
22699,2011-04-21,60.0,2.95
22699,2011-04-26,42.0,2.95
22699,2011-04-27,11.0,5.79
22699,2011-04-28,18.0,2.95
22699,2011-05-01,8.0,2.95
22699,2011-05-03,14.0,2.95
22699,2011-05-04,16.0,2.95
22699,2011-05-05,9.0,5.79
22699,2011-05-06,38.0,2.95
22699,2011-05-08,18.0,2.95
22699,2011-05-09,8.0,5.79
22699,2011-05-10,34.0,2.95
22699,2011-05-11,103.0,2.95
22699,2011-05-12,15.0,2.95
22699,2011-05-13,7.0,5.79
22699,2011-05-15,6.0,2.95
22699,2011-05-16,10.0,2.95
22699,2011-05-17,20.0,2.95
22699,2011-05-18,130.0,2.95
22699,2011-05-19,28.0,2.95
22699,2011-05-20,48.0,2.95
22699,2011-05-22,17.0,2.95
22699,2011-05-23,27.0,2.95
22699,2011-05-24,19.0,2.95
22699,2011-05-25,41.0,2.95
22699,2011-05-26,39.0,2.95
22699,2011-05-27,35.0,2.95
22699,2011-05-31,11.0,2.95
22699,2011-06-01,12.0,5.79
22699,2011-06-02,43.0,5.79
22699,2011-06-03,5.0,2.95
22699,2011-06-05,12.0,2.95
22699,2011-06-06,24.0,2.95
22699,2011-06-07,41.0,2.95
22699,2011-06-08,26.0,5.79
22699,2011-06-09,20.0,2.95
22699,2011-06-10,44.0,2.95
22699,2011-06-13,19.0,2.95
22699,2011-06-14,38.0,2.95
22699,2011-06-15,2.0,5.79
22699,2011-06-16,13.0,2.95
22699,2011-06-17,18.0,2.95
22699,2011-06-19,33.0,2.95
22699,2011-06-20,20.0,5.79
22699,2011-06-21,15.0,2.95
22699,2011-06-22,18.0,2.95
22699,2011-06-24,13.0,2.95
22699,2011-06-26,6.0,2.95
22699,2011-06-27,10.0,5.79
22699,2011-06-28,38.0,2.95
22699,2011-06-29,27.0,5.79
22699,2011-06-30,783.0,2.95
22699,2011-07-01,2.0,5.79
22699,2011-07-03,1.0,2.95
22699,2011-07-04,30.0,5.79
22699,2011-07-05,6.0,2.95
22699,2011-07-06,8.0,2.95
22699,2011-07-07,3.0,5.79
22699,2011-07-08,9.0,5.79
22699,2011-07-10,10.0,2.95
22699,2011-07-11,10.0,5.79
22699,2011-07-12,1.0,5.79
22699,2011-07-13,30.0,2.95
22699,2011-07-14,153.0,2.95
22699,2011-07-15,3.0,2.95
22699,2011-07-17,18.0,2.95
22699,2011-07-18,5.0,5.79
22699,2011-07-19,42.0,2.95
22699,2011-07-20,51.0,5.79
22699,2011-07-21,12.0,2.95
22699,2011-07-22,6.0,2.95
22699,2011-07-24,102.0,2.95
22699,2011-07-25,17.0,5.79
22699,2011-07-26,14.0,2.95
22699,2011-07-27,14.0,2.95
22699,2011-07-28,431.0,2.55
22699,2011-07-29,37.0,2.95
22699,2011-08-01,12.0,2.95
22699,2011-08-02,13.0,2.95
22699,2011-08-03,50.0,2.95
22699,2011-08-04,48.0,2.95
22699,2011-08-05,2.0,2.95
22699,2011-08-08,39.0,2.95
22699,2011-08-10,10.0,5.79
22699,2011-08-11,24.0,5.79
22699,2011-08-12,27.0,5.79
22699,2011-08-16,14.0,2.95
22699,2011-08-17,55.0,2.95
22699,2011-08-21,64.0,2.95
22699,2011-08-22,20.0,2.95
22699,2011-08-23,11.0,2.95
22699,2011-08-24,19.0,2.95
22699,2011-08-25,6.0,2.95
22699,2011-08-28,18.0,2.95
22699,2011-08-30,27.0,5.79
22699,2011-08-31,8.0,5.79
22699,2011-09-01,86.0,2.95
22699,2011-09-02,18.0,5.79
22699,2011-09-04,6.0,2.95
22699,2011-09-06,72.0,2.95
22699,2011-09-07,31.0,2.95
22699,2011-09-08,5.0,2.95
22699,2011-09-09,37.0,2.95
22699,2011-09-11,79.0,2.95
22699,2011-09-12,48.0,2.95
22699,2011-09-13,61.0,2.95
22699,2011-09-14,27.0,2.95
22699,2011-09-15,48.0,2.55
22699,2011-09-16,41.0,2.95
22699,2011-09-19,72.0,2.55
22699,2011-09-20,8.0,5.79
22699,2011-09-21,41.0,5.79
22699,2011-09-22,18.0,2.95
22699,2011-09-23,16.0,5.79
22699,2011-09-25,15.0,2.95
22699,2011-09-26,4.0,5.79
22699,2011-09-27,11.0,5.79
22699,2011-09-28,30.0,2.95
22699,2011-09-29,66.0,2.95
22699,2011-09-30,5.0,5.79
22699,2011-10-02,6.0,2.95
22699,2011-10-03,6.0,2.95
22699,2011-10-04,16.0,5.79
22699,2011-10-05,204.0,2.95
22699,2011-10-06,84.0,2.55
22699,2011-10-07,13.0,2.95
22699,2011-10-10,37.0,2.95
22699,2011-10-11,17.0,2.95
22699,2011-10-12,30.0,2.95
22699,2011-10-13,13.0,5.79
22699,2011-10-14,10.0,2.95
22699,2011-10-16,6.0,2.95
22699,2011-10-17,29.0,5.79
22699,2011-10-18,31.0,2.95
22699,2011-10-19,15.0,5.79
22699,2011-10-20,38.0,2.95
22699,2011-10-21,9.0,2.95
22699,2011-10-24,15.0,5.79
22699,2011-10-25,14.0,2.95
22699,2011-10-26,12.0,5.79
22699,2011-10-27,21.0,2.95
22699,2011-10-28,24.0,2.55
22699,2011-10-30,34.0,2.95
22699,2011-10-31,10.0,5.79
22699,2011-11-01,30.0,2.95
22699,2011-11-02,1.0,5.79
22699,2011-11-03,6.0,2.95
22699,2011-11-04,14.0,2.95
22699,2011-11-06,4.0,2.95
22699,2011-11-07,6.0,2.95
22699,2011-11-08,14.0,5.79
22699,2011-11-09,61.0,2.95
22699,2011-11-10,6.0,2.95
22699,2011-11-11,15.0,5.79
22699,2011-11-13,62.0,2.95
22699,2011-11-14,16.0,2.95
22699,2011-11-15,18.0,2.95
22699,2011-11-16,15.0,5.79
22699,2011-11-17,18.0,2.95
22699,2011-11-18,20.0,2.95
22699,2011-11-20,16.0,2.95
22699,2011-11-21,13.0,2.95
22699,2011-11-22,9.0,5.79
22699,2011-11-23,33.0,5.79
22699,2011-11-24,14.0,5.79
22699,2011-11-25,18.0,5.79
22699,2011-11-27,5.0,2.95
22699,2011-11-28,13.0,5.79
22699,2011-11-29,36.0,5.79
22699,2011-11-30,21.0,5.79
22699,2011-12-01,16.0,2.95
22699,2011-12-02,12.0,5.79
22699,2011-12-04,2.0,2.95
22699,2011-12-05,156.0,5.79
22699,2011-12-06,7.0,5.79
22699,2011-12-07,39.0,2.95
22699,2011-12-08,39.0,5.79
22699,2011-12-09,20.0,5.79
22727,2010-12-01,19.0,3.75
22727,2010-12-02,88.0,3.75
22727,2010-12-03,51.0,8.47
22727,2010-12-05,38.0,3.75
22727,2010-12-06,22.0,3.75
22727,2010-12-07,16.0,3.75
22727,2010-12-08,11.0,3.75
22727,2010-12-09,31.0,3.75
22727,2010-12-10,38.0,3.75
22727,2010-12-12,7.0,3.75
22727,2010-12-13,10.0,3.75
22727,2010-12-14,42.0,3.75
22727,2010-12-15,1.0,3.75
22727,2010-12-16,14.0,3.75
22727,2010-12-17,9.0,7.62
22727,2010-12-19,3.0,3.75
22727,2010-12-20,21.0,3.75
22727,2010-12-21,10.0,8.47
22727,2010-12-23,1.0,3.75
22727,2011-01-04,11.0,3.75
22727,2011-01-05,37.0,3.75
22727,2011-01-06,12.0,3.75
22727,2011-01-07,24.0,3.75
22727,2011-01-09,9.0,3.75
22727,2011-01-10,8.0,3.75
22727,2011-01-11,11.0,8.29
22727,2011-01-12,8.0,3.75
22727,2011-01-13,11.0,3.75
22727,2011-01-14,9.0,7.46
22727,2011-01-16,2.0,3.75
22727,2011-01-17,6.0,3.75
22727,2011-01-18,1.0,7.46
22727,2011-01-20,27.0,3.75
22727,2011-01-21,40.0,3.75
22727,2011-01-23,11.0,3.75
22727,2011-01-24,1.0,3.75
22727,2011-01-25,19.0,3.75
22727,2011-01-26,3.0,7.46
22727,2011-01-27,1.0,3.75
22727,2011-01-28,12.0,3.75
22727,2011-02-01,13.0,3.75
22727,2011-02-02,4.0,3.75
22727,2011-02-03,54.0,3.75
22727,2011-02-04,13.0,3.75
22727,2011-02-06,4.0,3.75
22727,2011-02-07,5.0,3.75
22727,2011-02-08,2.0,8.29
22727,2011-02-10,8.0,3.75
22727,2011-02-11,27.0,3.75
22727,2011-02-14,6.0,3.75
22727,2011-02-15,14.0,3.75
22727,2011-02-16,6.0,3.75
22727,2011-02-17,11.0,7.46
22727,2011-02-18,16.0,3.75
22727,2011-02-20,6.0,3.75
22727,2011-02-21,1.0,3.75
22727,2011-02-22,13.0,3.75
22727,2011-02-23,19.0,3.75
22727,2011-02-24,12.0,3.75
22727,2011-02-25,12.0,3.75
22727,2011-02-27,11.0,3.75
22727,2011-02-28,6.0,3.75
22727,2011-03-01,1.0,7.46
22727,2011-03-02,20.0,3.75
22727,2011-03-03,1.0,7.46
22727,2011-03-04,15.0,3.75
22727,2011-03-06,7.0,3.75
22727,2011-03-07,13.0,3.75
22727,2011-03-08,4.0,3.75
22727,2011-03-09,1.0,7.46
22727,2011-03-10,6.0,3.75
22727,2011-03-11,9.0,3.75
22727,2011-03-14,4.0,3.75
22727,2011-03-15,9.0,8.29
22727,2011-03-16,4.0,3.75
22727,2011-03-17,6.0,3.75
22727,2011-03-18,17.0,3.75
22727,2011-03-20,6.0,3.75
22727,2011-03-21,4.0,3.75
22727,2011-03-22,27.0,7.46
22727,2011-03-23,2.0,3.75
22727,2011-03-24,6.0,3.75
22727,2011-03-25,4.0,3.75
22727,2011-03-27,2.0,3.75
22727,2011-03-28,1.0,3.75
22727,2011-03-29,24.0,8.29
22727,2011-03-30,5.0,3.75
22727,2011-03-31,2.0,3.75
22727,2011-04-01,16.0,3.75
22727,2011-04-04,29.0,3.75
22727,2011-04-05,503.0,3.75
22727,2011-04-06,28.0,3.75
22727,2011-04-07,5.0,3.75
22727,2011-04-08,13.0,3.75
22727,2011-04-10,2.0,3.75
22727,2011-04-11,5.0,8.29
22727,2011-04-12,36.0,3.75
22727,2011-04-13,4.0,3.75
22727,2011-04-14,28.0,3.75
22727,2011-04-15,8.0,3.75
22727,2011-04-18,19.0,3.75
22727,2011-04-19,8.0,3.75
22727,2011-04-20,15.0,3.75
22727,2011-04-21,15.0,3.75
22727,2011-04-26,20.0,3.75
22727,2011-04-27,13.0,3.75
22727,2011-04-28,29.0,3.75
22727,2011-05-01,1.0,3.75
22727,2011-05-03,14.0,3.75
22727,2011-05-04,13.0,3.75
22727,2011-05-05,5.0,7.46
22727,2011-05-06,6.0,3.75
22727,2011-05-08,17.0,3.75
22727,2011-05-09,10.0,3.75
22727,2011-05-10,17.0,3.75
22727,2011-05-11,26.0,3.75
22727,2011-05-12,9.0,3.75
22727,2011-05-13,11.0,3.75
22727,2011-05-15,4.0,3.75
22727,2011-05-16,26.0,3.75
22727,2011-05-17,8.0,3.75
22727,2011-05-18,18.0,3.75
22727,2011-05-19,49.0,3.75
22727,2011-05-20,13.0,3.75
22727,2011-05-22,2.0,3.75
22727,2011-05-23,12.0,3.75
22727,2011-05-24,8.0,3.75
22727,2011-05-25,3.0,7.46
22727,2011-05-26,7.0,3.75
22727,2011-05-27,20.0,8.29
22727,2011-05-29,2.0,3.75
22727,2011-05-31,10.0,7.46
22727,2011-06-01,7.0,3.75
22727,2011-06-02,18.0,3.75
22727,2011-06-03,4.0,3.75
22727,2011-06-05,7.0,3.75
22727,2011-06-06,10.0,3.75
22727,2011-06-07,2.0,7.46
22727,2011-06-08,3.0,8.29
22727,2011-06-09,5.0,3.75
22727,2011-06-10,5.0,3.75
22727,2011-06-12,2.0,3.75
22727,2011-06-13,1.0,3.75
22727,2011-06-14,12.0,3.75
22727,2011-06-15,6.0,3.75
22727,2011-06-16,20.0,3.75
22727,2011-06-17,15.0,3.75
22727,2011-06-19,14.0,3.75
22727,2011-06-20,6.0,3.75
22727,2011-06-22,24.0,3.75
22727,2011-06-23,2.0,3.75
22727,2011-06-26,1.0,3.75
22727,2011-06-27,5.0,3.75
22727,2011-06-28,41.0,3.75
22727,2011-06-29,8.0,3.75
22727,2011-06-30,28.0,3.75
22727,2011-07-01,1.0,3.75
22727,2011-07-03,1.0,3.75
22727,2011-07-04,2.0,3.75
22727,2011-07-05,13.0,3.75
22727,2011-07-06,28.0,3.75
22727,2011-07-07,7.0,3.75
22727,2011-07-08,2.0,8.29
22727,2011-07-11,10.0,3.75
22727,2011-07-12,18.0,3.75
22727,2011-07-13,7.0,3.75
22727,2011-07-14,6.0,3.75
22727,2011-07-15,4.0,3.75
22727,2011-07-17,2.0,3.75
22727,2011-07-18,5.0,3.75
22727,2011-07-19,21.0,3.75
22727,2011-07-20,20.0,3.75
22727,2011-07-21,12.0,3.75
22727,2011-07-22,12.0,7.46
22727,2011-07-24,1.0,3.75
22727,2011-07-25,3.0,7.46
22727,2011-07-26,12.0,3.75
22727,2011-07-27,2.0,7.46
22727,2011-07-28,4.0,3.75
22727,2011-07-29,10.0,3.75
22727,2011-07-31,3.0,3.75
22727,2011-08-02,4.0,8.29
22727,2011-08-03,23.0,3.75
22727,2011-08-04,24.0,3.75
22727,2011-08-05,4.0,3.75
22727,2011-08-08,9.0,3.75
22727,2011-08-09,8.0,3.75
22727,2011-08-10,5.0,8.29
22727,2011-08-11,12.0,3.75
22727,2011-08-12,4.0,3.75
22727,2011-08-14,2.0,3.75
22727,2011-08-15,8.0,3.75
22727,2011-08-16,7.0,8.29
22727,2011-08-17,10.0,3.75
22727,2011-08-18,20.0,3.75
22727,2011-08-19,45.0,3.75
22727,2011-08-21,20.0,3.75
22727,2011-08-22,418.0,3.75
22727,2011-08-23,14.0,3.75
22727,2011-08-24,20.0,3.75
22727,2011-08-25,16.0,3.75
22727,2011-08-26,2.0,8.29
22727,2011-08-28,7.0,3.75
22727,2011-08-30,9.0,7.46
22727,2011-08-31,12.0,3.75
22727,2011-09-01,28.0,3.75
22727,2011-09-02,13.0,7.46
22727,2011-09-04,4.0,3.75
22727,2011-09-05,2.0,3.75
22727,2011-09-06,30.0,3.75
22727,2011-09-07,9.0,7.46
22727,2011-09-08,17.0,3.75
22727,2011-09-09,18.0,3.75
22727,2011-09-11,10.0,3.75
22727,2011-09-12,9.0,7.46
22727,2011-09-13,30.0,3.75
22727,2011-09-14,2.0,7.46
22727,2011-09-16,23.0,3.75
22727,2011-09-18,53.0,3.75
22727,2011-09-19,8.0,3.75
22727,2011-09-20,25.0,3.75
22727,2011-09-21,29.0,7.46
22727,2011-09-22,12.0,3.75
22727,2011-09-23,6.0,8.29
22727,2011-09-25,39.0,3.75
22727,2011-09-26,22.0,3.75
22727,2011-09-27,18.0,3.75
22727,2011-09-28,35.0,3.75
22727,2011-09-29,3.0,3.75
22727,2011-09-30,22.0,3.75
22727,2011-10-02,5.0,3.75
22727,2011-10-03,103.0,3.75
22727,2011-10-04,17.0,8.29
22727,2011-10-05,24.0,3.75
22727,2011-10-06,14.0,3.75
22727,2011-10-07,13.0,3.75
22727,2011-10-10,13.0,7.46
22727,2011-10-11,19.0,3.75
22727,2011-10-12,20.0,3.75
22727,2011-10-13,6.0,3.75
22727,2011-10-14,14.0,7.46
22727,2011-10-16,4.0,3.75
22727,2011-10-17,14.0,3.75
22727,2011-10-18,15.0,7.46
22727,2011-10-19,12.0,3.75
22727,2011-10-20,14.0,3.75
22727,2011-10-21,7.0,8.29
22727,2011-10-23,1.0,3.75
22727,2011-10-24,13.0,3.75
22727,2011-10-25,424.0,3.75
22727,2011-10-26,19.0,3.75
22727,2011-10-27,30.0,3.75
22727,2011-10-28,47.0,3.75
22727,2011-10-30,73.0,3.75
22727,2011-10-31,34.0,3.75
22727,2011-11-01,24.0,3.75
22727,2011-11-02,9.0,3.75
22727,2011-11-03,64.0,3.75
22727,2011-11-04,43.0,3.75
22727,2011-11-06,22.0,3.75
22727,2011-11-07,51.0,3.75
22727,2011-11-08,25.0,3.75
22727,2011-11-09,32.0,3.75
22727,2011-11-10,49.0,3.75
22727,2011-11-11,25.0,3.75
22727,2011-11-13,12.0,3.75
22727,2011-11-14,80.0,3.75
22727,2011-11-15,20.0,3.75
22727,2011-11-16,25.0,3.75
22727,2011-11-17,18.0,3.75
22727,2011-11-18,29.0,7.46
22727,2011-11-20,22.0,3.75
22727,2011-11-21,15.0,3.75
22727,2011-11-22,26.0,3.75
22727,2011-11-23,17.0,3.75
22727,2011-11-24,39.0,3.75
22727,2011-11-25,22.0,3.75
22727,2011-11-27,10.0,3.75
22727,2011-11-28,32.0,3.75
22727,2011-11-29,21.0,3.75
22727,2011-11-30,62.0,3.75
22727,2011-12-01,55.0,3.75
22727,2011-12-02,29.0,3.75
22727,2011-12-04,15.0,8.29
22727,2011-12-05,127.0,3.75
22727,2011-12-06,37.0,3.75
22727,2011-12-07,669.0,3.75
22727,2011-12-08,62.0,3.75
22727,2011-12-09,26.0,7.46
22960,2010-12-01,65.0,4.25
22960,2010-12-02,38.0,4.25
22960,2010-12-03,13.0,4.25
22960,2010-12-05,5.0,4.25
22960,2010-12-06,36.0,4.25
22960,2010-12-07,22.0,4.25
22960,2010-12-08,42.0,4.25
22960,2010-12-09,26.0,4.25
22960,2010-12-10,34.0,4.25
22960,2010-12-12,6.0,4.25
22960,2010-12-13,31.0,8.47
22960,2010-12-14,70.0,4.25
22960,2010-12-15,9.0,4.25
22960,2010-12-16,86.0,3.75
22960,2010-12-17,17.0,8.47
22960,2010-12-20,7.0,8.47
22960,2010-12-21,6.0,8.47
22960,2010-12-22,6.0,4.25
22960,2010-12-23,8.0,8.47
22960,2011-01-04,8.0,8.47
22960,2011-01-05,3.0,4.25
22960,2011-01-06,23.0,4.25
22960,2011-01-07,24.0,3.75
22960,2011-01-09,10.0,4.25
22960,2011-01-10,9.0,8.47
22960,2011-01-11,24.0,4.25
22960,2011-01-12,18.0,4.25
22960,2011-01-13,13.0,8.29
22960,2011-01-14,1.0,8.29
22960,2011-01-16,13.0,4.25
22960,2011-01-17,17.0,8.29
22960,2011-01-18,7.0,8.29
22960,2011-01-19,7.0,8.29
22960,2011-01-20,18.0,4.25
22960,2011-01-21,18.0,4.25
22960,2011-01-23,14.0,4.25
22960,2011-01-24,20.0,4.25
22960,2011-01-25,8.0,4.25
22960,2011-01-26,17.0,4.25
22960,2011-01-27,45.0,4.25
22960,2011-01-28,44.0,4.25
22960,2011-01-30,19.0,4.25
22960,2011-01-31,18.0,4.25
22960,2011-02-01,22.0,4.25
22960,2011-02-02,19.0,4.25
22960,2011-02-03,19.0,4.25
22960,2011-02-04,24.0,4.25
22960,2011-02-06,4.0,4.25
22960,2011-02-07,25.0,8.29
22960,2011-02-08,7.0,8.29
22960,2011-02-09,20.0,4.25
22960,2011-02-10,24.0,4.25
22960,2011-02-11,1.0,8.29
22960,2011-02-13,2.0,4.25
22960,2011-02-14,35.0,4.25
22960,2011-02-15,60.0,4.25
22960,2011-02-16,43.0,4.25
22960,2011-02-17,22.0,4.25
22960,2011-02-18,12.0,3.75
22960,2011-02-20,2.0,4.25
22960,2011-02-21,12.0,4.25
22960,2011-02-22,14.0,8.29
22960,2011-02-23,20.0,4.25
22960,2011-02-24,31.0,4.25
22960,2011-02-25,13.0,4.25
22960,2011-02-28,39.0,4.25
22960,2011-03-01,20.0,4.25
22960,2011-03-02,60.0,4.25
22960,2011-03-03,21.0,4.25
22960,2011-03-04,1.0,8.29
22960,2011-03-06,22.0,4.25
22960,2011-03-07,77.0,4.25
22960,2011-03-08,38.0,4.25
22960,2011-03-09,14.0,4.25
22960,2011-03-10,14.0,4.25
22960,2011-03-11,48.0,3.75
22960,2011-03-13,2.0,4.25
22960,2011-03-14,25.0,4.25
22960,2011-03-15,25.0,4.25
22960,2011-03-16,12.0,4.25
22960,2011-03-17,3.0,8.29
22960,2011-03-18,81.0,4.25
22960,2011-03-20,39.0,3.75
22960,2011-03-21,38.0,4.25
22960,2011-03-22,24.0,4.25
22960,2011-03-23,14.0,4.25
22960,2011-03-24,69.0,4.25
22960,2011-03-25,7.0,8.29
22960,2011-03-27,17.0,4.25
22960,2011-03-28,16.0,8.29
22960,2011-03-29,33.0,8.29
22960,2011-03-30,23.0,4.25
22960,2011-03-31,38.0,4.25
22960,2011-04-03,8.0,4.25
22960,2011-04-04,39.0,4.25
22960,2011-04-05,7.0,4.25
22960,2011-04-06,2.0,8.29
22960,2011-04-07,8.0,4.25
22960,2011-04-08,31.0,4.25
22960,2011-04-10,1.0,4.25
22960,2011-04-11,2.0,4.25
22960,2011-04-12,24.0,4.25
22960,2011-04-13,90.0,4.25
22960,2011-04-14,50.0,4.25
22960,2011-04-15,55.0,4.25
22960,2011-04-17,25.0,4.25
22960,2011-04-18,29.0,4.25
22960,2011-04-19,25.0,4.25
22960,2011-04-20,6.0,4.25
22960,2011-04-21,12.0,4.25
22960,2011-04-26,15.0,4.25
22960,2011-04-27,6.0,4.25
22960,2011-04-28,18.0,4.25
22960,2011-05-03,6.0,4.25
22960,2011-05-04,24.0,4.25
22960,2011-05-05,30.0,4.25
22960,2011-05-06,21.0,4.25
22960,2011-05-08,2.0,4.25
22960,2011-05-09,5.0,8.29
22960,2011-05-10,8.0,8.29
22960,2011-05-11,8.0,4.25
22960,2011-05-12,17.0,4.25
22960,2011-05-13,9.0,4.25
22960,2011-05-15,1.0,4.25
22960,2011-05-16,22.0,8.29
22960,2011-05-17,48.0,2.96
22960,2011-05-18,90.0,3.75
22960,2011-05-19,42.0,4.25
22960,2011-05-20,6.0,4.25
22960,2011-05-22,12.0,4.25
22960,2011-05-23,1.0,8.29
22960,2011-05-24,15.0,4.25
22960,2011-05-26,12.0,4.25
22960,2011-05-27,7.0,8.29
22960,2011-05-29,1.0,4.25
22960,2011-05-31,7.0,8.29
22960,2011-06-01,14.0,8.29
22960,2011-06-02,6.0,4.25
22960,2011-06-03,8.0,4.25
22960,2011-06-05,8.0,4.25
22960,2011-06-06,12.0,4.25
22960,2011-06-07,5.0,4.25
22960,2011-06-08,6.0,4.25
22960,2011-06-09,14.0,4.25
22960,2011-06-10,9.0,4.25
22960,2011-06-12,4.0,4.25
22960,2011-06-13,25.0,4.25
22960,2011-06-14,4.0,8.29
22960,2011-06-15,7.0,8.29
22960,2011-06-16,19.0,4.25
22960,2011-06-17,6.0,4.25
22960,2011-06-19,18.0,4.25
22960,2011-06-20,9.0,8.29
22960,2011-06-21,11.0,4.25
22960,2011-06-22,12.0,3.75
22960,2011-06-23,21.0,4.25
22960,2011-06-24,4.0,8.29
22960,2011-06-26,5.0,4.25
22960,2011-06-27,3.0,4.25
22960,2011-06-28,18.0,4.25
22960,2011-06-29,17.0,4.25
22960,2011-06-30,24.0,4.25
22960,2011-07-01,12.0,3.75
22960,2011-07-03,3.0,4.25
22960,2011-07-04,16.0,8.29
22960,2011-07-05,2.0,8.29
22960,2011-07-07,27.0,4.25
22960,2011-07-08,7.0,4.25
22960,2011-07-10,3.0,4.25
22960,2011-07-11,10.0,4.25
22960,2011-07-12,8.0,8.29
22960,2011-07-13,10.0,4.25
22960,2011-07-14,7.0,8.29
22960,2011-07-15,6.0,4.25
22960,2011-07-17,11.0,4.25
22960,2011-07-18,25.0,3.75
22960,2011-07-19,46.0,3.75
22960,2011-07-21,13.0,4.25
22960,2011-07-22,78.0,4.25
22960,2011-07-24,48.0,3.75
22960,2011-07-25,9.0,4.25
22960,2011-07-26,12.0,3.75
22960,2011-07-27,60.0,4.25
22960,2011-07-28,90.0,4.25
22960,2011-07-29,8.0,4.25
22960,2011-08-01,1.0,4.25
22960,2011-08-02,13.0,4.25
22960,2011-08-03,30.0,3.75
22960,2011-08-04,19.0,4.25
22960,2011-08-05,6.0,4.25
22960,2011-08-08,8.0,8.29
22960,2011-08-09,13.0,4.25
22960,2011-08-10,21.0,8.29
22960,2011-08-11,10.0,8.29
22960,2011-08-12,17.0,4.25
22960,2011-08-16,6.0,4.25
22960,2011-08-17,239.0,4.6
22960,2011-08-21,7.0,4.25
22960,2011-08-22,8.0,4.25
22960,2011-08-23,18.0,4.25
22960,2011-08-24,6.0,4.25
22960,2011-08-25,13.0,8.29
22960,2011-08-28,1.0,4.25
22960,2011-08-30,13.0,8.29
22960,2011-08-31,3.0,8.29
22960,2011-09-01,18.0,4.25
22960,2011-09-02,24.0,4.25
22960,2011-09-04,31.0,4.25
22960,2011-09-05,6.0,4.25
22960,2011-09-06,1.0,4.25
22960,2011-09-07,11.0,8.29
22960,2011-09-08,12.0,4.25
22960,2011-09-09,7.0,8.29
22960,2011-09-11,17.0,4.25
22960,2011-09-12,12.0,4.25
22960,2011-09-13,20.0,8.29
22960,2011-09-14,44.0,4.25
22960,2011-09-15,51.0,3.75
22960,2011-09-16,25.0,4.25
22960,2011-09-18,28.0,4.25
22960,2011-09-19,12.0,4.25
22960,2011-09-20,84.0,4.25
22960,2011-09-21,3.0,8.29
22960,2011-09-22,127.0,4.25
22960,2011-09-23,28.0,4.25
22960,2011-09-25,3.0,4.25
22960,2011-09-26,53.0,4.25
22960,2011-09-27,73.0,4.25
22960,2011-09-28,5.0,8.29
22960,2011-09-29,13.0,4.25
22960,2011-09-30,30.0,4.25
22960,2011-10-02,1.0,4.25
22960,2011-10-03,9.0,8.29
22960,2011-10-04,23.0,4.25
22960,2011-10-05,15.0,4.25
22960,2011-10-06,33.0,4.25
22960,2011-10-07,10.0,4.25
22960,2011-10-09,5.0,4.25
22960,2011-10-10,15.0,4.25
22960,2011-10-11,80.0,4.25
22960,2011-10-12,8.0,8.29
22960,2011-10-13,9.0,4.25
22960,2011-10-14,12.0,4.25
22960,2011-10-16,78.0,3.75
22960,2011-10-17,10.0,8.29
22960,2011-10-18,7.0,8.29
22960,2011-10-19,4.0,8.29
22960,2011-10-20,12.0,4.25
22960,2011-10-23,9.0,4.25
22960,2011-10-24,4.0,8.29
22960,2011-10-25,30.0,4.25
22960,2011-10-26,11.0,4.25
22960,2011-10-27,25.0,4.25
22960,2011-10-28,18.0,4.25
22960,2011-10-30,6.0,4.25
22960,2011-10-31,73.0,8.29
22960,2011-11-01,2.0,4.25
22960,2011-11-02,7.0,8.29
22960,2011-11-03,155.0,4.25
22960,2011-11-04,57.0,4.25
22960,2011-11-07,28.0,4.25
22960,2011-11-08,10.0,8.29
22960,2011-11-09,8.0,8.29
22960,2011-11-10,58.0,4.25
22960,2011-11-11,5.0,8.29
22960,2011-11-13,9.0,4.25
22960,2011-11-14,27.0,4.6
22960,2011-11-15,5.0,4.25
22960,2011-11-16,28.0,8.29
22960,2011-11-17,14.0,4.25
22960,2011-11-18,13.0,4.25
22960,2011-11-20,4.0,8.29
22960,2011-11-21,51.0,3.75
22960,2011-11-22,38.0,4.25
22960,2011-11-23,60.0,4.25
22960,2011-11-24,15.0,8.29
22960,2011-11-25,13.0,8.29
22960,2011-11-27,3.0,4.25
22960,2011-11-28,45.0,4.25
22960,2011-11-29,223.0,8.29
22960,2011-11-30,38.0,8.29
22960,2011-12-01,8.0,8.29
22960,2011-12-02,27.0,4.25
22960,2011-12-04,3.0,4.25
22960,2011-12-05,30.0,8.29
22960,2011-12-06,80.0,4.25
22960,2011-12-07,24.0,4.25
22960,2011-12-08,38.0,8.29
22960,2011-12-09,7.0,8.29
22961,2010-12-01,127.0,1.45
22961,2010-12-02,188.0,1.45
22961,2010-12-03,9.0,1.45
22961,2010-12-05,7.0,1.45
22961,2010-12-06,73.0,1.45
22961,2010-12-07,87.0,1.45
22961,2010-12-08,109.0,1.45
22961,2010-12-09,86.0,1.45
22961,2010-12-10,44.0,1.45
22961,2010-12-12,14.0,1.45
22961,2010-12-13,84.0,1.45
22961,2010-12-14,153.0,1.45
22961,2010-12-15,144.0,1.45
22961,2010-12-16,60.0,1.45
22961,2010-12-17,46.0,3.36
22961,2010-12-19,17.0,1.45
22961,2010-12-20,56.0,3.36
22961,2010-12-21,6.0,3.36
22961,2010-12-23,3.0,3.36
22961,2011-01-04,46.0,1.45
22961,2011-01-05,13.0,1.45
22961,2011-01-06,32.0,1.45
22961,2011-01-07,4.0,3.36
22961,2011-01-09,12.0,1.45
22961,2011-01-10,25.0,3.36
22961,2011-01-11,35.0,1.45
22961,2011-01-12,24.0,1.45
22961,2011-01-13,15.0,1.45
22961,2011-01-14,22.0,1.45
22961,2011-01-16,58.0,1.45
22961,2011-01-17,44.0,1.45
22961,2011-01-18,3.0,3.29
22961,2011-01-19,13.0,3.29
22961,2011-01-20,38.0,3.29
22961,2011-01-21,19.0,1.45
22961,2011-01-23,20.0,1.45
22961,2011-01-24,26.0,3.29
22961,2011-01-25,54.0,1.45
22961,2011-01-26,39.0,1.45
22961,2011-01-27,109.0,1.45
22961,2011-01-28,24.0,1.45
22961,2011-01-30,24.0,1.45
22961,2011-01-31,110.0,3.29
22961,2011-02-01,32.0,1.45
22961,2011-02-02,39.0,1.45
22961,2011-02-03,43.0,1.45
22961,2011-02-04,13.0,3.29
22961,2011-02-06,9.0,1.45
22961,2011-02-07,60.0,1.45
22961,2011-02-08,15.0,3.29
22961,2011-02-09,29.0,3.29
22961,2011-02-10,43.0,1.45
22961,2011-02-11,2.0,3.29
22961,2011-02-13,6.0,1.45
22961,2011-02-14,48.0,1.45
22961,2011-02-15,52.0,1.45
22961,2011-02-16,63.0,1.45
22961,2011-02-17,122.0,1.45
22961,2011-02-18,49.0,1.45
22961,2011-02-20,3.0,1.45
22961,2011-02-21,38.0,1.45
22961,2011-02-22,42.0,1.45
22961,2011-02-23,26.0,1.45
22961,2011-02-24,20.0,1.45
22961,2011-02-25,25.0,1.45
22961,2011-02-27,17.0,1.45
22961,2011-02-28,34.0,3.29
22961,2011-03-01,37.0,1.45
22961,2011-03-02,96.0,1.45
22961,2011-03-03,17.0,3.29
22961,2011-03-04,31.0,1.45
22961,2011-03-06,24.0,1.45
22961,2011-03-07,15.0,3.29
22961,2011-03-08,156.0,1.45
22961,2011-03-09,17.0,1.45
22961,2011-03-10,60.0,1.45
22961,2011-03-11,157.0,1.45
22961,2011-03-14,101.0,1.45
22961,2011-03-15,26.0,3.29
22961,2011-03-18,52.0,1.45
22961,2011-03-20,55.0,1.45
22961,2011-03-21,25.0,1.45
22961,2011-03-22,26.0,1.45
22961,2011-03-23,26.0,1.45
22961,2011-03-24,122.0,1.45
22961,2011-03-25,12.0,1.45
22961,2011-03-27,4.0,1.45
22961,2011-03-28,35.0,1.45
22961,2011-03-29,200.0,1.45
22961,2011-03-30,1.0,1.45
22961,2011-03-31,48.0,1.45
22961,2011-04-01,28.0,1.45
22961,2011-04-03,16.0,1.45
22961,2011-04-04,47.0,1.45
22961,2011-04-05,26.0,3.29
22961,2011-04-07,17.0,1.45
22961,2011-04-08,12.0,1.45
22961,2011-04-10,17.0,1.45
22961,2011-04-12,1.0,1.45
22961,2011-04-15,2.0,3.29
22961,2011-04-18,5.0,1.45
22961,2011-04-19,3.0,1.45
22961,2011-04-21,1.0,3.29
22961,2011-04-26,3.0,1.45
22961,2011-05-03,1.0,1.45
22961,2011-05-09,5.0,1.45
22961,2011-05-10,96.0,1.25
22961,2011-05-11,27.0,1.45
22961,2011-05-12,2.0,3.29
22961,2011-05-13,113.0,1.45
22961,2011-05-16,24.0,1.45
22961,2011-05-17,1.0,3.29
22961,2011-05-18,12.0,1.45
22961,2011-05-19,77.0,1.45
22961,2011-05-20,120.0,1.45
22961,2011-05-22,36.0,1.45
22961,2011-05-23,12.0,1.45
22961,2011-05-24,24.0,1.45
22961,2011-05-25,25.0,1.45
22961,2011-05-26,12.0,1.45
22961,2011-05-27,36.0,1.45
22961,2011-05-29,2.0,1.45
22961,2011-05-31,1.0,3.29
22961,2011-06-01,36.0,1.45
22961,2011-06-02,16.0,3.29
22961,2011-06-03,2.0,1.45
22961,2011-06-05,14.0,1.45
22961,2011-06-06,36.0,1.45
22961,2011-06-07,32.0,1.45
22961,2011-06-08,16.0,3.29
22961,2011-06-09,82.0,1.45
22961,2011-06-10,13.0,1.45
22961,2011-06-12,9.0,1.45
22961,2011-06-13,42.0,1.45
22961,2011-06-14,24.0,1.45
22961,2011-06-15,13.0,3.29
22961,2011-06-16,13.0,3.29
22961,2011-06-17,12.0,1.45
22961,2011-06-19,42.0,1.45
22961,2011-06-20,19.0,3.29
22961,2011-06-21,4.0,1.45
22961,2011-06-23,62.0,1.45
22961,2011-06-24,3.0,1.45
22961,2011-06-26,4.0,1.45
22961,2011-06-27,25.0,1.45
22961,2011-06-28,14.0,1.45
22961,2011-06-29,2.0,3.29
22961,2011-06-30,57.0,1.45
22961,2011-07-01,125.0,1.45
22961,2011-07-03,3.0,1.45
22961,2011-07-04,45.0,3.29
22961,2011-07-05,19.0,3.29
22961,2011-07-06,16.0,3.29
22961,2011-07-07,26.0,1.45
22961,2011-07-08,3.0,3.29
22961,2011-07-10,2.0,1.45
22961,2011-07-11,2.0,3.29
22961,2011-07-12,45.0,1.45
22961,2011-07-13,37.0,1.45
22961,2011-07-14,5.0,1.45
22961,2011-07-15,13.0,3.29
22961,2011-07-17,31.0,1.45
22961,2011-07-18,43.0,3.29
22961,2011-07-19,34.0,1.45
22961,2011-07-20,18.0,1.45
22961,2011-07-21,36.0,1.45
22961,2011-07-22,26.0,1.45
22961,2011-07-24,24.0,1.45
22961,2011-07-25,28.0,3.29
22961,2011-07-26,4.0,3.29
22961,2011-07-27,26.0,3.29
22961,2011-07-28,33.0,1.45
22961,2011-07-29,13.0,3.29
22961,2011-07-31,4.0,1.45
22961,2011-08-01,12.0,1.45
22961,2011-08-02,73.0,1.45
22961,2011-08-03,27.0,1.45
22961,2011-08-04,6.0,1.45
22961,2011-08-05,481.0,1.25
22961,2011-08-08,25.0,1.45
22961,2011-08-09,25.0,1.45
22961,2011-08-10,1.0,3.29
22961,2011-08-11,63.0,1.45
22961,2011-08-12,32.0,1.45
22961,2011-08-14,13.0,1.45
22961,2011-08-15,28.0,1.45
22961,2011-08-16,12.0,1.45
22961,2011-08-17,26.0,1.45
22961,2011-08-18,12.0,1.45
22961,2011-08-21,16.0,1.45
22961,2011-08-22,61.0,1.45
22961,2011-08-23,13.0,1.45
22961,2011-08-24,201.0,1.45
22961,2011-08-25,2.0,1.45
22961,2011-08-26,12.0,1.45
22961,2011-08-28,25.0,1.45
22961,2011-08-30,13.0,3.29
22961,2011-08-31,25.0,3.29
22961,2011-09-01,14.0,1.45
22961,2011-09-02,51.0,3.29
22961,2011-09-04,63.0,1.45
22961,2011-09-05,12.0,1.45
22961,2011-09-06,12.0,1.45
22961,2011-09-07,19.0,3.29
22961,2011-09-08,14.0,3.29
22961,2011-09-09,58.0,1.45
22961,2011-09-11,312.0,1.45
22961,2011-09-12,31.0,1.45
22961,2011-09-13,52.0,1.45
22961,2011-09-14,63.0,1.45
22961,2011-09-15,38.0,3.29
22961,2011-09-16,49.0,1.45
22961,2011-09-18,2.0,1.45
22961,2011-09-19,37.0,1.45
22961,2011-09-20,113.0,1.45
22961,2011-09-21,104.0,1.45
22961,2011-09-22,40.0,1.45
22961,2011-09-23,47.0,1.45
22961,2011-09-25,16.0,1.45
22961,2011-09-26,2.0,3.29
22961,2011-09-27,54.0,1.45
22961,2011-09-28,31.0,1.45
22961,2011-09-29,43.0,1.45
22961,2011-09-30,16.0,3.29
22961,2011-10-02,24.0,1.45
22961,2011-10-03,17.0,3.29
22961,2011-10-04,16.0,3.29
22961,2011-10-05,25.0,1.45
22961,2011-10-06,100.0,1.45
22961,2011-10-07,205.0,1.45
22961,2011-10-09,6.0,1.45
22961,2011-10-10,22.0,3.29
22961,2011-10-11,210.0,3.29
22961,2011-10-12,13.0,3.29
22961,2011-10-13,7.0,3.29
22961,2011-10-14,77.0,1.45
22961,2011-10-16,52.0,1.45
22961,2011-10-17,42.0,3.29
22961,2011-10-18,8.0,3.29
22961,2011-10-19,12.0,3.29
22961,2011-10-20,24.0,1.45
22961,2011-10-23,36.0,1.45
22961,2011-10-24,16.0,3.29
22961,2011-10-25,39.0,1.45
22961,2011-10-26,4.0,3.29
22961,2011-10-27,38.0,1.45
22961,2011-10-30,5.0,1.45
22961,2011-10-31,129.0,3.29
22961,2011-11-01,108.0,1.45
22961,2011-11-02,29.0,3.29
22961,2011-11-03,30.0,1.45
22961,2011-11-04,26.0,3.29
22961,2011-11-06,26.0,1.45
22961,2011-11-07,97.0,3.95
22961,2011-11-08,40.0,3.29
22961,2011-11-09,26.0,1.45
22961,2011-11-10,79.0,1.45
22961,2011-11-11,8.0,3.29
22961,2011-11-13,3.0,3.29
22961,2011-11-14,149.0,3.29
22961,2011-11-15,23.0,3.29
22961,2011-11-16,26.0,3.29
22961,2011-11-17,43.0,1.45
22961,2011-11-18,38.0,1.45
22961,2011-11-20,4.0,3.29
22961,2011-11-21,200.0,1.45
22961,2011-11-22,17.0,3.29
22961,2011-11-23,151.0,1.45
22961,2011-11-24,19.0,3.29
22961,2011-11-25,35.0,3.29
22961,2011-11-27,10.0,1.45
22961,2011-11-28,52.0,3.29
22961,2011-11-29,48.0,3.29
22961,2011-11-30,60.0,3.29
22961,2011-12-01,33.0,1.45
22961,2011-12-02,48.0,1.45
22961,2011-12-04,4.0,1.45
22961,2011-12-05,102.0,3.29
22961,2011-12-06,36.0,1.45
22961,2011-12-07,663.0,1.45
22961,2011-12-08,81.0,3.29
22961,2011-12-09,13.0,3.29
47566,2010-12-03,11.0,9.32
47566,2010-12-05,3.0,4.65
47566,2010-12-06,17.0,4.65
47566,2010-12-07,4.0,9.32
47566,2010-12-08,59.0,4.65
47566,2010-12-09,62.0,8.47
47566,2010-12-10,2.0,8.47
47566,2010-12-13,7.0,8.47
47566,2010-12-14,9.0,4.65
47566,2010-12-16,5.0,4.65
47566,2010-12-17,2.0,8.47
47566,2010-12-19,5.0,4.65
47566,2010-12-20,13.0,4.65
47566,2010-12-21,8.0,9.32
47566,2010-12-22,3.0,4.65
47566,2011-01-04,66.0,4.65
47566,2011-01-05,50.0,3.75
47566,2011-01-06,18.0,4.65
47566,2011-01-07,11.0,4.65
47566,2011-01-11,16.0,4.65
47566,2011-01-12,23.0,4.65
47566,2011-01-13,12.0,8.29
47566,2011-01-14,14.0,9.13
47566,2011-01-17,19.0,8.29
47566,2011-01-18,8.0,8.29
47566,2011-01-19,5.0,4.65
47566,2011-01-20,7.0,8.29
47566,2011-01-21,12.0,10.79
47566,2011-01-23,13.0,4.65
47566,2011-01-24,7.0,10.79
47566,2011-01-25,71.0,4.65
47566,2011-01-26,5.0,4.65
47566,2011-01-28,53.0,10.79
47566,2011-01-30,5.0,4.65
47566,2011-01-31,16.0,4.65
47566,2011-02-01,113.0,4.65
47566,2011-02-02,11.0,9.13
47566,2011-02-03,15.0,4.65
47566,2011-02-04,58.0,4.95
47566,2011-02-06,19.0,4.95
47566,2011-02-07,12.0,4.95
47566,2011-02-08,11.0,4.95
47566,2011-02-09,5.0,10.79
47566,2011-02-10,37.0,4.95
47566,2011-02-11,114.0,4.95
47566,2011-02-13,4.0,4.95
47566,2011-02-14,4.0,4.95
47566,2011-02-15,6.0,4.95
47566,2011-02-16,143.0,4.95
47566,2011-02-17,12.0,4.95
47566,2011-02-18,10.0,10.79
47566,2011-02-20,5.0,4.95
47566,2011-02-22,16.0,4.95
47566,2011-02-23,70.0,4.95
47566,2011-02-24,25.0,4.95
47566,2011-02-25,19.0,4.95
47566,2011-02-27,27.0,4.95
47566,2011-02-28,61.0,4.96
47566,2011-03-01,26.0,4.95
47566,2011-03-02,76.0,4.95
47566,2011-03-03,54.0,4.95
47566,2011-03-04,15.0,4.96
47566,2011-03-06,9.0,4.95
47566,2011-03-07,42.0,4.95
47566,2011-03-08,21.0,4.95
47566,2011-03-09,11.0,4.95
47566,2011-03-10,23.0,4.95
47566,2011-03-11,90.0,4.95
47566,2011-03-13,2.0,4.95
47566,2011-03-14,81.0,4.95
47566,2011-03-15,21.0,4.95
47566,2011-03-16,95.0,4.95
47566,2011-03-17,161.0,4.95
47566,2011-03-18,90.0,4.95
47566,2011-03-20,146.0,4.95
47566,2011-03-21,28.0,4.95
47566,2011-03-22,81.0,4.95
47566,2011-03-23,123.0,4.95
47566,2011-03-24,17.0,4.95
47566,2011-03-25,28.0,4.95
47566,2011-03-27,36.0,4.95
47566,2011-03-28,34.0,4.95
47566,2011-03-29,172.0,4.95
47566,2011-03-30,129.0,4.95
47566,2011-03-31,11.0,10.79
47566,2011-04-01,17.0,4.95
47566,2011-04-03,13.0,4.95
47566,2011-04-04,43.0,4.95
47566,2011-04-05,31.0,4.95
47566,2011-04-06,60.0,4.95
47566,2011-04-07,124.0,4.95
47566,2011-04-08,171.0,4.95
47566,2011-04-10,31.0,4.95
47566,2011-04-11,127.0,4.95
47566,2011-04-12,123.0,4.95
47566,2011-04-13,30.0,4.95
47566,2011-04-14,149.0,4.95
47566,2011-04-15,85.0,4.95
47566,2011-04-17,20.0,4.95
47566,2011-04-18,91.0,10.79
47566,2011-04-19,99.0,4.95
47566,2011-04-20,247.0,4.95
47566,2011-04-21,203.0,4.95
47566,2011-04-26,125.0,4.95
47566,2011-04-27,107.0,4.95
47566,2011-04-28,19.0,4.95
47566,2011-05-01,19.0,4.95
47566,2011-05-03,279.0,4.95
47566,2011-05-04,217.0,4.95
47566,2011-05-05,143.0,4.95
47566,2011-05-06,124.0,4.95
47566,2011-05-08,201.0,4.95
47566,2011-05-09,146.0,4.95
47566,2011-05-10,338.0,4.95
47566,2011-05-11,61.0,4.95
47566,2011-05-12,158.0,4.95
47566,2011-05-13,45.0,10.79
47566,2011-05-15,8.0,4.95
47566,2011-05-16,88.0,4.95
47566,2011-05-17,95.0,4.95
47566,2011-05-18,58.0,4.95
47566,2011-05-19,85.0,4.95
47566,2011-05-20,181.0,4.95
47566,2011-05-22,77.0,4.95
47566,2011-05-23,170.0,4.95
47566,2011-05-24,100.0,4.95
47566,2011-05-25,185.0,4.95
47566,2011-05-26,56.0,4.95
47566,2011-05-27,312.0,4.95
47566,2011-05-29,8.0,4.95
47566,2011-05-31,205.0,4.95
47566,2011-06-01,133.0,4.95
47566,2011-06-02,23.0,4.95
47566,2011-06-03,19.0,4.95
47566,2011-06-05,46.0,4.95
47566,2011-06-06,32.0,4.95
47566,2011-06-07,47.0,4.95
47566,2011-06-08,336.0,4.95
47566,2011-06-09,69.0,4.95
47566,2011-06-10,51.0,4.95
47566,2011-06-12,20.0,4.95
47566,2011-06-13,29.0,4.95
47566,2011-06-14,143.0,4.95
47566,2011-06-15,94.0,4.95
47566,2011-06-16,34.0,4.95
47566,2011-06-17,115.0,4.95
47566,2011-06-19,76.0,4.95
47566,2011-06-20,309.0,4.95
47566,2011-06-21,98.0,4.95
47566,2011-06-22,39.0,4.95
47566,2011-06-23,51.0,4.95
47566,2011-06-24,89.0,4.95
47566,2011-06-27,16.0,4.95
47566,2011-06-28,103.0,4.95
47566,2011-06-29,32.0,4.95
47566,2011-06-30,49.0,4.95
47566,2011-07-01,24.0,4.95
47566,2011-07-03,24.0,4.95
47566,2011-07-04,66.0,4.95
47566,2011-07-05,239.0,4.95
47566,2011-07-06,31.0,4.95
47566,2011-07-07,294.0,4.95
47566,2011-07-08,249.0,4.95
47566,2011-07-10,2.0,4.95
47566,2011-07-11,134.0,4.95
47566,2011-07-12,38.0,4.95
47566,2011-07-13,30.0,4.95
47566,2011-07-14,50.0,4.95
47566,2011-07-15,77.0,4.95
47566,2011-07-17,17.0,4.95
47566,2011-07-18,79.0,4.95
47566,2011-07-19,243.0,4.95
47566,2011-07-20,250.0,4.95
47566,2011-07-21,132.0,4.95
47566,2011-07-22,111.0,4.95
47566,2011-07-24,28.0,4.95
47566,2011-07-25,32.0,4.95
47566,2011-07-26,118.0,4.95
47566,2011-07-27,131.0,4.95
47566,2011-07-28,106.0,4.95
47566,2011-07-29,53.0,4.95
47566,2011-07-31,26.0,4.95
47566,2011-08-01,25.0,4.95
47566,2011-08-02,94.0,10.79
47566,2011-08-03,53.0,4.95
47566,2011-08-04,221.0,4.95
47566,2011-08-05,23.0,4.95
47566,2011-08-07,15.0,4.95
47566,2011-08-08,57.0,4.95
47566,2011-08-09,50.0,4.95
47566,2011-08-10,134.0,4.95
47566,2011-08-11,30.0,4.95
47566,2011-08-12,1.0,10.79
47566,2011-08-15,16.0,4.95
47566,2011-08-16,70.0,4.95
47566,2011-08-17,115.0,4.95
47566,2011-08-18,12.0,4.95
47566,2011-08-19,30.0,4.95
47566,2011-08-21,43.0,4.95
47566,2011-08-22,28.0,4.95
47566,2011-08-23,91.0,4.95
47566,2011-08-24,137.0,4.95
47566,2011-08-25,124.0,4.95
47566,2011-08-26,50.0,4.95
47566,2011-08-28,6.0,4.95
47566,2011-08-30,60.0,10.79
47566,2011-08-31,1.0,10.79
47566,2011-09-01,56.0,4.95
47566,2011-09-02,43.0,10.79
47566,2011-09-04,27.0,4.95
47566,2011-09-05,38.0,4.95
47566,2011-09-06,91.0,4.95
47566,2011-09-07,9.0,10.79
47566,2011-09-08,8.0,4.95
47566,2011-09-09,51.0,4.95
47566,2011-09-11,27.0,4.95
47566,2011-09-12,19.0,4.95
47566,2011-09-13,89.0,4.95
47566,2011-09-14,25.0,4.95
47566,2011-09-15,164.0,4.95
47566,2011-09-16,22.0,4.95
47566,2011-09-18,15.0,4.95
47566,2011-09-19,4.0,4.95
47566,2011-09-20,17.0,10.79
47566,2011-09-21,13.0,10.79
47566,2011-09-22,49.0,4.95
47566,2011-09-23,26.0,4.95
47566,2011-09-25,18.0,4.95
47566,2011-09-26,11.0,4.95
47566,2011-09-27,48.0,4.95
47566,2011-09-28,74.0,4.95
47566,2011-09-29,24.0,4.95
47566,2011-09-30,30.0,4.95
47566,2011-10-02,10.0,4.95
47566,2011-10-03,29.0,4.95
47566,2011-10-04,36.0,4.95
47566,2011-10-05,31.0,4.95
47566,2011-10-06,18.0,4.95
47566,2011-10-07,56.0,4.95
47566,2011-10-10,2.0,4.95
47566,2011-10-11,28.0,4.95
47566,2011-10-12,16.0,4.95
47566,2011-10-13,25.0,4.95
47566,2011-10-14,17.0,10.79
47566,2011-10-16,14.0,4.95
47566,2011-10-17,11.0,4.95
47566,2011-10-18,136.0,4.95
47566,2011-10-19,10.0,4.95
47566,2011-10-20,24.0,4.95
47566,2011-10-21,22.0,4.95
47566,2011-10-24,2.0,4.95
47566,2011-10-25,27.0,4.95
47566,2011-10-26,7.0,4.95
47566,2011-10-27,28.0,4.95
47566,2011-10-28,9.0,10.79
47566,2011-10-30,5.0,4.95
47566,2011-10-31,32.0,4.95
47566,2011-11-01,5.0,4.95
47566,2011-11-02,8.0,4.95
47566,2011-11-03,4.0,4.95
47566,2011-11-04,39.0,10.79
47566,2011-11-06,14.0,4.95
47566,2011-11-07,18.0,4.95
47566,2011-11-08,14.0,10.79
47566,2011-11-09,29.0,4.95
47566,2011-11-10,40.0,4.95
47566,2011-11-11,28.0,4.95
47566,2011-11-13,6.0,4.95
47566,2011-11-14,3.0,4.95
47566,2011-11-15,58.0,4.95
47566,2011-11-16,12.0,4.95
47566,2011-11-17,18.0,4.95
47566,2011-11-18,16.0,10.79
47566,2011-11-20,2.0,4.95
47566,2011-11-21,320.0,4.95
47566,2011-11-22,13.0,10.79
47566,2011-11-23,32.0,4.95
47566,2011-11-24,56.0,4.95
47566,2011-11-25,27.0,4.95
47566,2011-11-27,3.0,10.79
47566,2011-11-28,9.0,10.79
47566,2011-11-29,10.0,4.95
47566,2011-11-30,19.0,4.95
47566,2011-12-01,8.0,4.95
47566,2011-12-02,36.0,4.95
47566,2011-12-04,19.0,4.95
47566,2011-12-05,16.0,4.95
47566,2011-12-06,9.0,10.79
47566,2011-12-07,3.0,4.95
47566,2011-12-08,22.0,4.95
47566,2011-12-09,7.0,10.79
82482,2010-12-01,24.0,2.1
82482,2010-12-02,72.0,2.1
82482,2010-12-03,1.0,5.06
82482,2010-12-05,39.0,2.55
82482,2010-12-06,16.0,5.06
82482,2010-12-07,20.0,5.06
82482,2010-12-08,39.0,2.55
82482,2010-12-09,22.0,2.55
82482,2010-12-10,15.0,2.55
82482,2010-12-12,6.0,2.55
82482,2010-12-13,105.0,2.55
82482,2010-12-14,17.0,2.55
82482,2010-12-15,20.0,2.55
82482,2010-12-16,70.0,2.55
82482,2010-12-17,26.0,5.06
82482,2010-12-19,12.0,2.55
82482,2010-12-20,5.0,5.06
82482,2010-12-22,14.0,2.55
82482,2011-01-06,82.0,2.55
82482,2011-01-07,6.0,2.55
82482,2011-01-09,13.0,2.55
82482,2011-01-10,19.0,2.55
82482,2011-01-11,13.0,2.55
82482,2011-01-12,1.0,2.55
82482,2011-01-13,40.0,4.96
82482,2011-01-14,1.0,2.55
82482,2011-01-16,2.0,2.55
82482,2011-01-17,34.0,2.55
82482,2011-01-18,1.0,4.96
82482,2011-01-19,3.0,4.96
82482,2011-01-20,20.0,2.55
82482,2011-01-23,6.0,2.55
82482,2011-01-24,37.0,4.96
82482,2011-01-25,18.0,4.96
82482,2011-01-26,1.0,2.55
82482,2011-01-27,18.0,2.55
82482,2011-01-28,18.0,2.55
82482,2011-01-30,12.0,2.55
82482,2011-01-31,9.0,2.55
82482,2011-02-01,72.0,2.1
82482,2011-02-02,20.0,4.96
82482,2011-02-03,24.0,2.55
82482,2011-02-04,40.0,4.96
82482,2011-02-06,8.0,2.55
82482,2011-02-07,13.0,2.55
82482,2011-02-08,12.0,4.96
82482,2011-02-09,41.0,4.96
82482,2011-02-10,14.0,2.55
82482,2011-02-11,8.0,2.55
82482,2011-02-13,5.0,2.55
82482,2011-02-14,80.0,2.55
82482,2011-02-15,23.0,2.55
82482,2011-02-16,16.0,2.55
82482,2011-02-17,9.0,2.55
82482,2011-02-21,7.0,4.96
82482,2011-02-22,12.0,2.55
82482,2011-02-23,9.0,4.96
82482,2011-02-24,6.0,2.55
82482,2011-02-25,13.0,2.55
82482,2011-02-27,16.0,2.55
82482,2011-02-28,9.0,2.55
82482,2011-03-01,13.0,2.55
82482,2011-03-02,6.0,2.55
82482,2011-03-03,6.0,4.96
82482,2011-03-04,41.0,2.55
82482,2011-03-06,11.0,2.55
82482,2011-03-07,27.0,4.96
82482,2011-03-08,34.0,2.55
82482,2011-03-09,9.0,2.55
82482,2011-03-10,17.0,2.55
82482,2011-03-11,1.0,2.55
82482,2011-03-13,7.0,2.55
82482,2011-03-14,26.0,2.55
82482,2011-03-15,10.0,4.96
82482,2011-03-16,19.0,2.55
82482,2011-03-17,23.0,2.55
82482,2011-03-18,147.0,4.96
82482,2011-03-20,24.0,2.55
82482,2011-03-21,5.0,2.55
82482,2011-03-22,57.0,2.55
82482,2011-03-23,12.0,2.55
82482,2011-03-24,42.0,2.55
82482,2011-03-25,21.0,2.55
82482,2011-03-27,38.0,2.55
82482,2011-03-28,14.0,2.55
82482,2011-03-29,6.0,2.55
82482,2011-03-30,3.0,2.55
82482,2011-03-31,77.0,2.55
82482,2011-04-01,14.0,2.55
82482,2011-04-03,42.0,2.55
82482,2011-04-04,28.0,2.55
82482,2011-04-05,9.0,2.55
82482,2011-04-06,6.0,2.55
82482,2011-04-07,14.0,2.55
82482,2011-04-08,24.0,2.55
82482,2011-04-10,32.0,2.55
82482,2011-04-11,48.0,2.55
82482,2011-04-12,42.0,2.55
82482,2011-04-13,8.0,2.55
82482,2011-04-14,18.0,2.55
82482,2011-04-15,65.0,2.55
82482,2011-04-17,40.0,2.55
82482,2011-04-18,29.0,2.55
82482,2011-04-19,3.0,4.96
82482,2011-04-20,10.0,2.55
82482,2011-04-21,22.0,2.55
82482,2011-04-26,9.0,4.96
82482,2011-04-27,10.0,2.55
82482,2011-04-28,12.0,2.55
82482,2011-05-01,24.0,2.55
82482,2011-05-03,1.0,4.96
82482,2011-05-04,24.0,2.55
82482,2011-05-05,54.0,2.55
82482,2011-05-06,26.0,2.55
82482,2011-05-08,24.0,2.55
82482,2011-05-09,48.0,2.55
82482,2011-05-10,109.0,4.96
82482,2011-05-11,43.0,2.55
82482,2011-05-12,18.0,2.55
82482,2011-05-13,24.0,2.55
82482,2011-05-15,1.0,2.55
82482,2011-05-16,13.0,2.55
82482,2011-05-17,162.0,2.55
82482,2011-05-18,18.0,2.55
82482,2011-05-19,35.0,2.55
82482,2011-05-20,21.0,2.55
82482,2011-05-22,42.0,2.55
82482,2011-05-23,41.0,2.55
82482,2011-05-24,94.0,2.55
82482,2011-05-25,27.0,2.55
82482,2011-05-26,8.0,2.55
82482,2011-05-27,38.0,4.96
82482,2011-05-29,6.0,2.55
82482,2011-05-31,15.0,2.55
82482,2011-06-01,12.0,2.55
82482,2011-06-02,90.0,2.55
82482,2011-06-03,60.0,2.55
82482,2011-06-05,34.0,2.55
82482,2011-06-06,23.0,2.55
82482,2011-06-07,34.0,2.55
82482,2011-06-08,70.0,4.96
82482,2011-06-09,14.0,2.55
82482,2011-06-10,9.0,2.55
82482,2011-06-12,13.0,2.55
82482,2011-06-13,1.0,2.55
82482,2011-06-15,10.0,4.96
82482,2011-06-16,55.0,2.55
82482,2011-06-17,16.0,2.55
82482,2011-06-19,17.0,2.55
82482,2011-06-20,5.0,4.96
82482,2011-06-21,9.0,4.96
82482,2011-06-22,6.0,2.55
82482,2011-06-23,21.0,2.55
82482,2011-06-24,19.0,2.55
82482,2011-06-26,4.0,2.55
82482,2011-06-27,84.0,2.55
82482,2011-06-28,26.0,4.96
82482,2011-06-29,15.0,2.55
82482,2011-06-30,31.0,2.55
82482,2011-07-01,9.0,4.96
82482,2011-07-03,1.0,2.55
82482,2011-07-04,13.0,2.55
82482,2011-07-05,7.0,5.79
82482,2011-07-06,27.0,2.55
82482,2011-07-07,6.0,2.55
82482,2011-07-08,9.0,5.79
82482,2011-07-10,5.0,2.55
82482,2011-07-11,78.0,2.55
82482,2011-07-12,9.0,2.55
82482,2011-07-13,30.0,2.55
82482,2011-07-14,8.0,2.55
82482,2011-07-15,15.0,2.55
82482,2011-07-17,3.0,2.55
82482,2011-07-18,91.0,2.55
82482,2011-07-19,66.0,2.55
82482,2011-07-20,13.0,2.55
82482,2011-07-21,34.0,4.96
82482,2011-07-22,26.0,2.55
82482,2011-07-24,140.0,2.55
82482,2011-07-25,14.0,2.55
82482,2011-07-26,7.0,2.55
82482,2011-07-27,9.0,2.55
82482,2011-07-28,248.0,2.55
82482,2011-07-29,21.0,2.55
82482,2011-07-31,7.0,2.55
82482,2011-08-01,28.0,2.55
82482,2011-08-02,55.0,2.55
82482,2011-08-03,23.0,2.55
82482,2011-08-04,46.0,2.55
82482,2011-08-05,76.0,2.55
82482,2011-08-07,6.0,2.55
82482,2011-08-08,18.0,2.55
82482,2011-08-09,8.0,2.55
82482,2011-08-10,48.0,2.55
82482,2011-08-11,57.0,4.96
82482,2011-08-12,20.0,2.55
82482,2011-08-14,36.0,2.1
82482,2011-08-15,6.0,2.55
82482,2011-08-16,24.0,2.55
82482,2011-08-17,23.0,2.55
82482,2011-08-18,6.0,2.55
82482,2011-08-19,12.0,2.55
82482,2011-08-21,15.0,2.55
82482,2011-08-22,32.0,2.55
82482,2011-08-23,36.0,2.55
82482,2011-08-24,145.0,2.55
82482,2011-08-25,41.0,2.55
82482,2011-08-28,18.0,2.55
82482,2011-08-30,37.0,2.55
82482,2011-08-31,7.0,4.96
82482,2011-09-01,2.0,2.95
82482,2011-09-02,338.0,2.95
82482,2011-09-04,6.0,2.95
82482,2011-09-05,21.0,2.95
82482,2011-09-07,11.0,2.95
82482,2011-09-08,6.0,2.95
82482,2011-09-09,36.0,2.55
82482,2011-09-11,36.0,2.95
82482,2011-09-12,18.0,2.95
82482,2011-09-13,53.0,2.95
82482,2011-09-14,14.0,2.95
82482,2011-09-15,12.0,2.95
82482,2011-09-16,37.0,2.95
82482,2011-09-18,54.0,2.95
82482,2011-09-19,20.0,2.95
82482,2011-09-20,24.0,2.95
82482,2011-09-22,29.0,2.95
82482,2011-09-23,103.0,2.95
82482,2011-09-25,32.0,2.95
82482,2011-09-26,12.0,2.95
82482,2011-09-27,18.0,2.95
82482,2011-09-28,56.0,2.95
82482,2011-09-29,21.0,2.95
82482,2011-09-30,11.0,2.95
82482,2011-10-02,25.0,2.95
82482,2011-10-03,5.0,5.79
82482,2011-10-04,54.0,2.95
82482,2011-10-05,12.0,2.95
82482,2011-10-06,72.0,2.1
82482,2011-10-07,5.0,2.95
82482,2011-10-10,19.0,4.96
82482,2011-10-11,13.0,2.95
82482,2011-10-12,1.0,5.79
82482,2011-10-13,4.0,4.96
82482,2011-10-14,7.0,2.95
82482,2011-10-16,2.0,2.95
82482,2011-10-17,38.0,2.95
82482,2011-10-19,50.0,2.95
82482,2011-10-20,27.0,2.95
82482,2011-10-21,162.0,1.92
82482,2011-10-23,15.0,2.95
82482,2011-10-24,3.0,2.95
82482,2011-10-25,15.0,2.95
82482,2011-10-26,16.0,2.95
82482,2011-10-27,43.0,2.95
82482,2011-10-28,19.0,2.95
82482,2011-10-30,33.0,2.95
82482,2011-10-31,64.0,2.95
82482,2011-11-01,15.0,2.95
82482,2011-11-02,70.0,2.95
82482,2011-11-03,92.0,2.95
82482,2011-11-04,233.0,2.95
82482,2011-11-06,38.0,2.95
82482,2011-11-07,8.0,2.95
82482,2011-11-08,28.0,2.95
82482,2011-11-09,12.0,2.95
82482,2011-11-10,54.0,2.95
82482,2011-11-11,36.0,2.55
82482,2011-11-13,49.0,2.95
82482,2011-11-14,118.0,2.95
82482,2011-11-15,2.0,5.79
82482,2011-11-16,8.0,2.95
82482,2011-11-17,18.0,2.95
82482,2011-11-18,8.0,2.95
82482,2011-11-20,21.0,2.95
82482,2011-11-21,21.0,2.95
82482,2011-11-22,16.0,2.95
82482,2011-11-23,40.0,2.95
82482,2011-11-24,17.0,2.95
82482,2011-11-25,13.0,2.95
82482,2011-11-27,17.0,2.95
82482,2011-11-28,73.0,2.55
82482,2011-11-29,23.0,4.96
82482,2011-11-30,50.0,4.96
82482,2011-12-01,49.0,2.95
82482,2011-12-02,6.0,2.95
82482,2011-12-04,15.0,2.95
82482,2011-12-05,15.0,4.96
82482,2011-12-06,8.0,2.95
82482,2011-12-07,42.0,2.95
82482,2011-12-08,10.0,2.95
82482,2011-12-09,4.0,4.96
84879,2010-12-01,224.0,1.69
84879,2010-12-02,503.0,1.69
84879,2010-12-03,48.0,1.69
84879,2010-12-05,129.0,1.69
84879,2010-12-06,130.0,1.69
84879,2010-12-07,271.0,1.69
84879,2010-12-08,91.0,1.69
84879,2010-12-09,120.0,1.69
84879,2010-12-10,32.0,1.69
84879,2010-12-12,25.0,1.69
84879,2010-12-13,82.0,1.69
84879,2010-12-14,204.0,1.69
84879,2010-12-15,120.0,1.69
84879,2010-12-16,160.0,1.69
84879,2010-12-17,40.0,3.19
84879,2010-12-19,8.0,1.69
84879,2010-12-21,16.0,1.69
84879,2011-01-04,72.0,1.69
84879,2011-01-05,232.0,1.69
84879,2011-01-06,88.0,1.69
84879,2011-01-07,24.0,1.69
84879,2011-01-09,64.0,1.69
84879,2011-01-10,88.0,1.69
84879,2011-01-11,216.0,1.69
84879,2011-01-12,32.0,1.69
84879,2011-01-13,38.0,1.69
84879,2011-01-14,24.0,1.69
84879,2011-01-16,4.0,1.69
84879,2011-01-17,33.0,1.69
84879,2011-01-18,16.0,3.12
84879,2011-01-19,8.0,1.69
84879,2011-01-20,24.0,1.69
84879,2011-01-21,24.0,1.69
84879,2011-01-23,34.0,1.69
84879,2011-01-24,208.0,1.69
84879,2011-01-25,32.0,1.69
84879,2011-01-26,24.0,1.69
84879,2011-01-27,16.0,1.69
84879,2011-01-28,40.0,1.69
84879,2011-01-30,24.0,1.69
84879,2011-01-31,182.0,1.69
84879,2011-02-01,264.0,1.69
84879,2011-02-02,224.0,1.69
84879,2011-02-03,16.0,1.69
84879,2011-02-04,8.0,1.69
84879,2011-02-06,11.0,1.69
84879,2011-02-07,8.0,1.69
84879,2011-02-08,8.0,3.12
84879,2011-02-09,16.0,1.69
84879,2011-02-10,72.0,1.69
84879,2011-02-11,32.0,1.69
84879,2011-02-13,24.0,1.69
84879,2011-02-14,212.0,1.69
84879,2011-02-15,84.0,1.69
84879,2011-02-16,156.0,1.69
84879,2011-02-17,24.0,1.69
84879,2011-02-18,80.0,1.69
84879,2011-02-20,8.0,1.69
84879,2011-02-21,40.0,1.69
84879,2011-02-22,40.0,1.69
84879,2011-02-23,96.0,1.69
84879,2011-02-24,32.0,1.69
84879,2011-02-25,24.0,1.69
84879,2011-02-27,96.0,1.69
84879,2011-02-28,20.0,3.12
84879,2011-03-01,24.0,1.69
84879,2011-03-02,6.0,1.69
84879,2011-03-03,32.0,1.69
84879,2011-03-04,56.0,1.69
84879,2011-03-06,43.0,1.69
84879,2011-03-07,200.0,1.69
84879,2011-03-08,56.0,1.69
84879,2011-03-09,40.0,1.69
84879,2011-03-10,64.0,1.69
84879,2011-03-11,216.0,1.69
84879,2011-03-13,34.0,1.69
84879,2011-03-14,264.0,1.69
84879,2011-03-15,363.0,1.69
84879,2011-03-16,176.0,1.69
84879,2011-03-17,64.0,1.69
84879,2011-03-18,37.0,1.69
84879,2011-03-20,56.0,1.69
84879,2011-03-21,138.0,1.69
84879,2011-03-22,69.0,1.69
84879,2011-03-23,56.0,1.69
84879,2011-03-24,40.0,1.69
84879,2011-03-25,40.0,1.69
84879,2011-03-27,8.0,1.69
84879,2011-03-28,80.0,1.69
84879,2011-03-29,24.0,1.69
84879,2011-03-30,24.0,1.69
84879,2011-03-31,156.0,1.69
84879,2011-04-01,117.0,1.69
84879,2011-04-04,147.0,1.69
84879,2011-04-05,248.0,1.69
84879,2011-04-06,32.0,1.69
84879,2011-04-07,57.0,1.69
84879,2011-04-08,232.0,1.69
84879,2011-04-10,37.0,1.69
84879,2011-04-11,57.0,1.69
84879,2011-04-12,168.0,1.69
84879,2011-04-13,162.0,1.69
84879,2011-04-14,280.0,1.69
84879,2011-04-15,24.0,1.69
84879,2011-04-17,124.0,1.69
84879,2011-04-18,60.0,1.69
84879,2011-04-19,176.0,1.69
84879,2011-04-20,16.0,1.69
84879,2011-04-21,288.0,1.69
84879,2011-04-26,99.0,1.69
84879,2011-04-27,88.0,1.69
84879,2011-04-28,56.0,1.69
84879,2011-05-01,1.0,1.69
84879,2011-05-03,36.0,1.69
84879,2011-05-04,56.0,1.69
84879,2011-05-05,114.0,1.69
84879,2011-05-06,128.0,1.69
84879,2011-05-08,188.0,1.69
84879,2011-05-09,40.0,1.69
84879,2011-05-10,176.0,1.69
84879,2011-05-11,328.0,1.45
84879,2011-05-12,200.0,1.69
84879,2011-05-13,117.0,1.69
84879,2011-05-15,44.0,1.69
84879,2011-05-16,64.0,1.69
84879,2011-05-17,136.0,1.69
84879,2011-05-18,136.0,1.69
84879,2011-05-19,48.0,1.69
84879,2011-05-20,136.0,1.69
84879,2011-05-22,43.0,1.69
84879,2011-05-23,92.0,1.69
84879,2011-05-24,100.0,1.69
84879,2011-05-25,29.0,1.69
84879,2011-05-26,104.0,1.69
84879,2011-05-27,16.0,1.69
84879,2011-05-29,40.0,1.69
84879,2011-05-31,64.0,1.69
84879,2011-06-01,48.0,1.69
84879,2011-06-02,56.0,1.69
84879,2011-06-03,64.0,1.69
84879,2011-06-05,96.0,1.69
84879,2011-06-06,64.0,1.69
84879,2011-06-07,44.0,1.69
84879,2011-06-08,104.0,1.69
84879,2011-06-09,32.0,1.69
84879,2011-06-10,40.0,1.69
84879,2011-06-12,8.0,1.69
84879,2011-06-14,52.0,1.69
84879,2011-06-15,48.0,1.69
84879,2011-06-16,57.0,1.69
84879,2011-06-17,73.0,1.69
84879,2011-06-19,40.0,1.69
84879,2011-06-20,24.0,1.69
84879,2011-06-21,74.0,1.69
84879,2011-06-22,60.0,1.69
84879,2011-06-23,48.0,1.69
84879,2011-06-24,56.0,1.69
84879,2011-06-27,68.0,1.69
84879,2011-06-28,40.0,1.69
84879,2011-06-29,96.0,1.69
84879,2011-06-30,56.0,1.69
84879,2011-07-01,16.0,1.69
84879,2011-07-04,24.0,1.69
84879,2011-07-05,92.0,1.69
84879,2011-07-06,136.0,1.69
84879,2011-07-07,120.0,1.69
84879,2011-07-08,56.0,1.69
84879,2011-07-10,16.0,1.69
84879,2011-07-11,119.0,1.69
84879,2011-07-12,8.0,1.69
84879,2011-07-13,82.0,1.69
84879,2011-07-14,64.0,1.69
84879,2011-07-15,16.0,1.69
84879,2011-07-17,73.0,1.69
84879,2011-07-18,74.0,1.69
84879,2011-07-19,134.0,1.69
84879,2011-07-20,18.0,1.69
84879,2011-07-21,160.0,1.69
84879,2011-07-22,56.0,1.69
84879,2011-07-24,69.0,1.69
84879,2011-07-25,64.0,1.69
84879,2011-07-26,16.0,1.69
84879,2011-07-27,56.0,1.69
84879,2011-07-28,64.0,1.69
84879,2011-07-29,152.0,1.69
84879,2011-07-31,48.0,1.69
84879,2011-08-01,80.0,1.69
84879,2011-08-02,24.0,1.69
84879,2011-08-03,82.0,1.69
84879,2011-08-04,3359.0,1.69
84879,2011-08-05,86.0,1.69
84879,2011-08-07,161.0,1.69
84879,2011-08-08,128.0,1.69
84879,2011-08-09,48.0,1.69
84879,2011-08-10,88.0,1.69
84879,2011-08-11,1008.0,1.69
84879,2011-08-12,32.0,1.69
84879,2011-08-14,11.0,1.69
84879,2011-08-15,64.0,1.69
84879,2011-08-16,60.0,1.69
84879,2011-08-17,32.0,1.69
84879,2011-08-18,95.0,1.69
84879,2011-08-19,224.0,1.69
84879,2011-08-21,81.0,1.69
84879,2011-08-22,206.0,1.69
84879,2011-08-23,48.0,1.69
84879,2011-08-24,56.0,1.69
84879,2011-08-25,400.0,1.69
84879,2011-08-26,40.0,1.69
84879,2011-08-28,60.0,1.69
84879,2011-08-30,8.0,1.69
84879,2011-08-31,16.0,1.69
84879,2011-09-01,96.0,1.69
84879,2011-09-02,16.0,3.12
84879,2011-09-04,64.0,1.69
84879,2011-09-05,48.0,1.69
84879,2011-09-06,40.0,1.69
84879,2011-09-07,24.0,1.69
84879,2011-09-08,128.0,1.69
84879,2011-09-09,40.0,1.69
84879,2011-09-11,104.0,1.69
84879,2011-09-12,48.0,1.69
84879,2011-09-13,296.0,1.69
84879,2011-09-14,40.0,1.69
84879,2011-09-15,240.0,1.69
84879,2011-09-16,68.0,1.69
84879,2011-09-18,48.0,1.69
84879,2011-09-19,56.0,1.69
84879,2011-09-20,64.0,1.69
84879,2011-09-21,56.0,1.69
84879,2011-09-22,340.0,1.69
84879,2011-09-23,32.0,1.69
84879,2011-09-25,89.0,1.69
84879,2011-09-26,245.0,1.69
84879,2011-09-27,74.0,1.69
84879,2011-09-28,224.0,1.69
84879,2011-09-29,184.0,1.69
84879,2011-09-30,48.0,1.69
84879,2011-10-02,24.0,1.69
84879,2011-10-03,72.0,1.69
84879,2011-10-04,84.0,1.69
84879,2011-10-05,83.0,1.69
84879,2011-10-06,285.0,1.69
84879,2011-10-07,40.0,1.69
84879,2011-10-09,9.0,1.69
84879,2011-10-10,40.0,1.69
84879,2011-10-11,68.0,1.69
84879,2011-10-12,56.0,1.69
84879,2011-10-13,116.0,1.69
84879,2011-10-14,72.0,1.69
84879,2011-10-16,60.0,1.69
84879,2011-10-17,360.0,1.69
84879,2011-10-18,16.0,1.69
84879,2011-10-19,134.0,1.69
84879,2011-10-20,155.0,1.69
84879,2011-10-21,16.0,1.69
84879,2011-10-23,59.0,1.69
84879,2011-10-24,128.0,1.69
84879,2011-10-25,80.0,1.69
84879,2011-10-26,185.0,1.69
84879,2011-10-27,40.0,1.69
84879,2011-10-28,48.0,1.69
84879,2011-10-30,264.0,1.69
84879,2011-10-31,112.0,1.69
84879,2011-11-01,270.0,1.69
84879,2011-11-02,128.0,1.69
84879,2011-11-03,186.0,1.69
84879,2011-11-04,80.0,1.69
84879,2011-11-06,136.0,1.69
84879,2011-11-07,24.0,1.69
84879,2011-11-08,56.0,1.69
84879,2011-11-09,1312.0,1.69
84879,2011-11-10,200.0,1.69
84879,2011-11-11,100.0,1.69
84879,2011-11-13,48.0,1.69
84879,2011-11-14,303.0,1.69
84879,2011-11-15,107.0,1.69
84879,2011-11-16,137.0,1.69
84879,2011-11-17,78.0,1.69
84879,2011-11-18,368.0,1.69
84879,2011-11-20,109.0,1.69
84879,2011-11-21,190.0,1.69
84879,2011-11-22,132.0,1.69
84879,2011-11-23,80.0,1.69
84879,2011-11-24,275.0,1.69
84879,2011-11-25,272.0,1.69
84879,2011-11-27,8.0,1.69
84879,2011-11-28,56.0,1.69
84879,2011-11-29,127.0,1.69
84879,2011-11-30,112.0,1.69
84879,2011-12-01,88.0,1.69
84879,2011-12-02,504.0,1.69
84879,2011-12-04,66.0,1.69
84879,2011-12-05,133.0,1.69
84879,2011-12-06,240.0,1.69
84879,2011-12-07,256.0,1.69
84879,2011-12-08,11.0,3.12
84879,2011-12-09,32.0,3.12
84946,2010-12-01,58.0,2.51
84946,2010-12-02,241.0,1.25
84946,2010-12-03,32.0,2.51
84946,2010-12-05,139.0,1.25
84946,2010-12-06,374.0,1.25
84946,2010-12-07,132.0,2.51
84946,2010-12-08,136.0,1.25
84946,2010-12-09,111.0,1.25
84946,2010-12-10,74.0,1.25
84946,2010-12-12,30.0,1.25
84946,2010-12-13,202.0,1.25
84946,2010-12-14,32.0,1.25
84946,2010-12-15,84.0,1.25
84946,2010-12-16,144.0,1.25
84946,2010-12-17,154.0,2.51
84946,2010-12-19,30.0,1.25
84946,2010-12-20,42.0,2.51
84946,2010-12-21,25.0,2.51
84946,2010-12-23,18.0,2.51
84946,2011-01-04,78.0,1.25
84946,2011-01-05,24.0,1.25
84946,2011-01-06,60.0,1.25
84946,2011-01-07,133.0,1.25
84946,2011-01-09,33.0,1.25
84946,2011-01-10,20.0,2.51
84946,2011-01-11,72.0,1.06
84946,2011-01-13,2.0,2.46
84946,2011-01-14,3.0,2.46
84946,2011-01-17,35.0,2.46
84946,2011-01-18,80.0,2.46
84946,2011-01-19,96.0,1.25
84946,2011-01-20,12.0,1.25
84946,2011-01-21,2.0,2.46
84946,2011-01-23,12.0,1.25
84946,2011-01-24,5.0,2.46
84946,2011-01-25,96.0,1.25
84946,2011-01-27,12.0,1.25
84946,2011-01-28,16.0,2.46
84946,2011-01-31,30.0,1.25
84946,2011-02-01,84.0,1.25
84946,2011-02-02,12.0,1.25
84946,2011-02-03,8.0,2.46
84946,2011-02-04,26.0,2.46
84946,2011-02-07,38.0,2.46
84946,2011-02-08,231.0,1.25
84946,2011-02-09,23.0,2.46
84946,2011-02-10,84.0,1.25
84946,2011-02-11,37.0,1.25
84946,2011-02-14,8.0,1.25
84946,2011-02-15,47.0,2.46
84946,2011-02-16,84.0,1.25
84946,2011-02-17,84.0,1.25
84946,2011-02-18,2.0,2.46
84946,2011-02-21,6.0,2.46
84946,2011-02-22,24.0,1.25
84946,2011-02-23,2.0,2.46
84946,2011-02-24,72.0,1.06
84946,2011-02-25,56.0,1.25
84946,2011-02-28,60.0,2.46
84946,2011-03-01,30.0,1.25
84946,2011-03-02,96.0,1.25
84946,2011-03-03,16.0,2.46
84946,2011-03-04,23.0,1.25
84946,2011-03-06,6.0,1.25
84946,2011-03-07,18.0,2.46
84946,2011-03-08,52.0,2.46
84946,2011-03-09,12.0,1.25
84946,2011-03-10,3.0,2.46
84946,2011-03-13,6.0,1.25
84946,2011-03-14,12.0,1.25
84946,2011-03-15,30.0,2.46
84946,2011-03-16,84.0,1.25
84946,2011-03-17,159.0,1.25
84946,2011-03-18,39.0,1.25
84946,2011-03-20,72.0,1.06
84946,2011-03-21,48.0,1.25
84946,2011-03-22,97.0,1.25
84946,2011-03-23,96.0,1.25
84946,2011-03-24,36.0,1.25
84946,2011-03-25,24.0,2.46
84946,2011-03-27,66.0,1.25
84946,2011-03-29,27.0,2.46
84946,2011-03-30,24.0,1.25
84946,2011-03-31,74.0,2.46
84946,2011-04-01,36.0,1.25
84946,2011-04-04,7.0,2.46
84946,2011-04-05,79.0,1.25
84946,2011-04-06,1.0,2.46
84946,2011-04-07,13.0,2.46
84946,2011-04-08,96.0,1.25
84946,2011-04-11,55.0,1.25
84946,2011-04-12,24.0,1.25
84946,2011-04-14,108.0,1.25
84946,2011-04-15,17.0,2.46
84946,2011-04-17,36.0,1.25
84946,2011-04-18,144.0,2.46
84946,2011-04-19,65.0,2.46
84946,2011-04-20,24.0,1.25
84946,2011-04-21,26.0,1.25
84946,2011-04-26,26.0,1.25
84946,2011-04-27,15.0,2.46
84946,2011-04-28,108.0,1.25
84946,2011-05-01,12.0,1.25
84946,2011-05-03,46.0,1.25
84946,2011-05-04,6.0,1.25
84946,2011-05-05,159.0,1.25
84946,2011-05-06,127.0,1.25
84946,2011-05-08,42.0,1.25
84946,2011-05-09,2.0,2.46
84946,2011-05-10,24.0,1.25
84946,2011-05-11,36.0,1.25
84946,2011-05-12,108.0,1.25
84946,2011-05-15,72.0,1.06
84946,2011-05-16,2.0,2.46
84946,2011-05-17,24.0,1.25
84946,2011-05-18,170.0,1.25
84946,2011-05-19,83.0,1.25
84946,2011-05-20,114.0,1.25
84946,2011-05-22,18.0,1.25
84946,2011-05-23,41.0,1.25
84946,2011-05-24,74.0,1.25
84946,2011-05-25,144.0,1.06
84946,2011-05-26,108.0,1.25
84946,2011-05-27,228.0,1.25
84946,2011-05-31,96.0,1.25
84946,2011-06-01,100.0,1.25
84946,2011-06-02,9.0,2.46
84946,2011-06-03,28.0,1.25
84946,2011-06-05,36.0,1.25
84946,2011-06-06,90.0,1.25
84946,2011-06-07,260.0,2.46
84946,2011-06-08,121.0,1.25
84946,2011-06-09,75.0,1.25
84946,2011-06-10,24.0,1.25
84946,2011-06-12,6.0,1.25
84946,2011-06-13,116.0,1.25
84946,2011-06-14,132.0,1.25
84946,2011-06-15,3.0,2.46
84946,2011-06-16,7.0,2.46
84946,2011-06-17,12.0,1.25
84946,2011-06-19,24.0,1.25
84946,2011-06-20,47.0,2.46
84946,2011-06-21,16.0,2.46
84946,2011-06-23,72.0,1.06
84946,2011-06-24,15.0,2.46
84946,2011-06-26,6.0,1.25
84946,2011-06-27,216.0,1.06
84946,2011-06-30,12.0,1.25
84946,2011-07-01,144.0,1.06
84946,2011-07-04,98.0,2.46
84946,2011-07-05,22.0,2.46
84946,2011-07-06,106.0,1.25
84946,2011-07-07,163.0,1.25
84946,2011-07-08,70.0,2.46
84946,2011-07-10,4.0,1.25
84946,2011-07-11,12.0,1.25
84946,2011-07-12,20.0,2.46
84946,2011-07-14,36.0,1.25
84946,2011-07-15,16.0,2.46
84946,2011-07-17,12.0,1.25
84946,2011-07-18,48.0,1.25
84946,2011-07-19,36.0,1.25
84946,2011-07-20,12.0,1.25
84946,2011-07-21,313.0,1.25
84946,2011-07-22,56.0,1.25
84946,2011-07-24,42.0,1.25
84946,2011-07-25,45.0,1.25
84946,2011-07-26,3.0,2.46
84946,2011-07-27,15.0,2.46
84946,2011-07-29,72.0,1.25
84946,2011-07-31,24.0,1.25
84946,2011-08-01,14.0,2.46
84946,2011-08-02,72.0,1.06
84946,2011-08-03,288.0,1.06
84946,2011-08-04,113.0,2.46
84946,2011-08-05,78.0,1.25
84946,2011-08-07,12.0,1.25
84946,2011-08-08,98.0,1.25
84946,2011-08-09,10.0,2.46
84946,2011-08-10,16.0,2.46
84946,2011-08-11,31.0,2.46
84946,2011-08-12,8.0,2.46
84946,2011-08-17,456.0,1.25
84946,2011-08-18,48.0,1.25
84946,2011-08-19,36.0,1.25
84946,2011-08-22,36.0,1.25
84946,2011-08-23,12.0,1.25
84946,2011-08-25,42.0,1.25
84946,2011-08-26,168.0,1.25
84946,2011-08-28,6.0,1.25
84946,2011-08-30,19.0,2.46
84946,2011-08-31,25.0,2.46
84946,2011-09-01,72.0,1.25
84946,2011-09-02,56.0,2.46
84946,2011-09-04,12.0,1.25
84946,2011-09-05,12.0,1.25
84946,2011-09-06,72.0,1.06
84946,2011-09-07,28.0,2.46
84946,2011-09-08,87.0,1.25
84946,2011-09-09,12.0,1.25
84946,2011-09-11,36.0,1.25
84946,2011-09-12,12.0,1.25
84946,2011-09-13,4.0,2.46
84946,2011-09-14,27.0,2.46
84946,2011-09-15,72.0,1.25
84946,2011-09-19,36.0,1.25
84946,2011-09-20,158.0,1.25
84946,2011-09-21,33.0,2.46
84946,2011-09-22,24.0,1.25
84946,2011-09-23,34.0,2.46
84946,2011-09-25,192.0,1.06
84946,2011-09-26,60.0,2.46
84946,2011-09-28,84.0,1.25
84946,2011-09-29,136.0,1.25
84946,2011-09-30,80.0,1.25
84946,2011-10-02,18.0,1.25
84946,2011-10-03,66.0,1.25
84946,2011-10-04,64.0,1.25
84946,2011-10-05,75.0,1.25
84946,2011-10-06,87.0,1.25
84946,2011-10-07,44.0,1.25
84946,2011-10-09,6.0,1.25
84946,2011-10-10,280.0,1.25
84946,2011-10-11,75.0,1.25
84946,2011-10-12,91.0,1.25
84946,2011-10-13,13.0,2.46
84946,2011-10-14,4.0,1.25
84946,2011-10-16,12.0,1.25
84946,2011-10-17,48.0,1.25
84946,2011-10-18,41.0,1.25
84946,2011-10-19,197.0,1.25
84946,2011-10-20,96.0,1.25
84946,2011-10-21,24.0,1.25
84946,2011-10-23,6.0,1.25
84946,2011-10-24,41.0,2.46
84946,2011-10-25,36.0,1.25
84946,2011-10-26,26.0,1.25
84946,2011-10-27,48.0,1.25
84946,2011-10-28,24.0,1.25
84946,2011-10-30,41.0,1.25
84946,2011-10-31,190.0,1.25
84946,2011-11-01,192.0,1.25
84946,2011-11-02,211.0,1.25
84946,2011-11-03,152.0,1.25
84946,2011-11-04,60.0,1.25
84946,2011-11-06,36.0,1.25
84946,2011-11-07,258.0,1.25
84946,2011-11-08,112.0,1.25
84946,2011-11-09,194.0,1.25
84946,2011-11-10,125.0,1.25
84946,2011-11-11,155.0,1.25
84946,2011-11-13,199.0,1.25
84946,2011-11-14,314.0,1.25
84946,2011-11-15,47.0,2.46
84946,2011-11-16,184.0,1.25
84946,2011-11-17,37.0,1.25
84946,2011-11-18,137.0,1.25
84946,2011-11-20,96.0,1.25
84946,2011-11-21,170.0,1.25
84946,2011-11-22,41.0,2.46
84946,2011-11-23,149.0,1.25
84946,2011-11-24,137.0,1.25
84946,2011-11-25,20.0,1.25
84946,2011-11-27,24.0,1.25
84946,2011-11-28,88.0,1.25
84946,2011-11-29,85.0,1.25
84946,2011-11-30,94.0,1.25
84946,2011-12-01,77.0,1.25
84946,2011-12-02,105.0,1.25
84946,2011-12-04,40.0,1.25
84946,2011-12-05,165.0,1.25
84946,2011-12-06,171.0,1.25
84946,2011-12-07,42.0,1.25
84946,2011-12-08,50.0,2.46
84946,2011-12-09,42.0,1.25
85099B,2010-12-01,556.0,1.95
85099B,2010-12-02,48.0,1.95
85099B,2010-12-03,9.0,4.21
85099B,2010-12-05,29.0,1.95
85099B,2010-12-06,157.0,1.95
85099B,2010-12-07,343.0,4.21
85099B,2010-12-08,205.0,1.95
85099B,2010-12-09,21.0,4.21
85099B,2010-12-10,115.0,4.21
85099B,2010-12-12,1.0,1.95
85099B,2010-12-13,28.0,1.95
85099B,2010-12-14,63.0,1.95
85099B,2010-12-15,80.0,1.95
85099B,2010-12-16,210.0,1.95
85099B,2010-12-17,25.0,4.21
85099B,2010-12-19,1.0,1.95
85099B,2010-12-20,47.0,1.95
85099B,2010-12-21,112.0,4.21
85099B,2010-12-23,11.0,4.21
85099B,2011-01-04,27.0,1.95
85099B,2011-01-05,436.0,1.65
85099B,2011-01-06,344.0,1.95
85099B,2011-01-07,504.0,1.65
85099B,2011-01-09,43.0,1.95
85099B,2011-01-10,47.0,1.95
85099B,2011-01-11,1.0,4.21
85099B,2011-01-12,4.0,4.21
85099B,2011-01-13,33.0,1.95
85099B,2011-01-14,90.0,4.13
85099B,2011-01-16,10.0,1.95
85099B,2011-01-17,37.0,4.13
85099B,2011-01-18,87.0,4.13
85099B,2011-01-19,22.0,1.95
85099B,2011-01-20,4.0,1.95
85099B,2011-01-21,24.0,4.13
85099B,2011-01-23,100.0,1.65
85099B,2011-01-24,56.0,1.95
85099B,2011-01-25,373.0,1.95
85099B,2011-01-26,1.0,4.13
85099B,2011-01-27,51.0,1.95
85099B,2011-01-28,1.0,4.13
85099B,2011-01-31,52.0,1.95
85099B,2011-02-01,370.0,1.95
85099B,2011-02-02,310.0,1.95
85099B,2011-02-03,126.0,1.95
85099B,2011-02-04,23.0,4.13
85099B,2011-02-06,64.0,1.95
85099B,2011-02-07,30.0,1.95
85099B,2011-02-08,139.0,1.95
85099B,2011-02-09,26.0,4.13
85099B,2011-02-11,43.0,1.95
85099B,2011-02-13,40.0,1.95
85099B,2011-02-14,416.0,1.95
85099B,2011-02-15,52.0,1.95
85099B,2011-02-16,30.0,1.95
85099B,2011-02-17,131.0,4.13
85099B,2011-02-18,314.0,1.95
85099B,2011-02-20,30.0,1.95
85099B,2011-02-21,2.0,4.13
85099B,2011-02-22,224.0,1.95
85099B,2011-02-23,48.0,4.13
85099B,2011-02-24,161.0,1.95
85099B,2011-02-25,159.0,1.95
85099B,2011-02-27,6.0,1.95
85099B,2011-02-28,74.0,1.95
85099B,2011-03-01,278.0,1.95
85099B,2011-03-02,16.0,1.95
85099B,2011-03-03,30.0,1.95
85099B,2011-03-04,151.0,1.95
85099B,2011-03-06,25.0,1.95
85099B,2011-03-07,453.0,1.95
85099B,2011-03-08,87.0,1.95
85099B,2011-03-09,26.0,1.95
85099B,2011-03-10,31.0,1.95
85099B,2011-03-11,101.0,4.13
85099B,2011-03-14,141.0,1.95
85099B,2011-03-15,45.0,4.13
85099B,2011-03-16,10.0,1.95
85099B,2011-03-17,1246.0,4.13
85099B,2011-03-18,33.0,4.13
85099B,2011-03-20,71.0,1.95
85099B,2011-03-21,150.0,1.95
85099B,2011-03-22,35.0,4.13
85099B,2011-03-23,337.0,1.95
85099B,2011-03-24,305.0,1.95
85099B,2011-03-25,521.0,1.95
85099B,2011-03-28,143.0,1.95
85099B,2011-03-29,453.0,4.13
85099B,2011-03-30,331.0,1.95
85099B,2011-03-31,40.0,4.13
85099B,2011-04-01,16.0,2.08
85099B,2011-04-03,10.0,2.08
85099B,2011-04-04,329.0,2.08
85099B,2011-04-05,113.0,2.46
85099B,2011-04-06,118.0,2.08
85099B,2011-04-07,33.0,2.08
85099B,2011-04-08,108.0,2.08
85099B,2011-04-10,24.0,2.08
85099B,2011-04-11,22.0,2.08
85099B,2011-04-12,120.0,1.95
85099B,2011-04-13,40.0,2.08
85099B,2011-04-14,148.0,2.08
85099B,2011-04-15,66.0,4.13
85099B,2011-04-17,210.0,2.08
85099B,2011-04-18,169.0,4.13
85099B,2011-04-19,146.0,2.08
85099B,2011-04-20,80.0,2.08
85099B,2011-04-21,124.0,2.08
85099B,2011-04-26,190.0,4.13
85099B,2011-04-27,57.0,2.08
85099B,2011-04-28,33.0,2.08
85099B,2011-05-01,95.0,2.08
85099B,2011-05-03,51.0,2.08
85099B,2011-05-04,28.0,2.08
85099B,2011-05-05,37.0,2.08
85099B,2011-05-06,94.0,2.08
85099B,2011-05-08,110.0,2.08
85099B,2011-05-09,66.0,2.08
85099B,2011-05-10,396.0,4.13
85099B,2011-05-11,144.0,2.08
85099B,2011-05-12,127.0,2.08
85099B,2011-05-13,340.0,2.08
85099B,2011-05-15,3.0,2.08
85099B,2011-05-16,133.0,2.08
85099B,2011-05-17,161.0,2.08
85099B,2011-05-18,78.0,2.08
85099B,2011-05-19,152.0,2.08
85099B,2011-05-20,273.0,2.08
85099B,2011-05-22,71.0,2.08
85099B,2011-05-23,365.0,2.08
85099B,2011-05-24,251.0,2.08
85099B,2011-05-25,245.0,2.08
85099B,2011-05-26,6.0,2.08
85099B,2011-05-27,44.0,4.13
85099B,2011-05-29,12.0,2.08
85099B,2011-05-31,29.0,2.08
85099B,2011-06-01,21.0,2.08
85099B,2011-06-02,153.0,4.13
85099B,2011-06-03,23.0,2.08
85099B,2011-06-05,35.0,2.08
85099B,2011-06-06,123.0,2.08
85099B,2011-06-07,307.0,2.08
85099B,2011-06-08,135.0,4.13
85099B,2011-06-09,78.0,2.08
85099B,2011-06-10,22.0,4.13
85099B,2011-06-12,108.0,2.08
85099B,2011-06-13,25.0,2.08
85099B,2011-06-14,234.0,2.08
85099B,2011-06-15,213.0,2.08
85099B,2011-06-16,134.0,2.08
85099B,2011-06-17,100.0,1.79
85099B,2011-06-19,123.0,2.08
85099B,2011-06-20,326.0,4.13
85099B,2011-06-21,162.0,2.08
85099B,2011-06-22,120.0,2.08
85099B,2011-06-23,142.0,2.08
85099B,2011-06-24,11.0,4.13
85099B,2011-06-26,30.0,2.08
85099B,2011-06-27,227.0,2.08
85099B,2011-06-28,22.0,4.13
85099B,2011-06-29,60.0,2.08
85099B,2011-06-30,225.0,2.08
85099B,2011-07-01,57.0,2.08
85099B,2011-07-03,4.0,2.08
85099B,2011-07-04,51.0,2.08
85099B,2011-07-05,286.0,2.08
85099B,2011-07-06,200.0,2.08
85099B,2011-07-07,366.0,2.08
85099B,2011-07-08,414.0,4.13
85099B,2011-07-10,7.0,2.08
85099B,2011-07-11,22.0,2.08
85099B,2011-07-12,31.0,4.13
85099B,2011-07-13,76.0,2.08
85099B,2011-07-14,123.0,2.08
85099B,2011-07-15,34.0,2.08
85099B,2011-07-17,125.0,2.08
85099B,2011-07-18,71.0,4.13
85099B,2011-07-19,272.0,2.08
85099B,2011-07-20,259.0,2.08
85099B,2011-07-21,45.0,4.13
85099B,2011-07-22,40.0,2.08
85099B,2011-07-24,25.0,2.08
85099B,2011-07-25,59.0,4.13
85099B,2011-07-26,148.0,2.08
85099B,2011-07-27,162.0,2.08
85099B,2011-07-28,48.0,2.08
85099B,2011-07-29,111.0,2.08
85099B,2011-07-31,12.0,2.08
85099B,2011-08-01,348.0,2.08
85099B,2011-08-02,44.0,2.08
85099B,2011-08-03,38.0,2.08
85099B,2011-08-04,443.0,2.08
85099B,2011-08-05,130.0,2.08
85099B,2011-08-07,23.0,2.08
85099B,2011-08-08,338.0,2.08
85099B,2011-08-09,63.0,2.08
85099B,2011-08-10,547.0,2.08
85099B,2011-08-11,127.0,2.08
85099B,2011-08-12,26.0,2.08
85099B,2011-08-14,22.0,2.08
85099B,2011-08-15,42.0,2.08
85099B,2011-08-16,45.0,2.08
85099B,2011-08-17,271.0,2.08
85099B,2011-08-18,290.0,2.08
85099B,2011-08-19,80.0,2.08
85099B,2011-08-21,248.0,2.08
85099B,2011-08-22,120.0,2.08
85099B,2011-08-23,131.0,2.08
85099B,2011-08-24,1068.0,1.79
85099B,2011-08-25,88.0,2.08
85099B,2011-08-26,40.0,2.08
85099B,2011-08-28,11.0,2.08
85099B,2011-08-30,38.0,4.13
85099B,2011-08-31,127.0,4.13
85099B,2011-09-01,301.0,2.08
85099B,2011-09-02,153.0,2.08
85099B,2011-09-04,58.0,2.08
85099B,2011-09-05,44.0,2.08
85099B,2011-09-06,84.0,2.08
85099B,2011-09-07,255.0,2.08
85099B,2011-09-08,47.0,2.08
85099B,2011-09-09,53.0,2.08
85099B,2011-09-11,53.0,2.08
85099B,2011-09-12,83.0,2.08
85099B,2011-09-13,144.0,2.08
85099B,2011-09-14,3.0,4.13
85099B,2011-09-15,167.0,2.08
85099B,2011-09-16,119.0,2.08
85099B,2011-09-18,227.0,2.08
85099B,2011-09-19,283.0,2.08
85099B,2011-09-20,150.0,2.08
85099B,2011-09-21,419.0,4.13
85099B,2011-09-22,248.0,2.08
85099B,2011-09-23,226.0,4.13
85099B,2011-09-25,61.0,2.08
85099B,2011-09-26,220.0,2.08
85099B,2011-09-27,164.0,2.08
85099B,2011-09-28,71.0,2.08
85099B,2011-09-29,362.0,2.08
85099B,2011-09-30,66.0,2.08
85099B,2011-10-02,6.0,2.08
85099B,2011-10-03,40.0,4.13
85099B,2011-10-04,67.0,2.08
85099B,2011-10-05,351.0,2.08
85099B,2011-10-06,1533.0,2.08
85099B,2011-10-07,623.0,1.79
85099B,2011-10-09,22.0,2.08
85099B,2011-10-10,62.0,2.08
85099B,2011-10-11,348.0,2.08
85099B,2011-10-12,48.0,2.08
85099B,2011-10-13,234.0,2.08
85099B,2011-10-14,137.0,2.08
85099B,2011-10-16,18.0,2.08
85099B,2011-10-17,409.0,2.08
85099B,2011-10-18,102.0,2.08
85099B,2011-10-19,54.0,2.08
85099B,2011-10-20,131.0,2.08
85099B,2011-10-21,22.0,2.08
85099B,2011-10-23,7.0,2.08
85099B,2011-10-24,287.0,2.08
85099B,2011-10-25,161.0,2.08
85099B,2011-10-26,48.0,2.08
85099B,2011-10-27,41.0,2.08
85099B,2011-10-28,12.0,2.08
85099B,2011-10-30,41.0,2.08
85099B,2011-10-31,95.0,4.13
85099B,2011-11-01,84.0,2.08
85099B,2011-11-02,24.0,2.08
85099B,2011-11-03,452.0,2.08
85099B,2011-11-04,58.0,2.08
85099B,2011-11-06,110.0,2.08
85099B,2011-11-07,146.0,2.08
85099B,2011-11-08,149.0,2.08
85099B,2011-11-09,725.0,2.08
85099B,2011-11-10,1064.0,2.08
85099B,2011-11-11,28.0,2.08
85099B,2011-11-13,48.0,2.08
85099B,2011-11-14,640.0,2.08
85099B,2011-11-15,380.0,2.08
85099B,2011-11-16,296.0,2.08
85099B,2011-11-17,97.0,2.08
85099B,2011-11-18,62.0,2.08
85099B,2011-11-20,87.0,2.08
85099B,2011-11-21,147.0,2.08
85099B,2011-11-22,122.0,2.08
85099B,2011-11-23,146.0,2.08
85099B,2011-11-24,229.0,2.08
85099B,2011-11-25,55.0,2.08
85099B,2011-11-27,28.0,2.08
85099B,2011-11-28,42.0,2.08
85099B,2011-11-29,164.0,2.08
85099B,2011-11-30,189.0,2.08
85099B,2011-12-01,129.0,2.08
85099B,2011-12-02,483.0,2.08
85099B,2011-12-04,2.0,2.08
85099B,2011-12-05,66.0,2.08
85099B,2011-12-06,135.0,2.08
85099B,2011-12-07,89.0,2.08
85099B,2011-12-08,106.0,2.08
85099B,2011-12-09,15.0,4.13
85099C,2010-12-01,141.0,1.95
85099C,2010-12-03,53.0,1.95
85099C,2010-12-05,20.0,1.95
85099C,2010-12-06,18.0,1.95
85099C,2010-12-07,66.0,1.95
85099C,2010-12-08,223.0,1.95
85099C,2010-12-09,2.0,1.95
85099C,2010-12-10,132.0,1.95
85099C,2010-12-12,8.0,1.95
85099C,2010-12-14,51.0,1.95
85099C,2010-12-15,22.0,1.95
85099C,2010-12-16,43.0,1.95
85099C,2010-12-17,11.0,4.21
85099C,2010-12-20,2.0,4.21
85099C,2010-12-21,105.0,4.21
85099C,2010-12-23,10.0,1.95
85099C,2011-01-04,20.0,1.95
85099C,2011-01-05,117.0,1.95
85099C,2011-01-06,165.0,1.95
85099C,2011-01-07,200.0,1.65
85099C,2011-01-09,5.0,1.95
85099C,2011-01-10,3.0,4.21
85099C,2011-01-11,5.0,4.21
85099C,2011-01-12,12.0,4.21
85099C,2011-01-13,15.0,1.95
85099C,2011-01-14,20.0,1.95
85099C,2011-01-16,21.0,1.95
85099C,2011-01-17,20.0,1.95
85099C,2011-01-19,12.0,1.95
85099C,2011-01-20,1.0,4.13
85099C,2011-01-21,14.0,4.13
85099C,2011-01-23,11.0,1.95
85099C,2011-01-24,125.0,4.13
85099C,2011-01-25,43.0,1.95
85099C,2011-01-26,11.0,4.13
85099C,2011-01-27,31.0,1.95
85099C,2011-01-28,1.0,4.13
85099C,2011-01-31,18.0,4.13
85099C,2011-02-01,35.0,1.95
85099C,2011-02-02,5.0,4.13
85099C,2011-02-03,23.0,1.95
85099C,2011-02-04,115.0,4.13
85099C,2011-02-06,30.0,1.95
85099C,2011-02-07,10.0,1.95
85099C,2011-02-08,19.0,4.13
85099C,2011-02-09,26.0,4.13
85099C,2011-02-10,11.0,4.13
85099C,2011-02-11,3.0,1.95
85099C,2011-02-14,206.0,1.95
85099C,2011-02-15,216.0,1.95
85099C,2011-02-17,18.0,4.13
85099C,2011-02-18,8.0,1.95
85099C,2011-02-21,3.0,1.95
85099C,2011-02-22,3.0,1.95
85099C,2011-02-23,13.0,4.13
85099C,2011-02-24,31.0,1.95
85099C,2011-02-25,31.0,4.13
85099C,2011-02-27,3.0,1.95
85099C,2011-02-28,20.0,1.95
85099C,2011-03-01,5.0,4.13
85099C,2011-03-02,16.0,1.95
85099C,2011-03-03,25.0,1.95
85099C,2011-03-04,12.0,1.95
85099C,2011-03-06,20.0,1.95
85099C,2011-03-07,230.0,4.13
85099C,2011-03-08,20.0,1.95
85099C,2011-03-09,10.0,1.95
85099C,2011-03-10,1.0,1.95
85099C,2011-03-11,2.0,4.13
85099C,2011-03-13,2.0,1.95
85099C,2011-03-14,11.0,1.95
85099C,2011-03-15,21.0,4.13
85099C,2011-03-16,10.0,1.95
85099C,2011-03-17,541.0,1.95
85099C,2011-03-18,44.0,4.13
85099C,2011-03-20,70.0,1.95
85099C,2011-03-21,30.0,1.95
85099C,2011-03-22,28.0,4.13
85099C,2011-03-23,347.0,1.95
85099C,2011-03-24,27.0,1.95
85099C,2011-03-25,5.0,1.95
85099C,2011-03-28,133.0,1.95
85099C,2011-03-29,95.0,1.95
85099C,2011-03-30,103.0,2.08
85099C,2011-03-31,19.0,2.08
85099C,2011-04-01,4.0,2.08
85099C,2011-04-03,3.0,2.08
85099C,2011-04-04,26.0,2.08
85099C,2011-04-06,11.0,2.08
85099C,2011-04-07,4.0,2.08
85099C,2011-04-08,25.0,2.08
85099C,2011-04-10,12.0,2.08
85099C,2011-04-11,20.0,2.08
85099C,2011-04-12,10.0,2.08
85099C,2011-04-14,128.0,2.08
85099C,2011-04-15,19.0,4.13
85099C,2011-04-17,1.0,2.08
85099C,2011-04-18,105.0,4.13
85099C,2011-04-19,5.0,4.13
85099C,2011-04-20,35.0,2.08
85099C,2011-04-21,2.0,4.13
85099C,2011-04-26,55.0,4.13
85099C,2011-04-27,201.0,4.13
85099C,2011-04-28,22.0,2.08
85099C,2011-05-03,6.0,2.08
85099C,2011-05-04,20.0,2.08
85099C,2011-05-05,129.0,2.08
85099C,2011-05-06,52.0,2.08
85099C,2011-05-08,41.0,2.08
85099C,2011-05-09,31.0,2.08
85099C,2011-05-10,57.0,4.13
85099C,2011-05-11,25.0,2.08
85099C,2011-05-13,133.0,2.08
85099C,2011-05-16,26.0,2.08
85099C,2011-05-17,16.0,4.13
85099C,2011-05-18,140.0,2.08
85099C,2011-05-19,33.0,2.08
85099C,2011-05-20,15.0,2.08
85099C,2011-05-22,72.0,2.08
85099C,2011-05-23,11.0,2.08
85099C,2011-05-24,35.0,2.08
85099C,2011-05-25,127.0,2.08
85099C,2011-05-26,100.0,1.79
85099C,2011-05-27,112.0,2.08
85099C,2011-05-29,2.0,2.08
85099C,2011-05-31,12.0,2.08
85099C,2011-06-01,4.0,4.13
85099C,2011-06-02,157.0,1.79
85099C,2011-06-03,4.0,2.08
85099C,2011-06-05,23.0,2.08
85099C,2011-06-06,34.0,2.08
85099C,2011-06-07,34.0,2.08
85099C,2011-06-08,28.0,2.08
85099C,2011-06-09,31.0,2.08
85099C,2011-06-10,10.0,2.08
85099C,2011-06-12,4.0,2.08
85099C,2011-06-13,10.0,2.08
85099C,2011-06-14,11.0,4.13
85099C,2011-06-15,25.0,2.08
85099C,2011-06-16,219.0,2.08
85099C,2011-06-20,4.0,4.13
85099C,2011-06-21,30.0,2.08
85099C,2011-06-22,18.0,2.08
85099C,2011-06-23,8.0,2.08
85099C,2011-06-24,3.0,4.13
85099C,2011-06-26,20.0,2.08
85099C,2011-06-27,2.0,2.08
85099C,2011-06-28,20.0,2.08
85099C,2011-06-29,114.0,2.08
85099C,2011-06-30,5.0,2.08
85099C,2011-07-01,20.0,2.08
85099C,2011-07-03,20.0,2.08
85099C,2011-07-04,23.0,4.13
85099C,2011-07-05,114.0,2.08
85099C,2011-07-06,2.0,2.08
85099C,2011-07-07,31.0,2.08
85099C,2011-07-08,150.0,2.08
85099C,2011-07-10,4.0,2.08
85099C,2011-07-11,11.0,4.13
85099C,2011-07-12,16.0,4.13
85099C,2011-07-13,38.0,2.08
85099C,2011-07-14,21.0,2.08
85099C,2011-07-15,2.0,4.13
85099C,2011-07-17,5.0,2.08
85099C,2011-07-18,14.0,4.13
85099C,2011-07-19,100.0,1.79
85099C,2011-07-20,23.0,2.08
85099C,2011-07-21,31.0,4.13
85099C,2011-07-22,22.0,2.08
85099C,2011-07-24,20.0,2.08
85099C,2011-07-25,11.0,2.08
85099C,2011-07-26,108.0,2.08
85099C,2011-07-27,4.0,4.13
85099C,2011-07-28,20.0,2.08
85099C,2011-07-29,21.0,2.08
85099C,2011-08-01,5.0,2.08
85099C,2011-08-02,20.0,2.08
85099C,2011-08-03,14.0,2.08
85099C,2011-08-04,222.0,2.08
85099C,2011-08-05,3.0,2.08
85099C,2011-08-08,26.0,2.08
85099C,2011-08-09,30.0,2.08
85099C,2011-08-10,105.0,2.08
85099C,2011-08-11,67.0,4.13
85099C,2011-08-12,21.0,2.08
85099C,2011-08-14,3.0,2.08
85099C,2011-08-15,10.0,2.08
85099C,2011-08-17,50.0,2.08
85099C,2011-08-18,30.0,2.08
85099C,2011-08-19,20.0,2.08
85099C,2011-08-21,3.0,2.08
85099C,2011-08-22,32.0,2.08
85099C,2011-08-23,22.0,2.08
85099C,2011-08-24,37.0,2.08
85099C,2011-08-25,13.0,2.08
85099C,2011-08-26,28.0,2.08
85099C,2011-08-30,50.0,4.13
85099C,2011-08-31,18.0,4.13
85099C,2011-09-01,148.0,2.08
85099C,2011-09-02,24.0,4.13
85099C,2011-09-04,24.0,2.08
85099C,2011-09-05,100.0,1.79
85099C,2011-09-06,122.0,2.08
85099C,2011-09-07,149.0,4.13
85099C,2011-09-08,15.0,2.08
85099C,2011-09-09,41.0,2.08
85099C,2011-09-11,12.0,2.08
85099C,2011-09-12,14.0,4.13
85099C,2011-09-13,41.0,4.13
85099C,2011-09-14,2.0,2.08
85099C,2011-09-15,27.0,2.08
85099C,2011-09-16,23.0,2.08
85099C,2011-09-18,2.0,2.08
85099C,2011-09-19,130.0,2.08
85099C,2011-09-20,33.0,2.08
85099C,2011-09-21,222.0,4.13
85099C,2011-09-22,46.0,2.08
85099C,2011-09-23,9.0,2.08
85099C,2011-09-26,50.0,2.08
85099C,2011-09-27,32.0,2.08
85099C,2011-09-28,31.0,2.08
85099C,2011-09-29,250.0,2.08
85099C,2011-09-30,34.0,2.08
85099C,2011-10-02,1.0,2.08
85099C,2011-10-03,1.0,4.13
85099C,2011-10-04,7.0,4.13
85099C,2011-10-05,120.0,2.08
85099C,2011-10-06,130.0,1.79
85099C,2011-10-07,17.0,2.08
85099C,2011-10-09,1.0,2.08
85099C,2011-10-10,16.0,2.08
85099C,2011-10-11,23.0,2.08
85099C,2011-10-12,116.0,2.08
85099C,2011-10-13,17.0,4.13
85099C,2011-10-14,26.0,2.08
85099C,2011-10-16,12.0,2.08
85099C,2011-10-17,139.0,2.08
85099C,2011-10-18,14.0,2.08
85099C,2011-10-19,34.0,2.08
85099C,2011-10-20,10.0,2.08
85099C,2011-10-21,1.0,2.08
85099C,2011-10-23,2.0,2.08
85099C,2011-10-24,16.0,4.13
85099C,2011-10-25,112.0,2.08
85099C,2011-10-26,25.0,2.08
85099C,2011-10-27,3.0,2.08
85099C,2011-10-28,210.0,2.08
85099C,2011-10-30,25.0,2.08
85099C,2011-10-31,19.0,4.13
85099C,2011-11-01,9.0,2.08
85099C,2011-11-02,21.0,2.08
85099C,2011-11-03,1.0,2.08
85099C,2011-11-04,5.0,2.08
85099C,2011-11-06,35.0,2.08
85099C,2011-11-07,32.0,2.08
85099C,2011-11-08,52.0,2.08
85099C,2011-11-09,146.0,2.08
85099C,2011-11-10,2.0,2.08
85099C,2011-11-11,108.0,2.08
85099C,2011-11-13,13.0,2.08
85099C,2011-11-14,201.0,1.79
85099C,2011-11-15,37.0,2.08
85099C,2011-11-16,223.0,2.08
85099C,2011-11-17,42.0,2.08
85099C,2011-11-18,11.0,2.08
85099C,2011-11-20,106.0,2.08
85099C,2011-11-21,4.0,2.08
85099C,2011-11-22,14.0,4.13
85099C,2011-11-23,8.0,4.13
85099C,2011-11-24,54.0,2.08
85099C,2011-11-25,118.0,2.08
85099C,2011-11-27,5.0,2.08
85099C,2011-11-28,5.0,4.13
85099C,2011-11-29,165.0,2.08
85099C,2011-11-30,128.0,2.08
85099C,2011-12-01,76.0,2.08
85099C,2011-12-02,10.0,2.08
85099C,2011-12-05,19.0,4.13
85099C,2011-12-06,44.0,2.08
85099C,2011-12-07,34.0,2.08
85099C,2011-12-08,51.0,4.13
85099C,2011-12-09,21.0,4.13
85123A,2010-12-01,454.0,2.55
85123A,2010-12-02,309.0,2.55
85123A,2010-12-03,25.0,2.95
85123A,2010-12-05,198.0,2.95
85123A,2010-12-06,161.0,2.95
85123A,2010-12-07,331.0,2.95
85123A,2010-12-08,151.0,2.95
85123A,2010-12-09,194.0,2.95
85123A,2010-12-10,165.0,2.95
85123A,2010-12-12,42.0,2.95
85123A,2010-12-13,337.0,2.95
85123A,2010-12-14,121.0,2.95
85123A,2010-12-15,112.0,2.95
85123A,2010-12-16,766.0,2.95
85123A,2010-12-17,52.0,5.91
85123A,2010-12-19,42.0,2.95
85123A,2010-12-20,85.0,2.95
85123A,2010-12-21,17.0,5.91
85123A,2010-12-22,24.0,2.95
85123A,2010-12-23,47.0,2.95
85123A,2011-01-04,67.0,2.95
85123A,2011-01-05,304.0,2.95
85123A,2011-01-06,171.0,2.95
85123A,2011-01-07,328.0,2.95
85123A,2011-01-09,97.0,2.95
85123A,2011-01-10,12.0,2.95
85123A,2011-01-11,3114.0,2.95
85123A,2011-01-12,83.0,2.95
85123A,2011-01-13,8.0,5.79
85123A,2011-01-14,89.0,2.95
85123A,2011-01-16,23.0,2.95
85123A,2011-01-17,220.0,2.95
85123A,2011-01-18,18.0,2.95
85123A,2011-01-19,15.0,2.95
85123A,2011-01-20,36.0,2.95
85123A,2011-01-21,63.0,2.95
85123A,2011-01-23,47.0,2.95
85123A,2011-01-24,5.0,5.79
85123A,2011-01-25,74.0,2.95
85123A,2011-01-26,183.0,2.95
85123A,2011-01-27,64.0,2.95
85123A,2011-01-28,68.0,2.95
85123A,2011-01-30,123.0,2.95
85123A,2011-01-31,29.0,2.95
85123A,2011-02-01,189.0,2.95
85123A,2011-02-02,222.0,2.95
85123A,2011-02-03,31.0,2.95
85123A,2011-02-04,42.0,2.95
85123A,2011-02-06,35.0,2.95
85123A,2011-02-07,61.0,2.95
85123A,2011-02-08,153.0,2.95
85123A,2011-02-09,8.0,2.95
85123A,2011-02-10,66.0,2.95
85123A,2011-02-11,209.0,2.95
85123A,2011-02-13,6.0,2.95
85123A,2011-02-14,66.0,5.79
85123A,2011-02-15,12.0,2.95
85123A,2011-02-16,171.0,2.95
85123A,2011-02-17,44.0,2.95
85123A,2011-02-18,6.0,2.95
85123A,2011-02-20,28.0,2.95
85123A,2011-02-21,17.0,2.95
85123A,2011-02-22,96.0,2.95
85123A,2011-02-23,84.0,2.95
85123A,2011-02-24,63.0,2.95
85123A,2011-02-25,40.0,2.95
85123A,2011-02-27,27.0,2.95
85123A,2011-02-28,37.0,2.95
85123A,2011-03-01,80.0,2.95
85123A,2011-03-02,33.0,2.95
85123A,2011-03-03,96.0,2.95
85123A,2011-03-04,21.0,2.95
85123A,2011-03-06,101.0,2.95
85123A,2011-03-07,26.0,2.95
85123A,2011-03-08,145.0,2.95
85123A,2011-03-09,86.0,2.95
85123A,2011-03-10,45.0,2.95
85123A,2011-03-11,125.0,2.95
85123A,2011-03-13,3.0,2.95
85123A,2011-03-14,19.0,2.95
85123A,2011-03-15,96.0,2.95
85123A,2011-03-16,141.0,2.95
85123A,2011-03-17,87.0,2.95
85123A,2011-03-18,56.0,2.95
85123A,2011-03-20,47.0,2.95
85123A,2011-03-21,38.0,2.95
85123A,2011-03-22,72.0,2.95
85123A,2011-03-23,83.0,2.95
85123A,2011-03-24,52.0,2.95
85123A,2011-03-25,31.0,2.95
85123A,2011-03-27,77.0,2.95
85123A,2011-03-28,44.0,2.95
85123A,2011-03-29,185.0,2.95
85123A,2011-03-30,68.0,2.95
85123A,2011-03-31,63.0,2.95
85123A,2011-04-01,133.0,2.95
85123A,2011-04-03,77.0,2.95
85123A,2011-04-04,66.0,2.95
85123A,2011-04-05,51.0,2.95
85123A,2011-04-06,65.0,2.95
85123A,2011-04-07,50.0,2.95
85123A,2011-04-08,68.0,2.95
85123A,2011-04-10,74.0,2.95
85123A,2011-04-11,39.0,2.95
85123A,2011-04-12,198.0,2.95
85123A,2011-04-13,73.0,2.95
85123A,2011-04-14,127.0,2.95
85123A,2011-04-15,8.0,2.95
85123A,2011-04-17,23.0,2.95
85123A,2011-04-18,2102.0,2.95
85123A,2011-04-19,110.0,2.95
85123A,2011-04-20,73.0,2.95
85123A,2011-04-21,137.0,2.95
85123A,2011-04-26,170.0,2.95
85123A,2011-04-27,73.0,2.95
85123A,2011-04-28,111.0,2.95
85123A,2011-05-01,12.0,2.95
85123A,2011-05-03,311.0,2.95
85123A,2011-05-04,85.0,2.95
85123A,2011-05-05,421.0,2.95
85123A,2011-05-06,179.0,2.95
85123A,2011-05-08,136.0,2.95
85123A,2011-05-09,216.0,2.95
85123A,2011-05-10,130.0,2.95
85123A,2011-05-11,120.0,2.95
85123A,2011-05-12,227.0,2.95
85123A,2011-05-13,25.0,2.95
85123A,2011-05-15,119.0,2.95
85123A,2011-05-16,201.0,2.95
85123A,2011-05-17,124.0,2.95
85123A,2011-05-18,73.0,2.95
85123A,2011-05-19,108.0,2.95
85123A,2011-05-20,92.0,2.95
85123A,2011-05-22,153.0,2.95
85123A,2011-05-23,113.0,2.95
85123A,2011-05-24,144.0,2.95
85123A,2011-05-25,68.0,2.95
85123A,2011-05-26,647.0,2.95
85123A,2011-05-27,22.0,2.95
85123A,2011-05-29,26.0,2.95
85123A,2011-05-31,168.0,2.95
85123A,2011-06-01,29.0,2.95
85123A,2011-06-02,353.0,2.95
85123A,2011-06-03,29.0,2.95
85123A,2011-06-05,49.0,2.95
85123A,2011-06-06,108.0,2.95
85123A,2011-06-07,56.0,2.95
85123A,2011-06-08,71.0,2.95
85123A,2011-06-09,15.0,2.95
85123A,2011-06-10,68.0,2.95
85123A,2011-06-12,33.0,2.95
85123A,2011-06-13,17.0,2.95
85123A,2011-06-14,50.0,2.95
85123A,2011-06-15,118.0,2.95
85123A,2011-06-16,42.0,2.95
85123A,2011-06-17,15.0,2.95
85123A,2011-06-19,147.0,2.95
85123A,2011-06-20,29.0,5.79
85123A,2011-06-21,7.0,2.95
85123A,2011-06-22,18.0,2.95
85123A,2011-06-23,106.0,2.95
85123A,2011-06-24,32.0,2.95
85123A,2011-06-26,32.0,2.55
85123A,2011-06-27,66.0,2.95
85123A,2011-06-28,12.0,2.95
85123A,2011-06-29,71.0,2.95
85123A,2011-06-30,46.0,2.95
85123A,2011-07-01,39.0,2.95
85123A,2011-07-03,18.0,2.95
85123A,2011-07-04,8.0,2.95
85123A,2011-07-05,134.0,2.55
85123A,2011-07-06,5.0,5.79
85123A,2011-07-07,59.0,2.95
85123A,2011-07-08,32.0,2.95
85123A,2011-07-10,20.0,2.95
85123A,2011-07-11,79.0,2.95
85123A,2011-07-12,786.0,2.95
85123A,2011-07-13,58.0,2.95
85123A,2011-07-14,200.0,2.95
85123A,2011-07-15,23.0,2.95
85123A,2011-07-17,23.0,2.95
85123A,2011-07-18,82.0,2.95
85123A,2011-07-19,157.0,2.95
85123A,2011-07-20,104.0,2.95
85123A,2011-07-21,52.0,2.95
85123A,2011-07-22,132.0,2.95
85123A,2011-07-24,160.0,2.95
85123A,2011-07-25,31.0,2.95
85123A,2011-07-26,8.0,5.79
85123A,2011-07-27,58.0,2.95
85123A,2011-07-28,490.0,3.24
85123A,2011-07-29,62.0,2.95
85123A,2011-07-31,107.0,2.95
85123A,2011-08-01,49.0,2.95
85123A,2011-08-02,32.0,2.55
85123A,2011-08-03,91.0,2.95
85123A,2011-08-04,130.0,2.95
85123A,2011-08-05,32.0,2.95
85123A,2011-08-07,89.0,2.95
85123A,2011-08-08,73.0,2.95
85123A,2011-08-09,121.0,2.95
85123A,2011-08-10,68.0,2.95
85123A,2011-08-11,60.0,2.95
85123A,2011-08-12,16.0,2.95
85123A,2011-08-14,52.0,2.95
85123A,2011-08-15,104.0,2.95
85123A,2011-08-16,87.0,2.95
85123A,2011-08-17,37.0,2.95
85123A,2011-08-18,15.0,2.95
85123A,2011-08-19,6.0,2.95
85123A,2011-08-21,15.0,2.95
85123A,2011-08-22,420.0,2.55
85123A,2011-08-23,122.0,2.95
85123A,2011-08-24,58.0,2.95
85123A,2011-08-25,94.0,2.95
85123A,2011-08-26,24.0,2.95
85123A,2011-08-28,42.0,2.95
85123A,2011-08-30,63.0,2.95
85123A,2011-08-31,35.0,2.95
85123A,2011-09-01,112.0,2.95
85123A,2011-09-02,166.0,2.95
85123A,2011-09-04,16.0,2.95
85123A,2011-09-05,95.0,2.95
85123A,2011-09-06,160.0,2.95
85123A,2011-09-07,4.0,5.79
85123A,2011-09-08,21.0,2.95
85123A,2011-09-09,29.0,2.95
85123A,2011-09-11,89.0,2.95
85123A,2011-09-12,117.0,2.95
85123A,2011-09-13,131.0,2.95
85123A,2011-09-14,79.0,2.95
85123A,2011-09-15,144.0,2.95
85123A,2011-09-16,100.0,2.95
85123A,2011-09-18,81.0,2.95
85123A,2011-09-19,42.0,2.95
85123A,2011-09-20,392.0,2.95
85123A,2011-09-21,11.0,5.79
85123A,2011-09-22,26.0,2.95
85123A,2011-09-23,115.0,2.95
85123A,2011-09-25,69.0,2.95
85123A,2011-09-26,48.0,2.95
85123A,2011-09-27,17.0,2.95
85123A,2011-09-28,125.0,2.95
85123A,2011-09-29,80.0,2.95
85123A,2011-09-30,111.0,2.95
85123A,2011-10-02,21.0,2.95
85123A,2011-10-03,23.0,2.95
85123A,2011-10-04,18.0,2.95
85123A,2011-10-05,49.0,2.95
85123A,2011-10-06,13.0,5.79
85123A,2011-10-07,28.0,2.95
85123A,2011-10-09,26.0,2.95
85123A,2011-10-10,123.0,2.95
85123A,2011-10-11,40.0,2.95
85123A,2011-10-12,19.0,2.95
85123A,2011-10-13,243.0,2.95
85123A,2011-10-14,115.0,2.95
85123A,2011-10-16,55.0,2.95
85123A,2011-10-17,31.0,2.95
85123A,2011-10-18,15.0,2.95
85123A,2011-10-19,9.0,2.95
85123A,2011-10-20,18.0,2.95
85123A,2011-10-21,13.0,2.95
85123A,2011-10-23,63.0,2.95
85123A,2011-10-24,16.0,5.79
85123A,2011-10-25,16.0,2.95
85123A,2011-10-26,17.0,2.95
85123A,2011-10-27,117.0,2.95
85123A,2011-10-28,84.0,2.95
85123A,2011-10-30,116.0,2.95
85123A,2011-10-31,149.0,2.95
85123A,2011-11-01,39.0,2.95
85123A,2011-11-02,80.0,2.95
85123A,2011-11-03,1265.0,2.95
85123A,2011-11-04,81.0,2.95
85123A,2011-11-06,74.0,2.95
85123A,2011-11-07,31.0,2.95
85123A,2011-11-08,97.0,2.95
85123A,2011-11-09,113.0,2.95
85123A,2011-11-10,71.0,2.95
85123A,2011-11-11,128.0,2.95
85123A,2011-11-13,65.0,2.95
85123A,2011-11-14,374.0,2.95
85123A,2011-11-15,349.0,2.95
85123A,2011-11-16,157.0,2.95
85123A,2011-11-17,90.0,2.95
85123A,2011-11-18,103.0,2.95
85123A,2011-11-20,95.0,2.95
85123A,2011-11-21,36.0,2.95
85123A,2011-11-22,87.0,2.95
85123A,2011-11-23,88.0,2.95
85123A,2011-11-24,111.0,2.95
85123A,2011-11-25,222.0,2.95
85123A,2011-11-27,8.0,2.95
85123A,2011-11-28,133.0,2.95
85123A,2011-11-29,116.0,2.95
85123A,2011-11-30,235.0,2.95
85123A,2011-12-01,41.0,2.95
85123A,2011-12-02,117.0,2.95
85123A,2011-12-04,8.0,2.95
85123A,2011-12-05,234.0,2.95
85123A,2011-12-06,21.0,2.95
85123A,2011-12-07,175.0,2.95
85123A,2011-12-08,108.0,2.95
85123A,2011-12-09,4.0,5.79
